<?xml version="1.0"?>
<gpx version="1.1" creator="Generated by Swisstopo App. See https://www.swisstopo.ch/app for more information." xmlns="http://www.topografix.com/GPX/1/1" xmlns:xsi="http://www.w3.org/2001/XMLSchema-instance" xmlns:swisstopo="https://prod-static.swisstopo-app.ch/xmlschemas/SwisstopoExtensions" xsi:schemaLocation="http://www.topografix.com/GPX/1/1 http://www.topografix.com/GPX/1/1/gpx.xsd https://swisstopo-app.ch/xmlschemas/SwisstopoExtensions https://prod-static.swisstopo-app.ch/xmlschemas/SwisstopoExtensions.xsd">
	<metadata>
		<name>Haute Cime depuis Van-d’En-Haut</name>
		<desc />
		<time>2026-07-29T21:25:06Z</time>
		<extensions>
			<swisstopo:tour_type>0</swisstopo:tour_type>
		</extensions>
	</metadata>
	<wpt lat="46.1399956156" lon="6.9991681323">
		<ele>1385.1</ele>
		<extensions>
			<swisstopo:waypoint_id>0</swisstopo:waypoint_id>
			<swisstopo:waypoint_is_controlpoint>1</swisstopo:waypoint_is_controlpoint>
			<swisstopo:waypoint_routepoint_id>376240005</swisstopo:waypoint_routepoint_id>
			<swisstopo:waypoint_meters_into_tour>0.000000</swisstopo:waypoint_meters_into_tour>
		</extensions>
		<name>Point de départ</name>
	</wpt>
	<wpt lat="46.1491596009" lon="6.9207270816">
		<ele>2509.5</ele>
		<extensions>
			<swisstopo:waypoint_id>1481433979</swisstopo:waypoint_id>
			<swisstopo:waypoint_is_controlpoint>1</swisstopo:waypoint_is_controlpoint>
			<swisstopo:waypoint_routepoint_id>1624171395</swisstopo:waypoint_routepoint_id>
			<swisstopo:waypoint_meters_into_tour>9202.552566</swisstopo:waypoint_meters_into_tour>
		</extensions>
		<name>Point de repère</name>
	</wpt>
	<wpt lat="46.1609261011" lon="6.9232067849">
		<ele>3243.6</ele>
		<extensions>
			<swisstopo:waypoint_id>308112832</swisstopo:waypoint_id>
			<swisstopo:waypoint_is_controlpoint>1</swisstopo:waypoint_is_controlpoint>
			<swisstopo:waypoint_routepoint_id>1047953025</swisstopo:waypoint_routepoint_id>
			<swisstopo:waypoint_meters_into_tour>11244.245889</swisstopo:waypoint_meters_into_tour>
		</extensions>
		<name>Point de repère</name>
	</wpt>
	<wpt lat="46.1396202267" lon="6.8979243296">
		<ele>2095.8</ele>
		<extensions>
			<swisstopo:waypoint_id>721398942</swisstopo:waypoint_id>
			<swisstopo:waypoint_is_controlpoint>1</swisstopo:waypoint_is_controlpoint>
			<swisstopo:waypoint_routepoint_id>1023799017</swisstopo:waypoint_routepoint_id>
			<swisstopo:waypoint_meters_into_tour>15688.990670</swisstopo:waypoint_meters_into_tour>
		</extensions>
		<name>Point de repère</name>
	</wpt>
	<wpt lat="46.1749501802" lon="6.8713274835">
		<ele>1035.5</ele>
		<extensions>
			<swisstopo:waypoint_id>1872465691</swisstopo:waypoint_id>
			<swisstopo:waypoint_is_controlpoint>1</swisstopo:waypoint_is_controlpoint>
			<swisstopo:waypoint_routepoint_id>1604600916</swisstopo:waypoint_routepoint_id>
			<swisstopo:waypoint_meters_into_tour>24859.531309</swisstopo:waypoint_meters_into_tour>
			<swisstopo:waypoint_stage_before distance="24859.531309" duration="38759.062091" ascent="1962.900330" descent="2312.500305" />
		</extensions>
		<name>Destination</name>
	</wpt>
	<trk>
		<name>Haute Cime depuis Van-d’En-Haut</name>
		<trkseg>
			<trkpt lat="46.1399956156" lon="6.9991681323">
				<ele>1385.1</ele>
				<extensions>
					<swisstopo:routepoint_id>376240005</swisstopo:routepoint_id>
				</extensions>
			</trkpt>
			<trkpt lat="46.1399931618" lon="6.9991588801">
				<ele>1385.1</ele>
				<extensions>
					<swisstopo:routepoint_id>1536494740</swisstopo:routepoint_id>
				</extensions>
			</trkpt>
			<trkpt lat="46.1399781391" lon="6.9991217822">
				<ele>1385.1</ele>
				<extensions>
					<swisstopo:routepoint_id>857321609</swisstopo:routepoint_id>
				</extensions>
			</trkpt>
			<trkpt lat="46.1399540381" lon="6.9990773291">
				<ele>1385.1</ele>
				<extensions>
					<swisstopo:routepoint_id>670349053</swisstopo:routepoint_id>
				</extensions>
			</trkpt>
			<trkpt lat="46.1398824862" lon="6.9989681246">
				<ele>1386.2</ele>
				<extensions>
					<swisstopo:routepoint_id>1976307486</swisstopo:routepoint_id>
				</extensions>
			</trkpt>
			<trkpt lat="46.1398395667" lon="6.9989052006">
				<ele>1386.4</ele>
				<extensions>
					<swisstopo:routepoint_id>728296877</swisstopo:routepoint_id>
				</extensions>
			</trkpt>
			<trkpt lat="46.1397913793" lon="6.9988200088">
				<ele>1386.4</ele>
				<extensions>
					<swisstopo:routepoint_id>434727653</swisstopo:routepoint_id>
				</extensions>
			</trkpt>
			<trkpt lat="46.1397574950" lon="6.9987533111">
				<ele>1386.3</ele>
				<extensions>
					<swisstopo:routepoint_id>2145337369</swisstopo:routepoint_id>
				</extensions>
			</trkpt>
			<trkpt lat="46.1397306894" lon="6.9986772393">
				<ele>1386.2</ele>
				<extensions>
					<swisstopo:routepoint_id>649470889</swisstopo:routepoint_id>
				</extensions>
			</trkpt>
			<trkpt lat="46.1397148727" lon="6.9986001475">
				<ele>1386.1</ele>
				<extensions>
					<swisstopo:routepoint_id>284845036</swisstopo:routepoint_id>
				</extensions>
			</trkpt>
			<trkpt lat="46.1397074356" lon="6.9985174107">
				<ele>1386.0</ele>
				<extensions>
					<swisstopo:routepoint_id>16948</swisstopo:routepoint_id>
				</extensions>
			</trkpt>
			<trkpt lat="46.1396988805" lon="6.9984802741">
				<ele>1385.9</ele>
				<extensions>
					<swisstopo:routepoint_id>913961477</swisstopo:routepoint_id>
				</extensions>
			</trkpt>
			<trkpt lat="46.1396845851" lon="6.9984636434">
				<ele>1385.8</ele>
				<extensions>
					<swisstopo:routepoint_id>1162534669</swisstopo:routepoint_id>
				</extensions>
			</trkpt>
			<trkpt lat="46.1396636093" lon="6.9984526310">
				<ele>1385.8</ele>
				<extensions>
					<swisstopo:routepoint_id>2106154310</swisstopo:routepoint_id>
				</extensions>
			</trkpt>
			<trkpt lat="46.1396376643" lon="6.9984429398">
				<ele>1385.7</ele>
				<extensions>
					<swisstopo:routepoint_id>681539623</swisstopo:routepoint_id>
				</extensions>
			</trkpt>
			<trkpt lat="46.1396522638" lon="6.9982552816">
				<ele>1386.0</ele>
				<extensions>
					<swisstopo:routepoint_id>455935217</swisstopo:routepoint_id>
				</extensions>
			</trkpt>
			<trkpt lat="46.1396841586" lon="6.9978958865">
				<ele>1386.4</ele>
				<extensions>
					<swisstopo:routepoint_id>1529088638</swisstopo:routepoint_id>
				</extensions>
			</trkpt>
			<trkpt lat="46.1397254181" lon="6.9975409076">
				<ele>1386.8</ele>
				<extensions>
					<swisstopo:routepoint_id>1010776744</swisstopo:routepoint_id>
				</extensions>
			</trkpt>
			<trkpt lat="46.1397616861" lon="6.9972398504">
				<ele>1387.2</ele>
				<extensions>
					<swisstopo:routepoint_id>654130991</swisstopo:routepoint_id>
				</extensions>
			</trkpt>
			<trkpt lat="46.1397961164" lon="6.9969971624">
				<ele>1387.5</ele>
				<extensions>
					<swisstopo:routepoint_id>391408136</swisstopo:routepoint_id>
				</extensions>
			</trkpt>
			<trkpt lat="46.1398264320" lon="6.9967694515">
				<ele>1387.8</ele>
				<extensions>
					<swisstopo:routepoint_id>2071481900</swisstopo:routepoint_id>
				</extensions>
			</trkpt>
			<trkpt lat="46.1398448540" lon="6.9966929899">
				<ele>1387.9</ele>
				<extensions>
					<swisstopo:routepoint_id>1799936106</swisstopo:routepoint_id>
				</extensions>
			</trkpt>
			<trkpt lat="46.1398818789" lon="6.9965864455">
				<ele>1388.2</ele>
				<extensions>
					<swisstopo:routepoint_id>148196197</swisstopo:routepoint_id>
				</extensions>
			</trkpt>
			<trkpt lat="46.1399416093" lon="6.9964318395">
				<ele>1388.4</ele>
				<extensions>
					<swisstopo:routepoint_id>1149072924</swisstopo:routepoint_id>
				</extensions>
			</trkpt>
			<trkpt lat="46.1399765082" lon="6.9963118527">
				<ele>1388.7</ele>
				<extensions>
					<swisstopo:routepoint_id>1980424711</swisstopo:routepoint_id>
				</extensions>
			</trkpt>
			<trkpt lat="46.1399999901" lon="6.9961994207">
				<ele>1389.1</ele>
				<extensions>
					<swisstopo:routepoint_id>308817809</swisstopo:routepoint_id>
				</extensions>
			</trkpt>
			<trkpt lat="46.1400101279" lon="6.9961320110">
				<ele>1389.3</ele>
				<extensions>
					<swisstopo:routepoint_id>224643605</swisstopo:routepoint_id>
				</extensions>
			</trkpt>
			<trkpt lat="46.1400139994" lon="6.9960571515">
				<ele>1389.4</ele>
				<extensions>
					<swisstopo:routepoint_id>1690835708</swisstopo:routepoint_id>
				</extensions>
			</trkpt>
			<trkpt lat="46.1400145127" lon="6.9959209817">
				<ele>1389.7</ele>
				<extensions>
					<swisstopo:routepoint_id>1136642939</swisstopo:routepoint_id>
				</extensions>
			</trkpt>
			<trkpt lat="46.1400188269" lon="6.9956964811">
				<ele>1390.1</ele>
				<extensions>
					<swisstopo:routepoint_id>536076072</swisstopo:routepoint_id>
				</extensions>
			</trkpt>
			<trkpt lat="46.1400328535" lon="6.9952938355">
				<ele>1390.8</ele>
				<extensions>
					<swisstopo:routepoint_id>31896</swisstopo:routepoint_id>
				</extensions>
			</trkpt>
			<trkpt lat="46.1400444488" lon="6.9950648020">
				<ele>1391.3</ele>
				<extensions>
					<swisstopo:routepoint_id>1824984171</swisstopo:routepoint_id>
				</extensions>
			</trkpt>
			<trkpt lat="46.1400652115" lon="6.9947877841">
				<ele>1391.7</ele>
				<extensions>
					<swisstopo:routepoint_id>1750984316</swisstopo:routepoint_id>
				</extensions>
			</trkpt>
			<trkpt lat="46.1400952146" lon="6.9944837916">
				<ele>1392.2</ele>
				<extensions>
					<swisstopo:routepoint_id>492414201</swisstopo:routepoint_id>
				</extensions>
			</trkpt>
			<trkpt lat="46.1401090163" lon="6.9942891335">
				<ele>1392.5</ele>
				<extensions>
					<swisstopo:routepoint_id>1469676285</swisstopo:routepoint_id>
				</extensions>
			</trkpt>
			<trkpt lat="46.1401136590" lon="6.9941469395">
				<ele>1392.7</ele>
				<extensions>
					<swisstopo:routepoint_id>916859930</swisstopo:routepoint_id>
				</extensions>
			</trkpt>
			<trkpt lat="46.1401180666" lon="6.9939448886">
				<ele>1393.1</ele>
				<extensions>
					<swisstopo:routepoint_id>1000901783</swisstopo:routepoint_id>
				</extensions>
			</trkpt>
			<trkpt lat="46.1401249290" lon="6.9938400908">
				<ele>1393.3</ele>
				<extensions>
					<swisstopo:routepoint_id>1314845459</swisstopo:routepoint_id>
				</extensions>
			</trkpt>
			<trkpt lat="46.1401359607" lon="6.9937322513">
				<ele>1393.7</ele>
				<extensions>
					<swisstopo:routepoint_id>91691594</swisstopo:routepoint_id>
				</extensions>
			</trkpt>
			<trkpt lat="46.1401522989" lon="6.9936558051">
				<ele>1393.8</ele>
				<extensions>
					<swisstopo:routepoint_id>1301247406</swisstopo:routepoint_id>
				</extensions>
			</trkpt>
			<trkpt lat="46.1401893093" lon="6.9935462820">
				<ele>1394.0</ele>
				<extensions>
					<swisstopo:routepoint_id>2140789092</swisstopo:routepoint_id>
				</extensions>
			</trkpt>
			<trkpt lat="46.1402315697" lon="6.9934471612">
				<ele>1394.2</ele>
				<extensions>
					<swisstopo:routepoint_id>1324624042</swisstopo:routepoint_id>
				</extensions>
			</trkpt>
			<trkpt lat="46.1402955392" lon="6.9933149611">
				<ele>1394.4</ele>
				<extensions>
					<swisstopo:routepoint_id>1911437645</swisstopo:routepoint_id>
				</extensions>
			</trkpt>
			<trkpt lat="46.1403957053" lon="6.9931301011">
				<ele>1394.6</ele>
				<extensions>
					<swisstopo:routepoint_id>380494452</swisstopo:routepoint_id>
				</extensions>
			</trkpt>
			<trkpt lat="46.1404286836" lon="6.9930520024">
				<ele>1394.8</ele>
				<extensions>
					<swisstopo:routepoint_id>1363745669</swisstopo:routepoint_id>
				</extensions>
			</trkpt>
			<trkpt lat="46.1404533606" lon="6.9929739839">
				<ele>1395.0</ele>
				<extensions>
					<swisstopo:routepoint_id>337402307</swisstopo:routepoint_id>
				</extensions>
			</trkpt>
			<trkpt lat="46.1405473746" lon="6.9928131153">
				<ele>1395.5</ele>
				<extensions>
					<swisstopo:routepoint_id>219534379</swisstopo:routepoint_id>
				</extensions>
			</trkpt>
			<trkpt lat="46.1406081806" lon="6.9926719475">
				<ele>1395.9</ele>
				<extensions>
					<swisstopo:routepoint_id>1392485055</swisstopo:routepoint_id>
				</extensions>
			</trkpt>
			<trkpt lat="46.1406658972" lon="6.9925338061">
				<ele>1396.7</ele>
				<extensions>
					<swisstopo:routepoint_id>740272818</swisstopo:routepoint_id>
				</extensions>
			</trkpt>
			<trkpt lat="46.1407516181" lon="6.9923774777">
				<ele>1397.9</ele>
				<extensions>
					<swisstopo:routepoint_id>1551210314</swisstopo:routepoint_id>
				</extensions>
			</trkpt>
			<trkpt lat="46.1408115934" lon="6.9922887189">
				<ele>1398.7</ele>
				<extensions>
					<swisstopo:routepoint_id>483585966</swisstopo:routepoint_id>
				</extensions>
			</trkpt>
			<trkpt lat="46.1408861186" lon="6.9921983058">
				<ele>1399.6</ele>
				<extensions>
					<swisstopo:routepoint_id>1291176643</swisstopo:routepoint_id>
				</extensions>
			</trkpt>
			<trkpt lat="46.1410001147" lon="6.9920881397">
				<ele>1400.7</ele>
				<extensions>
					<swisstopo:routepoint_id>2060674716</swisstopo:routepoint_id>
				</extensions>
			</trkpt>
			<trkpt lat="46.1410985333" lon="6.9919885833">
				<ele>1401.7</ele>
				<extensions>
					<swisstopo:routepoint_id>711819158</swisstopo:routepoint_id>
				</extensions>
			</trkpt>
			<trkpt lat="46.1411430839" lon="6.9919403343">
				<ele>1402.2</ele>
				<extensions>
					<swisstopo:routepoint_id>264660585</swisstopo:routepoint_id>
				</extensions>
			</trkpt>
			<trkpt lat="46.1411681103" lon="6.9918842889">
				<ele>1402.7</ele>
				<extensions>
					<swisstopo:routepoint_id>1199422482</swisstopo:routepoint_id>
				</extensions>
			</trkpt>
			<trkpt lat="46.1411792908" lon="6.9918257404">
				<ele>1402.9</ele>
				<extensions>
					<swisstopo:routepoint_id>1379382721</swisstopo:routepoint_id>
				</extensions>
			</trkpt>
			<trkpt lat="46.1411851018" lon="6.9917555518">
				<ele>1403.3</ele>
				<extensions>
					<swisstopo:routepoint_id>950458901</swisstopo:routepoint_id>
				</extensions>
			</trkpt>
			<trkpt lat="46.1411912981" lon="6.9916249629">
				<ele>1404.1</ele>
				<extensions>
					<swisstopo:routepoint_id>2032161027</swisstopo:routepoint_id>
				</extensions>
			</trkpt>
			<trkpt lat="46.1411999804" lon="6.9915411333">
				<ele>1404.7</ele>
				<extensions>
					<swisstopo:routepoint_id>1464145879</swisstopo:routepoint_id>
				</extensions>
			</trkpt>
			<trkpt lat="46.1412161131" lon="6.9914530912">
				<ele>1405.3</ele>
				<extensions>
					<swisstopo:routepoint_id>1094847625</swisstopo:routepoint_id>
				</extensions>
			</trkpt>
			<trkpt lat="46.1412364574" lon="6.9913704491">
				<ele>1405.7</ele>
				<extensions>
					<swisstopo:routepoint_id>697195551</swisstopo:routepoint_id>
				</extensions>
			</trkpt>
			<trkpt lat="46.1412631369" lon="6.9912614617">
				<ele>1406.4</ele>
				<extensions>
					<swisstopo:routepoint_id>1564879480</swisstopo:routepoint_id>
				</extensions>
			</trkpt>
			<trkpt lat="46.1412776272" lon="6.9912046994">
				<ele>1406.8</ele>
				<extensions>
					<swisstopo:routepoint_id>1913751857</swisstopo:routepoint_id>
				</extensions>
			</trkpt>
			<trkpt lat="46.1413017344" lon="6.9910672972">
				<ele>1407.7</ele>
				<extensions>
					<swisstopo:routepoint_id>1560479803</swisstopo:routepoint_id>
				</extensions>
			</trkpt>
			<trkpt lat="46.1413118266" lon="6.9909713422">
				<ele>1408.3</ele>
				<extensions>
					<swisstopo:routepoint_id>1304018034</swisstopo:routepoint_id>
				</extensions>
			</trkpt>
			<trkpt lat="46.1413058678" lon="6.9909083965">
				<ele>1408.6</ele>
				<extensions>
					<swisstopo:routepoint_id>1173929689</swisstopo:routepoint_id>
				</extensions>
			</trkpt>
			<trkpt lat="46.1412815854" lon="6.9907880595">
				<ele>1409.5</ele>
				<extensions>
					<swisstopo:routepoint_id>832512042</swisstopo:routepoint_id>
				</extensions>
			</trkpt>
			<trkpt lat="46.1412353199" lon="6.9906446295">
				<ele>1410.5</ele>
				<extensions>
					<swisstopo:routepoint_id>360753189</swisstopo:routepoint_id>
				</extensions>
			</trkpt>
			<trkpt lat="46.1412064418" lon="6.9905640519">
				<ele>1411.1</ele>
				<extensions>
					<swisstopo:routepoint_id>495653586</swisstopo:routepoint_id>
				</extensions>
			</trkpt>
			<trkpt lat="46.1411796271" lon="6.9905231788">
				<ele>1411.4</ele>
				<extensions>
					<swisstopo:routepoint_id>1650092192</swisstopo:routepoint_id>
				</extensions>
			</trkpt>
			<trkpt lat="46.1411357010" lon="6.9904893083">
				<ele>1412.0</ele>
				<extensions>
					<swisstopo:routepoint_id>1960649680</swisstopo:routepoint_id>
				</extensions>
			</trkpt>
			<trkpt lat="46.1410613591" lon="6.9904679962">
				<ele>1412.7</ele>
				<extensions>
					<swisstopo:routepoint_id>1701799718</swisstopo:routepoint_id>
				</extensions>
			</trkpt>
			<trkpt lat="46.1410165351" lon="6.9904491976">
				<ele>1413.1</ele>
				<extensions>
					<swisstopo:routepoint_id>1259050287</swisstopo:routepoint_id>
				</extensions>
			</trkpt>
			<trkpt lat="46.1409821388" lon="6.9904193376">
				<ele>1413.6</ele>
				<extensions>
					<swisstopo:routepoint_id>1330321372</swisstopo:routepoint_id>
				</extensions>
			</trkpt>
			<trkpt lat="46.1409677339" lon="6.9903865842">
				<ele>1413.7</ele>
				<extensions>
					<swisstopo:routepoint_id>1295826857</swisstopo:routepoint_id>
				</extensions>
			</trkpt>
			<trkpt lat="46.1409570515" lon="6.9903332634">
				<ele>1414.0</ele>
				<extensions>
					<swisstopo:routepoint_id>898578023</swisstopo:routepoint_id>
				</extensions>
			</trkpt>
			<trkpt lat="46.1409535134" lon="6.9901607206">
				<ele>1414.6</ele>
				<extensions>
					<swisstopo:routepoint_id>1972232324</swisstopo:routepoint_id>
				</extensions>
			</trkpt>
			<trkpt lat="46.1409550292" lon="6.9900620940">
				<ele>1415.0</ele>
				<extensions>
					<swisstopo:routepoint_id>1846311861</swisstopo:routepoint_id>
				</extensions>
			</trkpt>
			<trkpt lat="46.1409661019" lon="6.9899743399">
				<ele>1415.2</ele>
				<extensions>
					<swisstopo:routepoint_id>437221864</swisstopo:routepoint_id>
				</extensions>
			</trkpt>
			<trkpt lat="46.1409773297" lon="6.9899235820">
				<ele>1415.3</ele>
				<extensions>
					<swisstopo:routepoint_id>34652543</swisstopo:routepoint_id>
				</extensions>
			</trkpt>
			<trkpt lat="46.1410047679" lon="6.9898822710">
				<ele>1415.4</ele>
				<extensions>
					<swisstopo:routepoint_id>1389663045</swisstopo:routepoint_id>
				</extensions>
			</trkpt>
			<trkpt lat="46.1410399285" lon="6.9898655470">
				<ele>1415.6</ele>
				<extensions>
					<swisstopo:routepoint_id>1844232828</swisstopo:routepoint_id>
				</extensions>
			</trkpt>
			<trkpt lat="46.1410713419" lon="6.9898652895">
				<ele>1415.8</ele>
				<extensions>
					<swisstopo:routepoint_id>1394881640</swisstopo:routepoint_id>
				</extensions>
			</trkpt>
			<trkpt lat="46.1411009011" lon="6.9898759917">
				<ele>1416.0</ele>
				<extensions>
					<swisstopo:routepoint_id>970775757</swisstopo:routepoint_id>
				</extensions>
			</trkpt>
			<trkpt lat="46.1411362516" lon="6.9899072022">
				<ele>1416.2</ele>
				<extensions>
					<swisstopo:routepoint_id>2052733716</swisstopo:routepoint_id>
				</extensions>
			</trkpt>
			<trkpt lat="46.1411659195" lon="6.9899453155">
				<ele>1416.5</ele>
				<extensions>
					<swisstopo:routepoint_id>854541315</swisstopo:routepoint_id>
				</extensions>
			</trkpt>
			<trkpt lat="46.1411917280" lon="6.9899738618">
				<ele>1416.6</ele>
				<extensions>
					<swisstopo:routepoint_id>1487713848</swisstopo:routepoint_id>
				</extensions>
			</trkpt>
			<trkpt lat="46.1412260701" lon="6.9899900161">
				<ele>1416.7</ele>
				<extensions>
					<swisstopo:routepoint_id>677414085</swisstopo:routepoint_id>
				</extensions>
			</trkpt>
			<trkpt lat="46.1412612743" lon="6.9899842553">
				<ele>1417.0</ele>
				<extensions>
					<swisstopo:routepoint_id>494905788</swisstopo:routepoint_id>
				</extensions>
			</trkpt>
			<trkpt lat="46.1412926171" lon="6.9899661914">
				<ele>1417.4</ele>
				<extensions>
					<swisstopo:routepoint_id>1433899946</swisstopo:routepoint_id>
				</extensions>
			</trkpt>
			<trkpt lat="46.1413524391" lon="6.9899079577">
				<ele>1417.8</ele>
				<extensions>
					<swisstopo:routepoint_id>1573867435</swisstopo:routepoint_id>
				</extensions>
			</trkpt>
			<trkpt lat="46.1414349244" lon="6.9898737716">
				<ele>1418.4</ele>
				<extensions>
					<swisstopo:routepoint_id>1167301540</swisstopo:routepoint_id>
				</extensions>
			</trkpt>
			<trkpt lat="46.1414880153" lon="6.9898083954">
				<ele>1418.9</ele>
				<extensions>
					<swisstopo:routepoint_id>392844174</swisstopo:routepoint_id>
				</extensions>
			</trkpt>
			<trkpt lat="46.1415643919" lon="6.9897467523">
				<ele>1419.5</ele>
				<extensions>
					<swisstopo:routepoint_id>1838679272</swisstopo:routepoint_id>
				</extensions>
			</trkpt>
			<trkpt lat="46.1416256786" lon="6.9896813086">
				<ele>1419.9</ele>
				<extensions>
					<swisstopo:routepoint_id>1914662560</swisstopo:routepoint_id>
				</extensions>
			</trkpt>
			<trkpt lat="46.1417154751" lon="6.9895546264">
				<ele>1420.8</ele>
				<extensions>
					<swisstopo:routepoint_id>357112154</swisstopo:routepoint_id>
				</extensions>
			</trkpt>
			<trkpt lat="46.1417453513" lon="6.9895012316">
				<ele>1421.1</ele>
				<extensions>
					<swisstopo:routepoint_id>637737133</swisstopo:routepoint_id>
				</extensions>
			</trkpt>
			<trkpt lat="46.1417505665" lon="6.9894362475">
				<ele>1421.1</ele>
				<extensions>
					<swisstopo:routepoint_id>98678831</swisstopo:routepoint_id>
				</extensions>
			</trkpt>
			<trkpt lat="46.1417953813" lon="6.9893551912">
				<ele>1421.6</ele>
				<extensions>
					<swisstopo:routepoint_id>516209473</swisstopo:routepoint_id>
				</extensions>
			</trkpt>
			<trkpt lat="46.1418251723" lon="6.9892781760">
				<ele>1422.0</ele>
				<extensions>
					<swisstopo:routepoint_id>1636421686</swisstopo:routepoint_id>
				</extensions>
			</trkpt>
			<trkpt lat="46.1418591674" lon="6.9892267375">
				<ele>1422.7</ele>
				<extensions>
					<swisstopo:routepoint_id>1881429502</swisstopo:routepoint_id>
				</extensions>
			</trkpt>
			<trkpt lat="46.1419188278" lon="6.9890924343">
				<ele>1424.7</ele>
				<extensions>
					<swisstopo:routepoint_id>1949802725</swisstopo:routepoint_id>
				</extensions>
			</trkpt>
			<trkpt lat="46.1420289947" lon="6.9889301455">
				<ele>1428.1</ele>
				<extensions>
					<swisstopo:routepoint_id>790393060</swisstopo:routepoint_id>
				</extensions>
			</trkpt>
			<trkpt lat="46.1421134406" lon="6.9888389050">
				<ele>1431.2</ele>
				<extensions>
					<swisstopo:routepoint_id>1390602423</swisstopo:routepoint_id>
				</extensions>
			</trkpt>
			<trkpt lat="46.1421474419" lon="6.9887492604">
				<ele>1433.0</ele>
				<extensions>
					<swisstopo:routepoint_id>1676211167</swisstopo:routepoint_id>
				</extensions>
			</trkpt>
			<trkpt lat="46.1422363438" lon="6.9886209652">
				<ele>1435.6</ele>
				<extensions>
					<swisstopo:routepoint_id>1926535798</swisstopo:routepoint_id>
				</extensions>
			</trkpt>
			<trkpt lat="46.1422877552" lon="6.9885487570">
				<ele>1437.5</ele>
				<extensions>
					<swisstopo:routepoint_id>1716747149</swisstopo:routepoint_id>
				</extensions>
			</trkpt>
			<trkpt lat="46.1423149221" lon="6.9884658348">
				<ele>1439.3</ele>
				<extensions>
					<swisstopo:routepoint_id>1791865290</swisstopo:routepoint_id>
				</extensions>
			</trkpt>
			<trkpt lat="46.1423264428" lon="6.9884005138">
				<ele>1440.5</ele>
				<extensions>
					<swisstopo:routepoint_id>1414427819</swisstopo:routepoint_id>
				</extensions>
			</trkpt>
			<trkpt lat="46.1423596992" lon="6.9884130807">
				<ele>1441.8</ele>
				<extensions>
					<swisstopo:routepoint_id>345327259</swisstopo:routepoint_id>
				</extensions>
			</trkpt>
			<trkpt lat="46.1423779089" lon="6.9884149847">
				<ele>1442.8</ele>
				<extensions>
					<swisstopo:routepoint_id>1204282662</swisstopo:routepoint_id>
				</extensions>
			</trkpt>
			<trkpt lat="46.1423878403" lon="6.9883984669">
				<ele>1443.3</ele>
				<extensions>
					<swisstopo:routepoint_id>2056964124</swisstopo:routepoint_id>
				</extensions>
			</trkpt>
			<trkpt lat="46.1423987142" lon="6.9883516347">
				<ele>1444.6</ele>
				<extensions>
					<swisstopo:routepoint_id>1581698670</swisstopo:routepoint_id>
				</extensions>
			</trkpt>
			<trkpt lat="46.1424154333" lon="6.9883366155">
				<ele>1445.4</ele>
				<extensions>
					<swisstopo:routepoint_id>954559680</swisstopo:routepoint_id>
				</extensions>
			</trkpt>
			<trkpt lat="46.1424227311" lon="6.9882851869">
				<ele>1447.6</ele>
				<extensions>
					<swisstopo:routepoint_id>830454619</swisstopo:routepoint_id>
				</extensions>
			</trkpt>
			<trkpt lat="46.1424189481" lon="6.9882307721">
				<ele>1448.9</ele>
				<extensions>
					<swisstopo:routepoint_id>2112523210</swisstopo:routepoint_id>
				</extensions>
			</trkpt>
			<trkpt lat="46.1424266932" lon="6.9882034791">
				<ele>1449.7</ele>
				<extensions>
					<swisstopo:routepoint_id>1342638377</swisstopo:routepoint_id>
				</extensions>
			</trkpt>
			<trkpt lat="46.1424547546" lon="6.9881688403">
				<ele>1450.6</ele>
				<extensions>
					<swisstopo:routepoint_id>1736645022</swisstopo:routepoint_id>
				</extensions>
			</trkpt>
			<trkpt lat="46.1424663610" lon="6.9881250920">
				<ele>1451.3</ele>
				<extensions>
					<swisstopo:routepoint_id>431210000</swisstopo:routepoint_id>
				</extensions>
			</trkpt>
			<trkpt lat="46.1424636436" lon="6.9880691265">
				<ele>1452.3</ele>
				<extensions>
					<swisstopo:routepoint_id>108632850</swisstopo:routepoint_id>
				</extensions>
			</trkpt>
			<trkpt lat="46.1424708870" lon="6.9879930472">
				<ele>1452.8</ele>
				<extensions>
					<swisstopo:routepoint_id>1086206171</swisstopo:routepoint_id>
				</extensions>
			</trkpt>
			<trkpt lat="46.1424779301" lon="6.9878953200">
				<ele>1452.7</ele>
				<extensions>
					<swisstopo:routepoint_id>676112464</swisstopo:routepoint_id>
				</extensions>
			</trkpt>
			<trkpt lat="46.1424829406" lon="6.9878100206">
				<ele>1453.4</ele>
				<extensions>
					<swisstopo:routepoint_id>1662880246</swisstopo:routepoint_id>
				</extensions>
			</trkpt>
			<trkpt lat="46.1424869555" lon="6.9877416645">
				<ele>1454.0</ele>
				<extensions>
					<swisstopo:routepoint_id>129022067</swisstopo:routepoint_id>
				</extensions>
			</trkpt>
			<trkpt lat="46.1425027872" lon="6.9876824688">
				<ele>1454.9</ele>
				<extensions>
					<swisstopo:routepoint_id>430347709</swisstopo:routepoint_id>
				</extensions>
			</trkpt>
			<trkpt lat="46.1425040058" lon="6.9876310965">
				<ele>1455.6</ele>
				<extensions>
					<swisstopo:routepoint_id>1524870601</swisstopo:routepoint_id>
				</extensions>
			</trkpt>
			<trkpt lat="46.1425016620" lon="6.9875807836">
				<ele>1456.5</ele>
				<extensions>
					<swisstopo:routepoint_id>710892866</swisstopo:routepoint_id>
				</extensions>
			</trkpt>
			<trkpt lat="46.1425085952" lon="6.9875283404">
				<ele>1456.7</ele>
				<extensions>
					<swisstopo:routepoint_id>179180280</swisstopo:routepoint_id>
				</extensions>
			</trkpt>
			<trkpt lat="46.1424559878" lon="6.9874964072">
				<ele>1456.4</ele>
				<extensions>
					<swisstopo:routepoint_id>305132988</swisstopo:routepoint_id>
				</extensions>
			</trkpt>
			<trkpt lat="46.1424533417" lon="6.9874584318">
				<ele>1456.7</ele>
				<extensions>
					<swisstopo:routepoint_id>897241346</swisstopo:routepoint_id>
				</extensions>
			</trkpt>
			<trkpt lat="46.1424571374" lon="6.9874255283">
				<ele>1457.1</ele>
				<extensions>
					<swisstopo:routepoint_id>494535548</swisstopo:routepoint_id>
				</extensions>
			</trkpt>
			<trkpt lat="46.1424691159" lon="6.9873848414">
				<ele>1457.3</ele>
				<extensions>
					<swisstopo:routepoint_id>202677670</swisstopo:routepoint_id>
				</extensions>
			</trkpt>
			<trkpt lat="46.1424860676" lon="6.9873400188">
				<ele>1457.7</ele>
				<extensions>
					<swisstopo:routepoint_id>783644903</swisstopo:routepoint_id>
				</extensions>
			</trkpt>
			<trkpt lat="46.1424986642" lon="6.9872736647">
				<ele>1458.4</ele>
				<extensions>
					<swisstopo:routepoint_id>250609810</swisstopo:routepoint_id>
				</extensions>
			</trkpt>
			<trkpt lat="46.1425159017" lon="6.9872123972">
				<ele>1459.3</ele>
				<extensions>
					<swisstopo:routepoint_id>2001326053</swisstopo:routepoint_id>
				</extensions>
			</trkpt>
			<trkpt lat="46.1425538537" lon="6.9871489050">
				<ele>1460.5</ele>
				<extensions>
					<swisstopo:routepoint_id>271253741</swisstopo:routepoint_id>
				</extensions>
			</trkpt>
			<trkpt lat="46.1425825224" lon="6.9870860076">
				<ele>1461.1</ele>
				<extensions>
					<swisstopo:routepoint_id>1777724236</swisstopo:routepoint_id>
				</extensions>
			</trkpt>
			<trkpt lat="46.1426250588" lon="6.9870046004">
				<ele>1460.5</ele>
				<extensions>
					<swisstopo:routepoint_id>184226909</swisstopo:routepoint_id>
				</extensions>
			</trkpt>
			<trkpt lat="46.1426491338" lon="6.9869550931">
				<ele>1460.0</ele>
				<extensions>
					<swisstopo:routepoint_id>1942801992</swisstopo:routepoint_id>
				</extensions>
			</trkpt>
			<trkpt lat="46.1426650981" lon="6.9869292739">
				<ele>1459.8</ele>
				<extensions>
					<swisstopo:routepoint_id>206980355</swisstopo:routepoint_id>
				</extensions>
			</trkpt>
			<trkpt lat="46.1426818213" lon="6.9869152715">
				<ele>1459.3</ele>
				<extensions>
					<swisstopo:routepoint_id>701103692</swisstopo:routepoint_id>
				</extensions>
			</trkpt>
			<trkpt lat="46.1426974711" lon="6.9868987062">
				<ele>1458.7</ele>
				<extensions>
					<swisstopo:routepoint_id>1778771997</swisstopo:routepoint_id>
				</extensions>
			</trkpt>
			<trkpt lat="46.1427066642" lon="6.9868755209">
				<ele>1458.5</ele>
				<extensions>
					<swisstopo:routepoint_id>296795133</swisstopo:routepoint_id>
				</extensions>
			</trkpt>
			<trkpt lat="46.1427179058" lon="6.9868307388">
				<ele>1457.5</ele>
				<extensions>
					<swisstopo:routepoint_id>1632575436</swisstopo:routepoint_id>
				</extensions>
			</trkpt>
			<trkpt lat="46.1427252883" lon="6.9868029429">
				<ele>1458.6</ele>
				<extensions>
					<swisstopo:routepoint_id>793185195</swisstopo:routepoint_id>
				</extensions>
			</trkpt>
			<trkpt lat="46.1427302013" lon="6.9867792685">
				<ele>1460.0</ele>
				<extensions>
					<swisstopo:routepoint_id>108526614</swisstopo:routepoint_id>
				</extensions>
			</trkpt>
			<trkpt lat="46.1427315356" lon="6.9867592256">
				<ele>1459.9</ele>
				<extensions>
					<swisstopo:routepoint_id>1578643957</swisstopo:routepoint_id>
				</extensions>
			</trkpt>
			<trkpt lat="46.1427385606" lon="6.9867298908">
				<ele>1461.9</ele>
				<extensions>
					<swisstopo:routepoint_id>2110651129</swisstopo:routepoint_id>
				</extensions>
			</trkpt>
			<trkpt lat="46.1427377677" lon="6.9867073062">
				<ele>1463.3</ele>
				<extensions>
					<swisstopo:routepoint_id>534217427</swisstopo:routepoint_id>
				</extensions>
			</trkpt>
			<trkpt lat="46.1427333450" lon="6.9866754939">
				<ele>1464.1</ele>
				<extensions>
					<swisstopo:routepoint_id>1998787464</swisstopo:routepoint_id>
				</extensions>
			</trkpt>
			<trkpt lat="46.1427295209" lon="6.9866087567">
				<ele>1465.3</ele>
				<extensions>
					<swisstopo:routepoint_id>643840150</swisstopo:routepoint_id>
				</extensions>
			</trkpt>
			<trkpt lat="46.1427372779" lon="6.9865845534">
				<ele>1465.7</ele>
				<extensions>
					<swisstopo:routepoint_id>1858371274</swisstopo:routepoint_id>
				</extensions>
			</trkpt>
			<trkpt lat="46.1427470712" lon="6.9865356692">
				<ele>1466.6</ele>
				<extensions>
					<swisstopo:routepoint_id>1453019273</swisstopo:routepoint_id>
				</extensions>
			</trkpt>
			<trkpt lat="46.1427533122" lon="6.9864904291">
				<ele>1467.8</ele>
				<extensions>
					<swisstopo:routepoint_id>1425012831</swisstopo:routepoint_id>
				</extensions>
			</trkpt>
			<trkpt lat="46.1427769905" lon="6.9864296259">
				<ele>1469.5</ele>
				<extensions>
					<swisstopo:routepoint_id>1652447405</swisstopo:routepoint_id>
				</extensions>
			</trkpt>
			<trkpt lat="46.1427897007" lon="6.9863940765">
				<ele>1470.3</ele>
				<extensions>
					<swisstopo:routepoint_id>1387331612</swisstopo:routepoint_id>
				</extensions>
			</trkpt>
			<trkpt lat="46.1427878052" lon="6.9863637916">
				<ele>1471.2</ele>
				<extensions>
					<swisstopo:routepoint_id>2001521460</swisstopo:routepoint_id>
				</extensions>
			</trkpt>
			<trkpt lat="46.1427780758" lon="6.9863428038">
				<ele>1471.4</ele>
				<extensions>
					<swisstopo:routepoint_id>1177932158</swisstopo:routepoint_id>
				</extensions>
			</trkpt>
			<trkpt lat="46.1427775249" lon="6.9862950540">
				<ele>1471.7</ele>
				<extensions>
					<swisstopo:routepoint_id>1193599255</swisstopo:routepoint_id>
				</extensions>
			</trkpt>
			<trkpt lat="46.1427841922" lon="6.9862641738">
				<ele>1471.7</ele>
				<extensions>
					<swisstopo:routepoint_id>771693184</swisstopo:routepoint_id>
				</extensions>
			</trkpt>
			<trkpt lat="46.1427969141" lon="6.9862337681">
				<ele>1471.7</ele>
				<extensions>
					<swisstopo:routepoint_id>288557730</swisstopo:routepoint_id>
				</extensions>
			</trkpt>
			<trkpt lat="46.1428120622" lon="6.9861817621">
				<ele>1472.1</ele>
				<extensions>
					<swisstopo:routepoint_id>982209517</swisstopo:routepoint_id>
				</extensions>
			</trkpt>
			<trkpt lat="46.1428201382" lon="6.9861472810">
				<ele>1472.0</ele>
				<extensions>
					<swisstopo:routepoint_id>986339530</swisstopo:routepoint_id>
				</extensions>
			</trkpt>
			<trkpt lat="46.1428120983" lon="6.9861006168">
				<ele>1472.1</ele>
				<extensions>
					<swisstopo:routepoint_id>1732407308</swisstopo:routepoint_id>
				</extensions>
			</trkpt>
			<trkpt lat="46.1428266141" lon="6.9860707017">
				<ele>1472.3</ele>
				<extensions>
					<swisstopo:routepoint_id>1662559775</swisstopo:routepoint_id>
				</extensions>
			</trkpt>
			<trkpt lat="46.1428504338" lon="6.9860453353">
				<ele>1473.0</ele>
				<extensions>
					<swisstopo:routepoint_id>215396710</swisstopo:routepoint_id>
				</extensions>
			</trkpt>
			<trkpt lat="46.1428656243" lon="6.9860061759">
				<ele>1474.8</ele>
				<extensions>
					<swisstopo:routepoint_id>1691729570</swisstopo:routepoint_id>
				</extensions>
			</trkpt>
			<trkpt lat="46.1428743857" lon="6.9859629559">
				<ele>1476.3</ele>
				<extensions>
					<swisstopo:routepoint_id>1464381170</swisstopo:routepoint_id>
				</extensions>
			</trkpt>
			<trkpt lat="46.1428816695" lon="6.9859105093">
				<ele>1478.1</ele>
				<extensions>
					<swisstopo:routepoint_id>1978526874</swisstopo:routepoint_id>
				</extensions>
			</trkpt>
			<trkpt lat="46.1428921998" lon="6.9858636726">
				<ele>1479.6</ele>
				<extensions>
					<swisstopo:routepoint_id>1485480807</swisstopo:routepoint_id>
				</extensions>
			</trkpt>
			<trkpt lat="46.1428810281" lon="6.9858401501">
				<ele>1480.3</ele>
				<extensions>
					<swisstopo:routepoint_id>884789805</swisstopo:routepoint_id>
				</extensions>
			</trkpt>
			<trkpt lat="46.1428755552" lon="6.9858093702">
				<ele>1481.0</ele>
				<extensions>
					<swisstopo:routepoint_id>1256190666</swisstopo:routepoint_id>
				</extensions>
			</trkpt>
			<trkpt lat="46.1428722086" lon="6.9857765253">
				<ele>1481.6</ele>
				<extensions>
					<swisstopo:routepoint_id>208983873</swisstopo:routepoint_id>
				</extensions>
			</trkpt>
			<trkpt lat="46.1428510141" lon="6.9857443462">
				<ele>1482.0</ele>
				<extensions>
					<swisstopo:routepoint_id>1602799063</swisstopo:routepoint_id>
				</extensions>
			</trkpt>
			<trkpt lat="46.1428349082" lon="6.9857347163">
				<ele>1482.4</ele>
				<extensions>
					<swisstopo:routepoint_id>1060229346</swisstopo:routepoint_id>
				</extensions>
			</trkpt>
			<trkpt lat="46.1428141909" lon="6.9857318103">
				<ele>1482.5</ele>
				<extensions>
					<swisstopo:routepoint_id>1617032533</swisstopo:routepoint_id>
				</extensions>
			</trkpt>
			<trkpt lat="46.1428098157" lon="6.9857097545">
				<ele>1482.9</ele>
				<extensions>
					<swisstopo:routepoint_id>1756210643</swisstopo:routepoint_id>
				</extensions>
			</trkpt>
			<trkpt lat="46.1428268249" lon="6.9856772593">
				<ele>1484.0</ele>
				<extensions>
					<swisstopo:routepoint_id>330398134</swisstopo:routepoint_id>
				</extensions>
			</trkpt>
			<trkpt lat="46.1428494967" lon="6.9856329005">
				<ele>1485.0</ele>
				<extensions>
					<swisstopo:routepoint_id>1950349306</swisstopo:routepoint_id>
				</extensions>
			</trkpt>
			<trkpt lat="46.1428508567" lon="6.9856149174">
				<ele>1485.4</ele>
				<extensions>
					<swisstopo:routepoint_id>1261748312</swisstopo:routepoint_id>
				</extensions>
			</trkpt>
			<trkpt lat="46.1428654423" lon="6.9856024615">
				<ele>1486.1</ele>
				<extensions>
					<swisstopo:routepoint_id>1831958993</swisstopo:routepoint_id>
				</extensions>
			</trkpt>
			<trkpt lat="46.1428944040" lon="6.9856130151">
				<ele>1487.5</ele>
				<extensions>
					<swisstopo:routepoint_id>877910669</swisstopo:routepoint_id>
				</extensions>
			</trkpt>
			<trkpt lat="46.1429190665" lon="6.9856205078">
				<ele>1487.7</ele>
				<extensions>
					<swisstopo:routepoint_id>493895532</swisstopo:routepoint_id>
				</extensions>
			</trkpt>
			<trkpt lat="46.1429480877" lon="6.9856459490">
				<ele>1488.3</ele>
				<extensions>
					<swisstopo:routepoint_id>361755227</swisstopo:routepoint_id>
				</extensions>
			</trkpt>
			<trkpt lat="46.1429638971" lon="6.9856715058">
				<ele>1489.2</ele>
				<extensions>
					<swisstopo:routepoint_id>1772618694</swisstopo:routepoint_id>
				</extensions>
			</trkpt>
			<trkpt lat="46.1429711867" lon="6.9857084193">
				<ele>1490.6</ele>
				<extensions>
					<swisstopo:routepoint_id>1742420398</swisstopo:routepoint_id>
				</extensions>
			</trkpt>
			<trkpt lat="46.1429912331" lon="6.9857236660">
				<ele>1491.9</ele>
				<extensions>
					<swisstopo:routepoint_id>258844339</swisstopo:routepoint_id>
				</extensions>
			</trkpt>
			<trkpt lat="46.1430262962" lon="6.9857398123">
				<ele>1492.6</ele>
				<extensions>
					<swisstopo:routepoint_id>699701273</swisstopo:routepoint_id>
				</extensions>
			</trkpt>
			<trkpt lat="46.1430495561" lon="6.9857524605">
				<ele>1493.0</ele>
				<extensions>
					<swisstopo:routepoint_id>460025039</swisstopo:routepoint_id>
				</extensions>
			</trkpt>
			<trkpt lat="46.1430670065" lon="6.9857446130">
				<ele>1493.4</ele>
				<extensions>
					<swisstopo:routepoint_id>1785529631</swisstopo:routepoint_id>
				</extensions>
			</trkpt>
			<trkpt lat="46.1430740188" lon="6.9857122004">
				<ele>1493.7</ele>
				<extensions>
					<swisstopo:routepoint_id>1823301582</swisstopo:routepoint_id>
				</extensions>
			</trkpt>
			<trkpt lat="46.1430717775" lon="6.9856855075">
				<ele>1494.6</ele>
				<extensions>
					<swisstopo:routepoint_id>1233886202</swisstopo:routepoint_id>
				</extensions>
			</trkpt>
			<trkpt lat="46.1430744860" lon="6.9856510768">
				<ele>1495.9</ele>
				<extensions>
					<swisstopo:routepoint_id>1468314897</swisstopo:routepoint_id>
				</extensions>
			</trkpt>
			<trkpt lat="46.1430604152" lon="6.9856121467">
				<ele>1496.8</ele>
				<extensions>
					<swisstopo:routepoint_id>1420413907</swisstopo:routepoint_id>
				</extensions>
			</trkpt>
			<trkpt lat="46.1430694329" lon="6.9855473630">
				<ele>1498.9</ele>
				<extensions>
					<swisstopo:routepoint_id>2020178311</swisstopo:routepoint_id>
				</extensions>
			</trkpt>
			<trkpt lat="46.1430796372" lon="6.9855113220">
				<ele>1499.7</ele>
				<extensions>
					<swisstopo:routepoint_id>310864545</swisstopo:routepoint_id>
				</extensions>
			</trkpt>
			<trkpt lat="46.1430979733" lon="6.9854526098">
				<ele>1500.9</ele>
				<extensions>
					<swisstopo:routepoint_id>2046689113</swisstopo:routepoint_id>
				</extensions>
			</trkpt>
			<trkpt lat="46.1431439154" lon="6.9854234769">
				<ele>1502.4</ele>
				<extensions>
					<swisstopo:routepoint_id>2137766889</swisstopo:routepoint_id>
				</extensions>
			</trkpt>
			<trkpt lat="46.1431574025" lon="6.9854043506">
				<ele>1503.0</ele>
				<extensions>
					<swisstopo:routepoint_id>1035984274</swisstopo:routepoint_id>
				</extensions>
			</trkpt>
			<trkpt lat="46.1431579949" lon="6.9853745566">
				<ele>1503.9</ele>
				<extensions>
					<swisstopo:routepoint_id>1004103200</swisstopo:routepoint_id>
				</extensions>
			</trkpt>
			<trkpt lat="46.1431500203" lon="6.9853443219">
				<ele>1504.4</ele>
				<extensions>
					<swisstopo:routepoint_id>1387931902</swisstopo:routepoint_id>
				</extensions>
			</trkpt>
			<trkpt lat="46.1431406097" lon="6.9853130690">
				<ele>1504.9</ele>
				<extensions>
					<swisstopo:routepoint_id>940109783</swisstopo:routepoint_id>
				</extensions>
			</trkpt>
			<trkpt lat="46.1431483747" lon="6.9852909126">
				<ele>1505.1</ele>
				<extensions>
					<swisstopo:routepoint_id>34426918</swisstopo:routepoint_id>
				</extensions>
			</trkpt>
			<trkpt lat="46.1431626233" lon="6.9852820740">
				<ele>1505.6</ele>
				<extensions>
					<swisstopo:routepoint_id>655478404</swisstopo:routepoint_id>
				</extensions>
			</trkpt>
			<trkpt lat="46.1431693124" lon="6.9852589028">
				<ele>1506.3</ele>
				<extensions>
					<swisstopo:routepoint_id>699469326</swisstopo:routepoint_id>
				</extensions>
			</trkpt>
			<trkpt lat="46.1431660013" lon="6.9852327369">
				<ele>1507.1</ele>
				<extensions>
					<swisstopo:routepoint_id>1711563213</swisstopo:routepoint_id>
				</extensions>
			</trkpt>
			<trkpt lat="46.1431473116" lon="6.9852030965">
				<ele>1507.8</ele>
				<extensions>
					<swisstopo:routepoint_id>514005521</swisstopo:routepoint_id>
				</extensions>
			</trkpt>
			<trkpt lat="46.1431397176" lon="6.9851779898">
				<ele>1508.4</ele>
				<extensions>
					<swisstopo:routepoint_id>1541869410</swisstopo:routepoint_id>
				</extensions>
			</trkpt>
			<trkpt lat="46.1431378648" lon="6.9851518244">
				<ele>1508.5</ele>
				<extensions>
					<swisstopo:routepoint_id>562165909</swisstopo:routepoint_id>
				</extensions>
			</trkpt>
			<trkpt lat="46.1432356716" lon="6.9851796531">
				<ele>1511.0</ele>
				<extensions>
					<swisstopo:routepoint_id>11149714</swisstopo:routepoint_id>
				</extensions>
			</trkpt>
			<trkpt lat="46.1432963403" lon="6.9851908601">
				<ele>1512.7</ele>
				<extensions>
					<swisstopo:routepoint_id>335149685</swisstopo:routepoint_id>
				</extensions>
			</trkpt>
			<trkpt lat="46.1433297987" lon="6.9851879730">
				<ele>1513.5</ele>
				<extensions>
					<swisstopo:routepoint_id>1803665991</swisstopo:routepoint_id>
				</extensions>
			</trkpt>
			<trkpt lat="46.1433613573" lon="6.9851603871">
				<ele>1514.3</ele>
				<extensions>
					<swisstopo:routepoint_id>512477723</swisstopo:routepoint_id>
				</extensions>
			</trkpt>
			<trkpt lat="46.1433918826" lon="6.9851028688">
				<ele>1515.7</ele>
				<extensions>
					<swisstopo:routepoint_id>179551794</swisstopo:routepoint_id>
				</extensions>
			</trkpt>
			<trkpt lat="46.1434305598" lon="6.9850452831">
				<ele>1517.2</ele>
				<extensions>
					<swisstopo:routepoint_id>1768008019</swisstopo:routepoint_id>
				</extensions>
			</trkpt>
			<trkpt lat="46.1434626825" lon="6.9849369886">
				<ele>1519.5</ele>
				<extensions>
					<swisstopo:routepoint_id>416773498</swisstopo:routepoint_id>
				</extensions>
			</trkpt>
			<trkpt lat="46.1434858371" lon="6.9848443644">
				<ele>1521.2</ele>
				<extensions>
					<swisstopo:routepoint_id>239599489</swisstopo:routepoint_id>
				</extensions>
			</trkpt>
			<trkpt lat="46.1435279995" lon="6.9847555195">
				<ele>1523.3</ele>
				<extensions>
					<swisstopo:routepoint_id>2110443684</swisstopo:routepoint_id>
				</extensions>
			</trkpt>
			<trkpt lat="46.1435539518" lon="6.9846837066">
				<ele>1524.6</ele>
				<extensions>
					<swisstopo:routepoint_id>1952755134</swisstopo:routepoint_id>
				</extensions>
			</trkpt>
			<trkpt lat="46.1435940453" lon="6.9845323933">
				<ele>1527.4</ele>
				<extensions>
					<swisstopo:routepoint_id>1047345078</swisstopo:routepoint_id>
				</extensions>
			</trkpt>
			<trkpt lat="46.1436082701" lon="6.9844672181">
				<ele>1528.6</ele>
				<extensions>
					<swisstopo:routepoint_id>564947495</swisstopo:routepoint_id>
				</extensions>
			</trkpt>
			<trkpt lat="46.1436155825" lon="6.9844220818">
				<ele>1529.4</ele>
				<extensions>
					<swisstopo:routepoint_id>1141303557</swisstopo:routepoint_id>
				</extensions>
			</trkpt>
			<trkpt lat="46.1436296567" lon="6.9843697422">
				<ele>1530.3</ele>
				<extensions>
					<swisstopo:routepoint_id>1154498486</swisstopo:routepoint_id>
				</extensions>
			</trkpt>
			<trkpt lat="46.1436429568" lon="6.9843478113">
				<ele>1530.7</ele>
				<extensions>
					<swisstopo:routepoint_id>1128689091</swisstopo:routepoint_id>
				</extensions>
			</trkpt>
			<trkpt lat="46.1436622364" lon="6.9843339510">
				<ele>1531.2</ele>
				<extensions>
					<swisstopo:routepoint_id>951977263</swisstopo:routepoint_id>
				</extensions>
			</trkpt>
			<trkpt lat="46.1436611524" lon="6.9843186467">
				<ele>1531.4</ele>
				<extensions>
					<swisstopo:routepoint_id>593179691</swisstopo:routepoint_id>
				</extensions>
			</trkpt>
			<trkpt lat="46.1436560735" lon="6.9842881201">
				<ele>1532.4</ele>
				<extensions>
					<swisstopo:routepoint_id>702276629</swisstopo:routepoint_id>
				</extensions>
			</trkpt>
			<trkpt lat="46.1436488469" lon="6.9842515024">
				<ele>1533.9</ele>
				<extensions>
					<swisstopo:routepoint_id>1791804930</swisstopo:routepoint_id>
				</extensions>
			</trkpt>
			<trkpt lat="46.1436339074" lon="6.9842363420">
				<ele>1534.2</ele>
				<extensions>
					<swisstopo:routepoint_id>1368685021</swisstopo:routepoint_id>
				</extensions>
			</trkpt>
			<trkpt lat="46.1436111870" lon="6.9842212461">
				<ele>1534.8</ele>
				<extensions>
					<swisstopo:routepoint_id>1659599351</swisstopo:routepoint_id>
				</extensions>
			</trkpt>
			<trkpt lat="46.1435834356" lon="6.9841898853">
				<ele>1535.6</ele>
				<extensions>
					<swisstopo:routepoint_id>306371030</swisstopo:routepoint_id>
				</extensions>
			</trkpt>
			<trkpt lat="46.1435719256" lon="6.9841461595">
				<ele>1536.7</ele>
				<extensions>
					<swisstopo:routepoint_id>1709239907</swisstopo:routepoint_id>
				</extensions>
			</trkpt>
			<trkpt lat="46.1435718234" lon="6.9841206906">
				<ele>1537.4</ele>
				<extensions>
					<swisstopo:routepoint_id>1216885584</swisstopo:routepoint_id>
				</extensions>
			</trkpt>
			<trkpt lat="46.1435669357" lon="6.9840922072">
				<ele>1537.8</ele>
				<extensions>
					<swisstopo:routepoint_id>2044954196</swisstopo:routepoint_id>
				</extensions>
			</trkpt>
			<trkpt lat="46.1435074323" lon="6.9840452055">
				<ele>1537.8</ele>
				<extensions>
					<swisstopo:routepoint_id>1535188522</swisstopo:routepoint_id>
				</extensions>
			</trkpt>
			<trkpt lat="46.1434786838" lon="6.9839915154">
				<ele>1538.0</ele>
				<extensions>
					<swisstopo:routepoint_id>1302355478</swisstopo:routepoint_id>
				</extensions>
			</trkpt>
			<trkpt lat="46.1434751577" lon="6.9839512687">
				<ele>1538.1</ele>
				<extensions>
					<swisstopo:routepoint_id>2042403818</swisstopo:routepoint_id>
				</extensions>
			</trkpt>
			<trkpt lat="46.1434856504" lon="6.9839149689">
				<ele>1538.6</ele>
				<extensions>
					<swisstopo:routepoint_id>409762300</swisstopo:routepoint_id>
				</extensions>
			</trkpt>
			<trkpt lat="46.1435111792" lon="6.9839084691">
				<ele>1539.7</ele>
				<extensions>
					<swisstopo:routepoint_id>54200204</swisstopo:routepoint_id>
				</extensions>
			</trkpt>
			<trkpt lat="46.1435278570" lon="6.9839138947">
				<ele>1540.4</ele>
				<extensions>
					<swisstopo:routepoint_id>1734907310</swisstopo:routepoint_id>
				</extensions>
			</trkpt>
			<trkpt lat="46.1435484464" lon="6.9839286972">
				<ele>1541.1</ele>
				<extensions>
					<swisstopo:routepoint_id>1708941584</swisstopo:routepoint_id>
				</extensions>
			</trkpt>
			<trkpt lat="46.1436181098" lon="6.9839396766">
				<ele>1543.6</ele>
				<extensions>
					<swisstopo:routepoint_id>1365869081</swisstopo:routepoint_id>
				</extensions>
			</trkpt>
			<trkpt lat="46.1436347514" lon="6.9839361196">
				<ele>1544.4</ele>
				<extensions>
					<swisstopo:routepoint_id>378034301</swisstopo:routepoint_id>
				</extensions>
			</trkpt>
			<trkpt lat="46.1436358617" lon="6.9839172693">
				<ele>1544.8</ele>
				<extensions>
					<swisstopo:routepoint_id>2085663926</swisstopo:routepoint_id>
				</extensions>
			</trkpt>
			<trkpt lat="46.1436077996" lon="6.9838901146">
				<ele>1545.2</ele>
				<extensions>
					<swisstopo:routepoint_id>1256389890</swisstopo:routepoint_id>
				</extensions>
			</trkpt>
			<trkpt lat="46.1435889590" lon="6.9838667317">
				<ele>1545.9</ele>
				<extensions>
					<swisstopo:routepoint_id>1214686496</swisstopo:routepoint_id>
				</extensions>
			</trkpt>
			<trkpt lat="46.1436165459" lon="6.9838455225">
				<ele>1547.6</ele>
				<extensions>
					<swisstopo:routepoint_id>565979637</swisstopo:routepoint_id>
				</extensions>
			</trkpt>
			<trkpt lat="46.1436484479" lon="6.9838619529">
				<ele>1548.7</ele>
				<extensions>
					<swisstopo:routepoint_id>684386767</swisstopo:routepoint_id>
				</extensions>
			</trkpt>
			<trkpt lat="46.1436713611" lon="6.9838647516">
				<ele>1549.6</ele>
				<extensions>
					<swisstopo:routepoint_id>112608882</swisstopo:routepoint_id>
				</extensions>
			</trkpt>
			<trkpt lat="46.1436811357" lon="6.9838531156">
				<ele>1550.2</ele>
				<extensions>
					<swisstopo:routepoint_id>434563247</swisstopo:routepoint_id>
				</extensions>
			</trkpt>
			<trkpt lat="46.1436810206" lon="6.9838244490">
				<ele>1551.3</ele>
				<extensions>
					<swisstopo:routepoint_id>1618145265</swisstopo:routepoint_id>
				</extensions>
			</trkpt>
			<trkpt lat="46.1436588724" lon="6.9837933776">
				<ele>1552.7</ele>
				<extensions>
					<swisstopo:routepoint_id>870103784</swisstopo:routepoint_id>
				</extensions>
			</trkpt>
			<trkpt lat="46.1436367537" lon="6.9837674563">
				<ele>1553.5</ele>
				<extensions>
					<swisstopo:routepoint_id>1655097625</swisstopo:routepoint_id>
				</extensions>
			</trkpt>
			<trkpt lat="46.1435919875" lon="6.9837327310">
				<ele>1555.8</ele>
				<extensions>
					<swisstopo:routepoint_id>1437546625</swisstopo:routepoint_id>
				</extensions>
			</trkpt>
			<trkpt lat="46.1435648673" lon="6.9837213984">
				<ele>1556.9</ele>
				<extensions>
					<swisstopo:routepoint_id>671277988</swisstopo:routepoint_id>
				</extensions>
			</trkpt>
			<trkpt lat="46.1435425361" lon="6.9837147402">
				<ele>1557.5</ele>
				<extensions>
					<swisstopo:routepoint_id>962938540</swisstopo:routepoint_id>
				</extensions>
			</trkpt>
			<trkpt lat="46.1435356068" lon="6.9836955270">
				<ele>1558.2</ele>
				<extensions>
					<swisstopo:routepoint_id>1825041463</swisstopo:routepoint_id>
				</extensions>
			</trkpt>
			<trkpt lat="46.1435617350" lon="6.9836807629">
				<ele>1559.1</ele>
				<extensions>
					<swisstopo:routepoint_id>1633305231</swisstopo:routepoint_id>
				</extensions>
			</trkpt>
			<trkpt lat="46.1435938460" lon="6.9836770646">
				<ele>1559.7</ele>
				<extensions>
					<swisstopo:routepoint_id>1054864688</swisstopo:routepoint_id>
				</extensions>
			</trkpt>
			<trkpt lat="46.1436179264" lon="6.9836730223">
				<ele>1559.8</ele>
				<extensions>
					<swisstopo:routepoint_id>1639136972</swisstopo:routepoint_id>
				</extensions>
			</trkpt>
			<trkpt lat="46.1436210534" lon="6.9836357472">
				<ele>1561.8</ele>
				<extensions>
					<swisstopo:routepoint_id>1518298318</swisstopo:routepoint_id>
				</extensions>
			</trkpt>
			<trkpt lat="46.1436004536" lon="6.9836183697">
				<ele>1562.6</ele>
				<extensions>
					<swisstopo:routepoint_id>703353858</swisstopo:routepoint_id>
				</extensions>
			</trkpt>
			<trkpt lat="46.1435792755" lon="6.9836035721">
				<ele>1563.8</ele>
				<extensions>
					<swisstopo:routepoint_id>388600055</swisstopo:routepoint_id>
				</extensions>
			</trkpt>
			<trkpt lat="46.1435417250" lon="6.9835871887">
				<ele>1565.3</ele>
				<extensions>
					<swisstopo:routepoint_id>2035194153</swisstopo:routepoint_id>
				</extensions>
			</trkpt>
			<trkpt lat="46.1435633183" lon="6.9835566228">
				<ele>1566.8</ele>
				<extensions>
					<swisstopo:routepoint_id>1825744127</swisstopo:routepoint_id>
				</extensions>
			</trkpt>
			<trkpt lat="46.1435906494" lon="6.9835461205">
				<ele>1567.4</ele>
				<extensions>
					<swisstopo:routepoint_id>1059475972</swisstopo:routepoint_id>
				</extensions>
			</trkpt>
			<trkpt lat="46.1436031444" lon="6.9835468697">
				<ele>1567.7</ele>
				<extensions>
					<swisstopo:routepoint_id>1246618072</swisstopo:routepoint_id>
				</extensions>
			</trkpt>
			<trkpt lat="46.1436047867" lon="6.9835117586">
				<ele>1569.0</ele>
				<extensions>
					<swisstopo:routepoint_id>387354647</swisstopo:routepoint_id>
				</extensions>
			</trkpt>
			<trkpt lat="46.1435696667" lon="6.9835077661">
				<ele>1569.8</ele>
				<extensions>
					<swisstopo:routepoint_id>325461308</swisstopo:routepoint_id>
				</extensions>
			</trkpt>
			<trkpt lat="46.1435164048" lon="6.9835056465">
				<ele>1571.3</ele>
				<extensions>
					<swisstopo:routepoint_id>187334830</swisstopo:routepoint_id>
				</extensions>
			</trkpt>
			<trkpt lat="46.1434958325" lon="6.9834951159">
				<ele>1571.9</ele>
				<extensions>
					<swisstopo:routepoint_id>529886477</swisstopo:routepoint_id>
				</extensions>
			</trkpt>
			<trkpt lat="46.1435067431" lon="6.9834710561">
				<ele>1572.6</ele>
				<extensions>
					<swisstopo:routepoint_id>520451644</swisstopo:routepoint_id>
				</extensions>
			</trkpt>
			<trkpt lat="46.1435349064" lon="6.9834468527">
				<ele>1573.6</ele>
				<extensions>
					<swisstopo:routepoint_id>1621728024</swisstopo:routepoint_id>
				</extensions>
			</trkpt>
			<trkpt lat="46.1435428824" lon="6.9834313737">
				<ele>1573.8</ele>
				<extensions>
					<swisstopo:routepoint_id>818483637</swisstopo:routepoint_id>
				</extensions>
			</trkpt>
			<trkpt lat="46.1435336019" lon="6.9834173303">
				<ele>1574.2</ele>
				<extensions>
					<swisstopo:routepoint_id>196947152</swisstopo:routepoint_id>
				</extensions>
			</trkpt>
			<trkpt lat="46.1434830656" lon="6.9834288789">
				<ele>1575.0</ele>
				<extensions>
					<swisstopo:routepoint_id>1921720176</swisstopo:routepoint_id>
				</extensions>
			</trkpt>
			<trkpt lat="46.1434369730" lon="6.9834335467">
				<ele>1576.2</ele>
				<extensions>
					<swisstopo:routepoint_id>608570170</swisstopo:routepoint_id>
				</extensions>
			</trkpt>
			<trkpt lat="46.1434105035" lon="6.9834354762">
				<ele>1576.9</ele>
				<extensions>
					<swisstopo:routepoint_id>1808793186</swisstopo:routepoint_id>
				</extensions>
			</trkpt>
			<trkpt lat="46.1433958662" lon="6.9834219041">
				<ele>1577.5</ele>
				<extensions>
					<swisstopo:routepoint_id>148963363</swisstopo:routepoint_id>
				</extensions>
			</trkpt>
			<trkpt lat="46.1434079456" lon="6.9833914046">
				<ele>1578.1</ele>
				<extensions>
					<swisstopo:routepoint_id>801018858</swisstopo:routepoint_id>
				</extensions>
			</trkpt>
			<trkpt lat="46.1434515666" lon="6.9833619352">
				<ele>1579.3</ele>
				<extensions>
					<swisstopo:routepoint_id>1089058377</swisstopo:routepoint_id>
				</extensions>
			</trkpt>
			<trkpt lat="46.1435123541" lon="6.9833130649">
				<ele>1581.0</ele>
				<extensions>
					<swisstopo:routepoint_id>643019383</swisstopo:routepoint_id>
				</extensions>
			</trkpt>
			<trkpt lat="46.1435495632" lon="6.9833166133">
				<ele>1582.1</ele>
				<extensions>
					<swisstopo:routepoint_id>1149485685</swisstopo:routepoint_id>
				</extensions>
			</trkpt>
			<trkpt lat="46.1435667780" lon="6.9833070481">
				<ele>1582.4</ele>
				<extensions>
					<swisstopo:routepoint_id>86187509</swisstopo:routepoint_id>
				</extensions>
			</trkpt>
			<trkpt lat="46.1435717758" lon="6.9832937391">
				<ele>1582.5</ele>
				<extensions>
					<swisstopo:routepoint_id>262706763</swisstopo:routepoint_id>
				</extensions>
			</trkpt>
			<trkpt lat="46.1435577119" lon="6.9832720261">
				<ele>1583.4</ele>
				<extensions>
					<swisstopo:routepoint_id>1934118086</swisstopo:routepoint_id>
				</extensions>
			</trkpt>
			<trkpt lat="46.1435361834" lon="6.9832443782">
				<ele>1584.5</ele>
				<extensions>
					<swisstopo:routepoint_id>1656821984</swisstopo:routepoint_id>
				</extensions>
			</trkpt>
			<trkpt lat="46.1435099212" lon="6.9832257652">
				<ele>1585.9</ele>
				<extensions>
					<swisstopo:routepoint_id>373196232</swisstopo:routepoint_id>
				</extensions>
			</trkpt>
			<trkpt lat="46.1434925636" lon="6.9831998077">
				<ele>1586.7</ele>
				<extensions>
					<swisstopo:routepoint_id>926249905</swisstopo:routepoint_id>
				</extensions>
			</trkpt>
			<trkpt lat="46.1434960784" lon="6.9831869408">
				<ele>1587.0</ele>
				<extensions>
					<swisstopo:routepoint_id>1081399438</swisstopo:routepoint_id>
				</extensions>
			</trkpt>
			<trkpt lat="46.1435106191" lon="6.9831786774">
				<ele>1587.5</ele>
				<extensions>
					<swisstopo:routepoint_id>1169061063</swisstopo:routepoint_id>
				</extensions>
			</trkpt>
			<trkpt lat="46.1435072412" lon="6.9831513209">
				<ele>1588.4</ele>
				<extensions>
					<swisstopo:routepoint_id>1531942078</swisstopo:routepoint_id>
				</extensions>
			</trkpt>
			<trkpt lat="46.1434878584" lon="6.9831394850">
				<ele>1589.2</ele>
				<extensions>
					<swisstopo:routepoint_id>736831240</swisstopo:routepoint_id>
				</extensions>
			</trkpt>
			<trkpt lat="46.1434581313" lon="6.9831440169">
				<ele>1590.1</ele>
				<extensions>
					<swisstopo:routepoint_id>2122739493</swisstopo:routepoint_id>
				</extensions>
			</trkpt>
			<trkpt lat="46.1434217959" lon="6.9831349098">
				<ele>1590.9</ele>
				<extensions>
					<swisstopo:routepoint_id>262189070</swisstopo:routepoint_id>
				</extensions>
			</trkpt>
			<trkpt lat="46.1434086589" lon="6.9831230346">
				<ele>1591.3</ele>
				<extensions>
					<swisstopo:routepoint_id>1685599242</swisstopo:routepoint_id>
				</extensions>
			</trkpt>
			<trkpt lat="46.1434145337" lon="6.9831050105">
				<ele>1591.9</ele>
				<extensions>
					<swisstopo:routepoint_id>1037873968</swisstopo:routepoint_id>
				</extensions>
			</trkpt>
			<trkpt lat="46.1434308112" lon="6.9830851779">
				<ele>1592.5</ele>
				<extensions>
					<swisstopo:routepoint_id>381336888</swisstopo:routepoint_id>
				</extensions>
			</trkpt>
			<trkpt lat="46.1434363976" lon="6.9830697281">
				<ele>1592.9</ele>
				<extensions>
					<swisstopo:routepoint_id>20338623</swisstopo:routepoint_id>
				</extensions>
			</trkpt>
			<trkpt lat="46.1434303679" lon="6.9830492280">
				<ele>1593.4</ele>
				<extensions>
					<swisstopo:routepoint_id>629156293</swisstopo:routepoint_id>
				</extensions>
			</trkpt>
			<trkpt lat="46.1434147401" lon="6.9830099762">
				<ele>1594.8</ele>
				<extensions>
					<swisstopo:routepoint_id>1191011140</swisstopo:routepoint_id>
				</extensions>
			</trkpt>
			<trkpt lat="46.1434245137" lon="6.9829675241">
				<ele>1595.5</ele>
				<extensions>
					<swisstopo:routepoint_id>442293801</swisstopo:routepoint_id>
				</extensions>
			</trkpt>
			<trkpt lat="46.1434380965" lon="6.9829133116">
				<ele>1596.0</ele>
				<extensions>
					<swisstopo:routepoint_id>408133817</swisstopo:routepoint_id>
				</extensions>
			</trkpt>
			<trkpt lat="46.1434349522" lon="6.9828414212">
				<ele>1597.6</ele>
				<extensions>
					<swisstopo:routepoint_id>653839588</swisstopo:routepoint_id>
				</extensions>
			</trkpt>
			<trkpt lat="46.1434337412" lon="6.9827784280">
				<ele>1598.3</ele>
				<extensions>
					<swisstopo:routepoint_id>679408841</swisstopo:routepoint_id>
				</extensions>
			</trkpt>
			<trkpt lat="46.1434421191" lon="6.9827297376">
				<ele>1599.1</ele>
				<extensions>
					<swisstopo:routepoint_id>329311880</swisstopo:routepoint_id>
				</extensions>
			</trkpt>
			<trkpt lat="46.1434519561" lon="6.9826899358">
				<ele>1599.9</ele>
				<extensions>
					<swisstopo:routepoint_id>1434401186</swisstopo:routepoint_id>
				</extensions>
			</trkpt>
			<trkpt lat="46.1434504333" lon="6.9826673539">
				<ele>1600.4</ele>
				<extensions>
					<swisstopo:routepoint_id>1923838174</swisstopo:routepoint_id>
				</extensions>
			</trkpt>
			<trkpt lat="46.1434346521" lon="6.9826489887">
				<ele>1600.9</ele>
				<extensions>
					<swisstopo:routepoint_id>905387367</swisstopo:routepoint_id>
				</extensions>
			</trkpt>
			<trkpt lat="46.1433883541" lon="6.9826178760">
				<ele>1602.7</ele>
				<extensions>
					<swisstopo:routepoint_id>1223226414</swisstopo:routepoint_id>
				</extensions>
			</trkpt>
			<trkpt lat="46.1433300140" lon="6.9825806866">
				<ele>1604.5</ele>
				<extensions>
					<swisstopo:routepoint_id>764284103</swisstopo:routepoint_id>
				</extensions>
			</trkpt>
			<trkpt lat="46.1432887657" lon="6.9825339485">
				<ele>1606.4</ele>
				<extensions>
					<swisstopo:routepoint_id>1007792456</swisstopo:routepoint_id>
				</extensions>
			</trkpt>
			<trkpt lat="46.1432610968" lon="6.9824605659">
				<ele>1608.1</ele>
				<extensions>
					<swisstopo:routepoint_id>1027867332</swisstopo:routepoint_id>
				</extensions>
			</trkpt>
			<trkpt lat="46.1432477598" lon="6.9823990357">
				<ele>1609.2</ele>
				<extensions>
					<swisstopo:routepoint_id>929099867</swisstopo:routepoint_id>
				</extensions>
			</trkpt>
			<trkpt lat="46.1432297201" lon="6.9823521013">
				<ele>1610.3</ele>
				<extensions>
					<swisstopo:routepoint_id>1169563094</swisstopo:routepoint_id>
				</extensions>
			</trkpt>
			<trkpt lat="46.1431926252" lon="6.9823027664">
				<ele>1612.0</ele>
				<extensions>
					<swisstopo:routepoint_id>810407024</swisstopo:routepoint_id>
				</extensions>
			</trkpt>
			<trkpt lat="46.1431460236" lon="6.9822552076">
				<ele>1613.7</ele>
				<extensions>
					<swisstopo:routepoint_id>1597468374</swisstopo:routepoint_id>
				</extensions>
			</trkpt>
			<trkpt lat="46.1430970415" lon="6.9822076783">
				<ele>1616.9</ele>
				<extensions>
					<swisstopo:routepoint_id>443979036</swisstopo:routepoint_id>
				</extensions>
			</trkpt>
			<trkpt lat="46.1430843809" lon="6.9821658398">
				<ele>1618.4</ele>
				<extensions>
					<swisstopo:routepoint_id>1901930033</swisstopo:routepoint_id>
				</extensions>
			</trkpt>
			<trkpt lat="46.1430932060" lon="6.9821409442">
				<ele>1619.1</ele>
				<extensions>
					<swisstopo:routepoint_id>12251614</swisstopo:routepoint_id>
				</extensions>
			</trkpt>
			<trkpt lat="46.1431097992" lon="6.9821253900">
				<ele>1619.7</ele>
				<extensions>
					<swisstopo:routepoint_id>773156173</swisstopo:routepoint_id>
				</extensions>
			</trkpt>
			<trkpt lat="46.1431603941" lon="6.9821283994">
				<ele>1620.9</ele>
				<extensions>
					<swisstopo:routepoint_id>912474200</swisstopo:routepoint_id>
				</extensions>
			</trkpt>
			<trkpt lat="46.1431668178" lon="6.9820983862">
				<ele>1621.7</ele>
				<extensions>
					<swisstopo:routepoint_id>966786086</swisstopo:routepoint_id>
				</extensions>
			</trkpt>
			<trkpt lat="46.1431416914" lon="6.9820652049">
				<ele>1622.9</ele>
				<extensions>
					<swisstopo:routepoint_id>1901577820</swisstopo:routepoint_id>
				</extensions>
			</trkpt>
			<trkpt lat="46.1431004050" lon="6.9820090457">
				<ele>1624.4</ele>
				<extensions>
					<swisstopo:routepoint_id>307535386</swisstopo:routepoint_id>
				</extensions>
			</trkpt>
			<trkpt lat="46.1430806336" lon="6.9819749793">
				<ele>1624.8</ele>
				<extensions>
					<swisstopo:routepoint_id>2041450215</swisstopo:routepoint_id>
				</extensions>
			</trkpt>
			<trkpt lat="46.1430442552" lon="6.9819312408">
				<ele>1624.6</ele>
				<extensions>
					<swisstopo:routepoint_id>1657467236</swisstopo:routepoint_id>
				</extensions>
			</trkpt>
			<trkpt lat="46.1430733926" lon="6.9818981250">
				<ele>1624.8</ele>
				<extensions>
					<swisstopo:routepoint_id>647014171</swisstopo:routepoint_id>
				</extensions>
			</trkpt>
			<trkpt lat="46.1430911355" lon="6.9818692086">
				<ele>1625.0</ele>
				<extensions>
					<swisstopo:routepoint_id>1723698543</swisstopo:routepoint_id>
				</extensions>
			</trkpt>
			<trkpt lat="46.1431160404" lon="6.9818474396">
				<ele>1625.2</ele>
				<extensions>
					<swisstopo:routepoint_id>768402622</swisstopo:routepoint_id>
				</extensions>
			</trkpt>
			<trkpt lat="46.1431346226" lon="6.9818524094">
				<ele>1625.7</ele>
				<extensions>
					<swisstopo:routepoint_id>1056218732</swisstopo:routepoint_id>
				</extensions>
			</trkpt>
			<trkpt lat="46.1431745806" lon="6.9818448941">
				<ele>1626.5</ele>
				<extensions>
					<swisstopo:routepoint_id>1141971653</swisstopo:routepoint_id>
				</extensions>
			</trkpt>
			<trkpt lat="46.1432352555" lon="6.9818423276">
				<ele>1627.8</ele>
				<extensions>
					<swisstopo:routepoint_id>1981574247</swisstopo:routepoint_id>
				</extensions>
			</trkpt>
			<trkpt lat="46.1432852061" lon="6.9818336926">
				<ele>1629.0</ele>
				<extensions>
					<swisstopo:routepoint_id>1671518722</swisstopo:routepoint_id>
				</extensions>
			</trkpt>
			<trkpt lat="46.1433144512" lon="6.9818272904">
				<ele>1629.6</ele>
				<extensions>
					<swisstopo:routepoint_id>2123561745</swisstopo:routepoint_id>
				</extensions>
			</trkpt>
			<trkpt lat="46.1433551413" lon="6.9818248939">
				<ele>1630.2</ele>
				<extensions>
					<swisstopo:routepoint_id>1869831128</swisstopo:routepoint_id>
				</extensions>
			</trkpt>
			<trkpt lat="46.1434065565" lon="6.9818265217">
				<ele>1630.4</ele>
				<extensions>
					<swisstopo:routepoint_id>1749964799</swisstopo:routepoint_id>
				</extensions>
			</trkpt>
			<trkpt lat="46.1434479836" lon="6.9818282329">
				<ele>1632.2</ele>
				<extensions>
					<swisstopo:routepoint_id>296793419</swisstopo:routepoint_id>
				</extensions>
			</trkpt>
			<trkpt lat="46.1434914514" lon="6.9818066341">
				<ele>1633.5</ele>
				<extensions>
					<swisstopo:routepoint_id>498333017</swisstopo:routepoint_id>
				</extensions>
			</trkpt>
			<trkpt lat="46.1435094254" lon="6.9817784107">
				<ele>1634.2</ele>
				<extensions>
					<swisstopo:routepoint_id>1336281449</swisstopo:routepoint_id>
				</extensions>
			</trkpt>
			<trkpt lat="46.1435020682" lon="6.9817250488">
				<ele>1635.4</ele>
				<extensions>
					<swisstopo:routepoint_id>332928612</swisstopo:routepoint_id>
				</extensions>
			</trkpt>
			<trkpt lat="46.1434876967" lon="6.9817011997">
				<ele>1635.9</ele>
				<extensions>
					<swisstopo:routepoint_id>2080166996</swisstopo:routepoint_id>
				</extensions>
			</trkpt>
			<trkpt lat="46.1434374451" lon="6.9816351876">
				<ele>1638.2</ele>
				<extensions>
					<swisstopo:routepoint_id>448479817</swisstopo:routepoint_id>
				</extensions>
			</trkpt>
			<trkpt lat="46.1434363996" lon="6.9816112305">
				<ele>1638.9</ele>
				<extensions>
					<swisstopo:routepoint_id>1955850578</swisstopo:routepoint_id>
				</extensions>
			</trkpt>
			<trkpt lat="46.1434510936" lon="6.9815974139">
				<ele>1639.8</ele>
				<extensions>
					<swisstopo:routepoint_id>317249376</swisstopo:routepoint_id>
				</extensions>
			</trkpt>
			<trkpt lat="46.1434872602" lon="6.9815929981">
				<ele>1641.2</ele>
				<extensions>
					<swisstopo:routepoint_id>90865599</swisstopo:routepoint_id>
				</extensions>
			</trkpt>
			<trkpt lat="46.1435266894" lon="6.9815741723">
				<ele>1641.0</ele>
				<extensions>
					<swisstopo:routepoint_id>683464086</swisstopo:routepoint_id>
				</extensions>
			</trkpt>
			<trkpt lat="46.1435342696" lon="6.9815652051">
				<ele>1641.1</ele>
				<extensions>
					<swisstopo:routepoint_id>54983128</swisstopo:routepoint_id>
				</extensions>
			</trkpt>
			<trkpt lat="46.1435302859" lon="6.9815227885">
				<ele>1641.9</ele>
				<extensions>
					<swisstopo:routepoint_id>54945734</swisstopo:routepoint_id>
				</extensions>
			</trkpt>
			<trkpt lat="46.1435067917" lon="6.9814805222">
				<ele>1643.0</ele>
				<extensions>
					<swisstopo:routepoint_id>500362998</swisstopo:routepoint_id>
				</extensions>
			</trkpt>
			<trkpt lat="46.1434795325" lon="6.9814478800">
				<ele>1643.8</ele>
				<extensions>
					<swisstopo:routepoint_id>1195603311</swisstopo:routepoint_id>
				</extensions>
			</trkpt>
			<trkpt lat="46.1434522370" lon="6.9814083881">
				<ele>1645.8</ele>
				<extensions>
					<swisstopo:routepoint_id>941887164</swisstopo:routepoint_id>
				</extensions>
			</trkpt>
			<trkpt lat="46.1434483222" lon="6.9813830805">
				<ele>1646.6</ele>
				<extensions>
					<swisstopo:routepoint_id>1025819040</swisstopo:routepoint_id>
				</extensions>
			</trkpt>
			<trkpt lat="46.1434525487" lon="6.9813659231">
				<ele>1646.9</ele>
				<extensions>
					<swisstopo:routepoint_id>1342445946</swisstopo:routepoint_id>
				</extensions>
			</trkpt>
			<trkpt lat="46.1434691460" lon="6.9813513923">
				<ele>1647.6</ele>
				<extensions>
					<swisstopo:routepoint_id>336123308</swisstopo:routepoint_id>
				</extensions>
			</trkpt>
			<trkpt lat="46.1435009922" lon="6.9813408636">
				<ele>1649.4</ele>
				<extensions>
					<swisstopo:routepoint_id>821601474</swisstopo:routepoint_id>
				</extensions>
			</trkpt>
			<trkpt lat="46.1435275725" lon="6.9813228338">
				<ele>1650.6</ele>
				<extensions>
					<swisstopo:routepoint_id>812941784</swisstopo:routepoint_id>
				</extensions>
			</trkpt>
			<trkpt lat="46.1435160172" lon="6.9812893717">
				<ele>1652.2</ele>
				<extensions>
					<swisstopo:routepoint_id>1413602935</swisstopo:routepoint_id>
				</extensions>
			</trkpt>
			<trkpt lat="46.1434968596" lon="6.9812594046">
				<ele>1652.9</ele>
				<extensions>
					<swisstopo:routepoint_id>288595923</swisstopo:routepoint_id>
				</extensions>
			</trkpt>
			<trkpt lat="46.1434744385" lon="6.9812479423">
				<ele>1653.0</ele>
				<extensions>
					<swisstopo:routepoint_id>2136767872</swisstopo:routepoint_id>
				</extensions>
			</trkpt>
			<trkpt lat="46.1434520316" lon="6.9812378544">
				<ele>1653.1</ele>
				<extensions>
					<swisstopo:routepoint_id>333615106</swisstopo:routepoint_id>
				</extensions>
			</trkpt>
			<trkpt lat="46.1434495732" lon="6.9812207528">
				<ele>1653.2</ele>
				<extensions>
					<swisstopo:routepoint_id>548422290</swisstopo:routepoint_id>
				</extensions>
			</trkpt>
			<trkpt lat="46.1434680717" lon="6.9812028032">
				<ele>1654.1</ele>
				<extensions>
					<swisstopo:routepoint_id>744694658</swisstopo:routepoint_id>
				</extensions>
			</trkpt>
			<trkpt lat="46.1434870634" lon="6.9811916836">
				<ele>1655.3</ele>
				<extensions>
					<swisstopo:routepoint_id>1863871521</swisstopo:routepoint_id>
				</extensions>
			</trkpt>
			<trkpt lat="46.1434869777" lon="6.9811704452">
				<ele>1655.0</ele>
				<extensions>
					<swisstopo:routepoint_id>748606121</swisstopo:routepoint_id>
				</extensions>
			</trkpt>
			<trkpt lat="46.1434711410" lon="6.9811383902">
				<ele>1654.8</ele>
				<extensions>
					<swisstopo:routepoint_id>1161374872</swisstopo:routepoint_id>
				</extensions>
			</trkpt>
			<trkpt lat="46.1434586475" lon="6.9811097387">
				<ele>1655.6</ele>
				<extensions>
					<swisstopo:routepoint_id>544766119</swisstopo:routepoint_id>
				</extensions>
			</trkpt>
			<trkpt lat="46.1434652403" lon="6.9810911902">
				<ele>1656.2</ele>
				<extensions>
					<swisstopo:routepoint_id>1620451739</swisstopo:routepoint_id>
				</extensions>
			</trkpt>
			<trkpt lat="46.1434989567" lon="6.9810717293">
				<ele>1658.1</ele>
				<extensions>
					<swisstopo:routepoint_id>1482520719</swisstopo:routepoint_id>
				</extensions>
			</trkpt>
			<trkpt lat="46.1435213552" lon="6.9810797603">
				<ele>1659.1</ele>
				<extensions>
					<swisstopo:routepoint_id>1508833785</swisstopo:routepoint_id>
				</extensions>
			</trkpt>
			<trkpt lat="46.1435361275" lon="6.9810810082">
				<ele>1659.8</ele>
				<extensions>
					<swisstopo:routepoint_id>1009370034</swisstopo:routepoint_id>
				</extensions>
			</trkpt>
			<trkpt lat="46.1435331447" lon="6.9810515882">
				<ele>1660.5</ele>
				<extensions>
					<swisstopo:routepoint_id>2012359691</swisstopo:routepoint_id>
				</extensions>
			</trkpt>
			<trkpt lat="46.1435278317" lon="6.9810324536">
				<ele>1661.1</ele>
				<extensions>
					<swisstopo:routepoint_id>826684362</swisstopo:routepoint_id>
				</extensions>
			</trkpt>
			<trkpt lat="46.1435392410" lon="6.9810275714">
				<ele>1661.4</ele>
				<extensions>
					<swisstopo:routepoint_id>2019631892</swisstopo:routepoint_id>
				</extensions>
			</trkpt>
			<trkpt lat="46.1435549781" lon="6.9810349693">
				<ele>1662.2</ele>
				<extensions>
					<swisstopo:routepoint_id>249916711</swisstopo:routepoint_id>
				</extensions>
			</trkpt>
			<trkpt lat="46.1435779150" lon="6.9810566897">
				<ele>1663.1</ele>
				<extensions>
					<swisstopo:routepoint_id>135709975</swisstopo:routepoint_id>
				</extensions>
			</trkpt>
			<trkpt lat="46.1436007962" lon="6.9810667736">
				<ele>1663.7</ele>
				<extensions>
					<swisstopo:routepoint_id>1010438293</swisstopo:routepoint_id>
				</extensions>
			</trkpt>
			<trkpt lat="46.1436450511" lon="6.9810595566">
				<ele>1665.4</ele>
				<extensions>
					<swisstopo:routepoint_id>950309176</swisstopo:routepoint_id>
				</extensions>
			</trkpt>
			<trkpt lat="46.1437078611" lon="6.9810549177">
				<ele>1667.1</ele>
				<extensions>
					<swisstopo:routepoint_id>228387195</swisstopo:routepoint_id>
				</extensions>
			</trkpt>
			<trkpt lat="46.1437402679" lon="6.9810635508">
				<ele>1668.3</ele>
				<extensions>
					<swisstopo:routepoint_id>1275317586</swisstopo:routepoint_id>
				</extensions>
			</trkpt>
			<trkpt lat="46.1437684376" lon="6.9810845514">
				<ele>1669.7</ele>
				<extensions>
					<swisstopo:routepoint_id>525479150</swisstopo:routepoint_id>
				</extensions>
			</trkpt>
			<trkpt lat="46.1437898597" lon="6.9810857341">
				<ele>1670.5</ele>
				<extensions>
					<swisstopo:routepoint_id>812157526</swisstopo:routepoint_id>
				</extensions>
			</trkpt>
			<trkpt lat="46.1438321499" lon="6.9810662109">
				<ele>1671.6</ele>
				<extensions>
					<swisstopo:routepoint_id>5670342</swisstopo:routepoint_id>
				</extensions>
			</trkpt>
			<trkpt lat="46.1438987363" lon="6.9810526364">
				<ele>1673.0</ele>
				<extensions>
					<swisstopo:routepoint_id>130712289</swisstopo:routepoint_id>
				</extensions>
			</trkpt>
			<trkpt lat="46.1439396610" lon="6.9810495644">
				<ele>1674.2</ele>
				<extensions>
					<swisstopo:routepoint_id>1885300882</swisstopo:routepoint_id>
				</extensions>
			</trkpt>
			<trkpt lat="46.1439405102" lon="6.9810249023">
				<ele>1675.1</ele>
				<extensions>
					<swisstopo:routepoint_id>315456354</swisstopo:routepoint_id>
				</extensions>
			</trkpt>
			<trkpt lat="46.1438888903" lon="6.9809725927">
				<ele>1677.8</ele>
				<extensions>
					<swisstopo:routepoint_id>1920832815</swisstopo:routepoint_id>
				</extensions>
			</trkpt>
			<trkpt lat="46.1438701848" lon="6.9809371332">
				<ele>1680.2</ele>
				<extensions>
					<swisstopo:routepoint_id>1161189072</swisstopo:routepoint_id>
				</extensions>
			</trkpt>
			<trkpt lat="46.1438782006" lon="6.9809185854">
				<ele>1681.3</ele>
				<extensions>
					<swisstopo:routepoint_id>486501543</swisstopo:routepoint_id>
				</extensions>
			</trkpt>
			<trkpt lat="46.1439270912" lon="6.9808846176">
				<ele>1683.5</ele>
				<extensions>
					<swisstopo:routepoint_id>686554182</swisstopo:routepoint_id>
				</extensions>
			</trkpt>
			<trkpt lat="46.1439888612" lon="6.9808573892">
				<ele>1685.4</ele>
				<extensions>
					<swisstopo:routepoint_id>145957808</swisstopo:routepoint_id>
				</extensions>
			</trkpt>
			<trkpt lat="46.1440349051" lon="6.9808255021">
				<ele>1686.9</ele>
				<extensions>
					<swisstopo:routepoint_id>30035379</swisstopo:routepoint_id>
				</extensions>
			</trkpt>
			<trkpt lat="46.1440539083" lon="6.9808150679">
				<ele>1687.5</ele>
				<extensions>
					<swisstopo:routepoint_id>1043397483</swisstopo:routepoint_id>
				</extensions>
			</trkpt>
			<trkpt lat="46.1440528351" lon="6.9807842637">
				<ele>1689.0</ele>
				<extensions>
					<swisstopo:routepoint_id>84775692</swisstopo:routepoint_id>
				</extensions>
			</trkpt>
			<trkpt lat="46.1440270071" lon="6.9807536634">
				<ele>1689.8</ele>
				<extensions>
					<swisstopo:routepoint_id>242262972</swisstopo:routepoint_id>
				</extensions>
			</trkpt>
			<trkpt lat="46.1440240714" lon="6.9807358799">
				<ele>1690.4</ele>
				<extensions>
					<swisstopo:routepoint_id>1957882679</swisstopo:routepoint_id>
				</extensions>
			</trkpt>
			<trkpt lat="46.1440392570" lon="6.9807220462">
				<ele>1691.4</ele>
				<extensions>
					<swisstopo:routepoint_id>1597025555</swisstopo:routepoint_id>
				</extensions>
			</trkpt>
			<trkpt lat="46.1440730455" lon="6.9807204049">
				<ele>1692.7</ele>
				<extensions>
					<swisstopo:routepoint_id>105763432</swisstopo:routepoint_id>
				</extensions>
			</trkpt>
			<trkpt lat="46.1440968371" lon="6.9807188346">
				<ele>1694.0</ele>
				<extensions>
					<swisstopo:routepoint_id>93280706</swisstopo:routepoint_id>
				</extensions>
			</trkpt>
			<trkpt lat="46.1441371461" lon="6.9806808245">
				<ele>1696.5</ele>
				<extensions>
					<swisstopo:routepoint_id>1308402798</swisstopo:routepoint_id>
				</extensions>
			</trkpt>
			<trkpt lat="46.1441798053" lon="6.9806352714">
				<ele>1698.5</ele>
				<extensions>
					<swisstopo:routepoint_id>749211937</swisstopo:routepoint_id>
				</extensions>
			</trkpt>
			<trkpt lat="46.1441835481" lon="6.9806201779">
				<ele>1699.0</ele>
				<extensions>
					<swisstopo:routepoint_id>737295761</swisstopo:routepoint_id>
				</extensions>
			</trkpt>
			<trkpt lat="46.1441773140" lon="6.9806078946">
				<ele>1699.7</ele>
				<extensions>
					<swisstopo:routepoint_id>1764846875</swisstopo:routepoint_id>
				</extensions>
			</trkpt>
			<trkpt lat="46.1441473409" lon="6.9806102024">
				<ele>1700.7</ele>
				<extensions>
					<swisstopo:routepoint_id>298710902</swisstopo:routepoint_id>
				</extensions>
			</trkpt>
			<trkpt lat="46.1441278240" lon="6.9806130988">
				<ele>1701.2</ele>
				<extensions>
					<swisstopo:routepoint_id>1397089600</swisstopo:routepoint_id>
				</extensions>
			</trkpt>
			<trkpt lat="46.1441116071" lon="6.9806043432">
				<ele>1701.6</ele>
				<extensions>
					<swisstopo:routepoint_id>1595203364</swisstopo:routepoint_id>
				</extensions>
			</trkpt>
			<trkpt lat="46.1441214902" lon="6.9805761740">
				<ele>1703.0</ele>
				<extensions>
					<swisstopo:routepoint_id>1292648288</swisstopo:routepoint_id>
				</extensions>
			</trkpt>
			<trkpt lat="46.1441484726" lon="6.9805403322">
				<ele>1704.8</ele>
				<extensions>
					<swisstopo:routepoint_id>567006461</swisstopo:routepoint_id>
				</extensions>
			</trkpt>
			<trkpt lat="46.1441707664" lon="6.9805202933">
				<ele>1705.6</ele>
				<extensions>
					<swisstopo:routepoint_id>329177419</swisstopo:routepoint_id>
				</extensions>
			</trkpt>
			<trkpt lat="46.1441649929" lon="6.9805045907">
				<ele>1706.2</ele>
				<extensions>
					<swisstopo:routepoint_id>838467119</swisstopo:routepoint_id>
				</extensions>
			</trkpt>
			<trkpt lat="46.1441178674" lon="6.9805036138">
				<ele>1708.7</ele>
				<extensions>
					<swisstopo:routepoint_id>464249810</swisstopo:routepoint_id>
				</extensions>
			</trkpt>
			<trkpt lat="46.1440917472" lon="6.9805202691">
				<ele>1711.3</ele>
				<extensions>
					<swisstopo:routepoint_id>242030004</swisstopo:routepoint_id>
				</extensions>
			</trkpt>
			<trkpt lat="46.1440760295" lon="6.9805176548">
				<ele>1713.2</ele>
				<extensions>
					<swisstopo:routepoint_id>490280049</swisstopo:routepoint_id>
				</extensions>
			</trkpt>
			<trkpt lat="46.1440631473" lon="6.9805102331">
				<ele>1714.3</ele>
				<extensions>
					<swisstopo:routepoint_id>1262939171</swisstopo:routepoint_id>
				</extensions>
			</trkpt>
			<trkpt lat="46.1440607146" lon="6.9804951882">
				<ele>1715.9</ele>
				<extensions>
					<swisstopo:routepoint_id>1594300970</swisstopo:routepoint_id>
				</extensions>
			</trkpt>
			<trkpt lat="46.1440691549" lon="6.9804643011">
				<ele>1718.1</ele>
				<extensions>
					<swisstopo:routepoint_id>1540783728</swisstopo:routepoint_id>
				</extensions>
			</trkpt>
			<trkpt lat="46.1440752477" lon="6.9804416427">
				<ele>1720.1</ele>
				<extensions>
					<swisstopo:routepoint_id>2078577811</swisstopo:routepoint_id>
				</extensions>
			</trkpt>
			<trkpt lat="46.1440471471" lon="6.9804377734">
				<ele>1721.1</ele>
				<extensions>
					<swisstopo:routepoint_id>760118481</swisstopo:routepoint_id>
				</extensions>
			</trkpt>
			<trkpt lat="46.1440123874" lon="6.9804360075">
				<ele>1722.4</ele>
				<extensions>
					<swisstopo:routepoint_id>854719952</swisstopo:routepoint_id>
				</extensions>
			</trkpt>
			<trkpt lat="46.1439523519" lon="6.9804207591">
				<ele>1724.4</ele>
				<extensions>
					<swisstopo:routepoint_id>791350089</swisstopo:routepoint_id>
				</extensions>
			</trkpt>
			<trkpt lat="46.1439132501" lon="6.9804053355">
				<ele>1729.4</ele>
				<extensions>
					<swisstopo:routepoint_id>1743511972</swisstopo:routepoint_id>
				</extensions>
			</trkpt>
			<trkpt lat="46.1438802890" lon="6.9803747983">
				<ele>1731.3</ele>
				<extensions>
					<swisstopo:routepoint_id>1340955370</swisstopo:routepoint_id>
				</extensions>
			</trkpt>
			<trkpt lat="46.1438215071" lon="6.9803198067">
				<ele>1733.4</ele>
				<extensions>
					<swisstopo:routepoint_id>1221080186</swisstopo:routepoint_id>
				</extensions>
			</trkpt>
			<trkpt lat="46.1437719291" lon="6.9803010553">
				<ele>1735.3</ele>
				<extensions>
					<swisstopo:routepoint_id>930644641</swisstopo:routepoint_id>
				</extensions>
			</trkpt>
			<trkpt lat="46.1437571217" lon="6.9802867997">
				<ele>1736.0</ele>
				<extensions>
					<swisstopo:routepoint_id>2058608894</swisstopo:routepoint_id>
				</extensions>
			</trkpt>
			<trkpt lat="46.1437798455" lon="6.9802557838">
				<ele>1737.2</ele>
				<extensions>
					<swisstopo:routepoint_id>1281942914</swisstopo:routepoint_id>
				</extensions>
			</trkpt>
			<trkpt lat="46.1437931045" lon="6.9802412931">
				<ele>1738.2</ele>
				<extensions>
					<swisstopo:routepoint_id>605593321</swisstopo:routepoint_id>
				</extensions>
			</trkpt>
			<trkpt lat="46.1437792657" lon="6.9802297625">
				<ele>1738.8</ele>
				<extensions>
					<swisstopo:routepoint_id>613986108</swisstopo:routepoint_id>
				</extensions>
			</trkpt>
			<trkpt lat="46.1437240073" lon="6.9802226926">
				<ele>1739.8</ele>
				<extensions>
					<swisstopo:routepoint_id>1947938489</swisstopo:routepoint_id>
				</extensions>
			</trkpt>
			<trkpt lat="46.1436696933" lon="6.9802080822">
				<ele>1740.4</ele>
				<extensions>
					<swisstopo:routepoint_id>847124236</swisstopo:routepoint_id>
				</extensions>
			</trkpt>
			<trkpt lat="46.1436543330" lon="6.9801787692">
				<ele>1741.1</ele>
				<extensions>
					<swisstopo:routepoint_id>715580148</swisstopo:routepoint_id>
				</extensions>
			</trkpt>
			<trkpt lat="46.1436542804" lon="6.9801657487">
				<ele>1741.5</ele>
				<extensions>
					<swisstopo:routepoint_id>1377948428</swisstopo:routepoint_id>
				</extensions>
			</trkpt>
			<trkpt lat="46.1436803699" lon="6.9801415610">
				<ele>1742.9</ele>
				<extensions>
					<swisstopo:routepoint_id>858334361</swisstopo:routepoint_id>
				</extensions>
			</trkpt>
			<trkpt lat="46.1436950304" lon="6.9801195292">
				<ele>1743.8</ele>
				<extensions>
					<swisstopo:routepoint_id>2021039280</swisstopo:routepoint_id>
				</extensions>
			</trkpt>
			<trkpt lat="46.1436949822" lon="6.9800902521">
				<ele>1744.4</ele>
				<extensions>
					<swisstopo:routepoint_id>1961438390</swisstopo:routepoint_id>
				</extensions>
			</trkpt>
			<trkpt lat="46.1437528245" lon="6.9800498673">
				<ele>1745.7</ele>
				<extensions>
					<swisstopo:routepoint_id>1582970718</swisstopo:routepoint_id>
				</extensions>
			</trkpt>
			<trkpt lat="46.1438021842" lon="6.9800124794">
				<ele>1747.2</ele>
				<extensions>
					<swisstopo:routepoint_id>1672644964</swisstopo:routepoint_id>
				</extensions>
			</trkpt>
			<trkpt lat="46.1438263310" lon="6.9799814640">
				<ele>1747.9</ele>
				<extensions>
					<swisstopo:routepoint_id>838547054</swisstopo:routepoint_id>
				</extensions>
			</trkpt>
			<trkpt lat="46.1438542375" lon="6.9799373930">
				<ele>1748.6</ele>
				<extensions>
					<swisstopo:routepoint_id>1424592951</swisstopo:routepoint_id>
				</extensions>
			</trkpt>
			<trkpt lat="46.1438730409" lon="6.9798776535">
				<ele>1748.9</ele>
				<extensions>
					<swisstopo:routepoint_id>305334862</swisstopo:routepoint_id>
				</extensions>
			</trkpt>
			<trkpt lat="46.1439070374" lon="6.9798102508">
				<ele>1749.4</ele>
				<extensions>
					<swisstopo:routepoint_id>2067899130</swisstopo:routepoint_id>
				</extensions>
			</trkpt>
			<trkpt lat="46.1439416168" lon="6.9797674982">
				<ele>1750.0</ele>
				<extensions>
					<swisstopo:routepoint_id>1399494782</swisstopo:routepoint_id>
				</extensions>
			</trkpt>
			<trkpt lat="46.1439852549" lon="6.9797294690">
				<ele>1750.9</ele>
				<extensions>
					<swisstopo:routepoint_id>407040811</swisstopo:routepoint_id>
				</extensions>
			</trkpt>
			<trkpt lat="46.1439985226" lon="6.9797149813">
				<ele>1751.1</ele>
				<extensions>
					<swisstopo:routepoint_id>265409090</swisstopo:routepoint_id>
				</extensions>
			</trkpt>
			<trkpt lat="46.1440036972" lon="6.9796998725">
				<ele>1751.3</ele>
				<extensions>
					<swisstopo:routepoint_id>210841520</swisstopo:routepoint_id>
				</extensions>
			</trkpt>
			<trkpt lat="46.1440045659" lon="6.9796779402">
				<ele>1751.6</ele>
				<extensions>
					<swisstopo:routepoint_id>1344186280</swisstopo:routepoint_id>
				</extensions>
			</trkpt>
			<trkpt lat="46.1439987612" lon="6.9796567654">
				<ele>1752.0</ele>
				<extensions>
					<swisstopo:routepoint_id>610580178</swisstopo:routepoint_id>
				</extensions>
			</trkpt>
			<trkpt lat="46.1439804903" lon="6.9796332589">
				<ele>1752.4</ele>
				<extensions>
					<swisstopo:routepoint_id>991300572</swisstopo:routepoint_id>
				</extensions>
			</trkpt>
			<trkpt lat="46.1439501299" lon="6.9796223851">
				<ele>1752.9</ele>
				<extensions>
					<swisstopo:routepoint_id>498757659</swisstopo:routepoint_id>
				</extensions>
			</trkpt>
			<trkpt lat="46.1439075389" lon="6.9796217975">
				<ele>1753.5</ele>
				<extensions>
					<swisstopo:routepoint_id>1597322058</swisstopo:routepoint_id>
				</extensions>
			</trkpt>
			<trkpt lat="46.1438537414" lon="6.9796175756">
				<ele>1754.1</ele>
				<extensions>
					<swisstopo:routepoint_id>2080114453</swisstopo:routepoint_id>
				</extensions>
			</trkpt>
			<trkpt lat="46.1438258455" lon="6.9796273990">
				<ele>1754.5</ele>
				<extensions>
					<swisstopo:routepoint_id>507638791</swisstopo:routepoint_id>
				</extensions>
			</trkpt>
			<trkpt lat="46.1437674163" lon="6.9796573339">
				<ele>1755.4</ele>
				<extensions>
					<swisstopo:routepoint_id>1818114622</swisstopo:routepoint_id>
				</extensions>
			</trkpt>
			<trkpt lat="46.1437160928" lon="6.9796783148">
				<ele>1756.4</ele>
				<extensions>
					<swisstopo:routepoint_id>1600850434</swisstopo:routepoint_id>
				</extensions>
			</trkpt>
			<trkpt lat="46.1436552030" lon="6.9796863579">
				<ele>1757.7</ele>
				<extensions>
					<swisstopo:routepoint_id>1827251562</swisstopo:routepoint_id>
				</extensions>
			</trkpt>
			<trkpt lat="46.1436023698" lon="6.9796881596">
				<ele>1758.7</ele>
				<extensions>
					<swisstopo:routepoint_id>359279097</swisstopo:routepoint_id>
				</extensions>
			</trkpt>
			<trkpt lat="46.1435828090" lon="6.9796780611">
				<ele>1759.0</ele>
				<extensions>
					<swisstopo:routepoint_id>1967472629</swisstopo:routepoint_id>
				</extensions>
			</trkpt>
			<trkpt lat="46.1435703568" lon="6.9796596720">
				<ele>1759.4</ele>
				<extensions>
					<swisstopo:routepoint_id>1139214862</swisstopo:routepoint_id>
				</extensions>
			</trkpt>
			<trkpt lat="46.1435669270" lon="6.9796283792">
				<ele>1759.7</ele>
				<extensions>
					<swisstopo:routepoint_id>1150920713</swisstopo:routepoint_id>
				</extensions>
			</trkpt>
			<trkpt lat="46.1435770706" lon="6.9795865203">
				<ele>1760.5</ele>
				<extensions>
					<swisstopo:routepoint_id>1881272842</swisstopo:routepoint_id>
				</extensions>
			</trkpt>
			<trkpt lat="46.1436026580" lon="6.9795251665">
				<ele>1761.5</ele>
				<extensions>
					<swisstopo:routepoint_id>366693155</swisstopo:routepoint_id>
				</extensions>
			</trkpt>
			<trkpt lat="46.1436300595" lon="6.9794735701">
				<ele>1762.3</ele>
				<extensions>
					<swisstopo:routepoint_id>17526742</swisstopo:routepoint_id>
				</extensions>
			</trkpt>
			<trkpt lat="46.1436646134" lon="6.9794267164">
				<ele>1763.0</ele>
				<extensions>
					<swisstopo:routepoint_id>802033223</swisstopo:routepoint_id>
				</extensions>
			</trkpt>
			<trkpt lat="46.1436968537" lon="6.9793942585">
				<ele>1763.6</ele>
				<extensions>
					<swisstopo:routepoint_id>985051078</swisstopo:routepoint_id>
				</extensions>
			</trkpt>
			<trkpt lat="46.1437304256" lon="6.9793782385">
				<ele>1764.2</ele>
				<extensions>
					<swisstopo:routepoint_id>1372470215</swisstopo:routepoint_id>
				</extensions>
			</trkpt>
			<trkpt lat="46.1437613646" lon="6.9793714827">
				<ele>1764.8</ele>
				<extensions>
					<swisstopo:routepoint_id>63968245</swisstopo:routepoint_id>
				</extensions>
			</trkpt>
			<trkpt lat="46.1438253604" lon="6.9793581586">
				<ele>1766.2</ele>
				<extensions>
					<swisstopo:routepoint_id>788236484</swisstopo:routepoint_id>
				</extensions>
			</trkpt>
			<trkpt lat="46.1438490942" lon="6.9793401641">
				<ele>1766.8</ele>
				<extensions>
					<swisstopo:routepoint_id>1296944562</swisstopo:routepoint_id>
				</extensions>
			</trkpt>
			<trkpt lat="46.1438689068" lon="6.9792975351">
				<ele>1767.7</ele>
				<extensions>
					<swisstopo:routepoint_id>1740986591</swisstopo:routepoint_id>
				</extensions>
			</trkpt>
			<trkpt lat="46.1438866716" lon="6.9792460572">
				<ele>1768.7</ele>
				<extensions>
					<swisstopo:routepoint_id>1397942053</swisstopo:routepoint_id>
				</extensions>
			</trkpt>
			<trkpt lat="46.1438928171" lon="6.9791736080">
				<ele>1769.7</ele>
				<extensions>
					<swisstopo:routepoint_id>574679116</swisstopo:routepoint_id>
				</extensions>
			</trkpt>
			<trkpt lat="46.1438887447" lon="6.9791225883">
				<ele>1770.2</ele>
				<extensions>
					<swisstopo:routepoint_id>1622881209</swisstopo:routepoint_id>
				</extensions>
			</trkpt>
			<trkpt lat="46.1438718346" lon="6.9790902457">
				<ele>1770.8</ele>
				<extensions>
					<swisstopo:routepoint_id>2013673926</swisstopo:routepoint_id>
				</extensions>
			</trkpt>
			<trkpt lat="46.1438427090" lon="6.9790654341">
				<ele>1771.6</ele>
				<extensions>
					<swisstopo:routepoint_id>701594508</swisstopo:routepoint_id>
				</extensions>
			</trkpt>
			<trkpt lat="46.1438104411" lon="6.9790629087">
				<ele>1772.3</ele>
				<extensions>
					<swisstopo:routepoint_id>111971040</swisstopo:routepoint_id>
				</extensions>
			</trkpt>
			<trkpt lat="46.1437575898" lon="6.9790754160">
				<ele>1773.2</ele>
				<extensions>
					<swisstopo:routepoint_id>719241829</swisstopo:routepoint_id>
				</extensions>
			</trkpt>
			<trkpt lat="46.1437188993" lon="6.9790813177">
				<ele>1773.7</ele>
				<extensions>
					<swisstopo:routepoint_id>91528383</swisstopo:routepoint_id>
				</extensions>
			</trkpt>
			<trkpt lat="46.1436833435" lon="6.9790630438">
				<ele>1774.3</ele>
				<extensions>
					<swisstopo:routepoint_id>1468374701</swisstopo:routepoint_id>
				</extensions>
			</trkpt>
			<trkpt lat="46.1436664459" lon="6.9790316333">
				<ele>1774.8</ele>
				<extensions>
					<swisstopo:routepoint_id>481792213</swisstopo:routepoint_id>
				</extensions>
			</trkpt>
			<trkpt lat="46.1436662613" lon="6.9789861579">
				<ele>1775.3</ele>
				<extensions>
					<swisstopo:routepoint_id>606440125</swisstopo:routepoint_id>
				</extensions>
			</trkpt>
			<trkpt lat="46.1436834424" lon="6.9789293925">
				<ele>1776.3</ele>
				<extensions>
					<swisstopo:routepoint_id>1905517348</swisstopo:routepoint_id>
				</extensions>
			</trkpt>
			<trkpt lat="46.1437134625" lon="6.9788520953">
				<ele>1777.9</ele>
				<extensions>
					<swisstopo:routepoint_id>950873525</swisstopo:routepoint_id>
				</extensions>
			</trkpt>
			<trkpt lat="46.1437267745" lon="6.9787944302">
				<ele>1778.9</ele>
				<extensions>
					<swisstopo:routepoint_id>562641838</swisstopo:routepoint_id>
				</extensions>
			</trkpt>
			<trkpt lat="46.1437258972" lon="6.9787406128">
				<ele>1779.4</ele>
				<extensions>
					<swisstopo:routepoint_id>1697244477</swisstopo:routepoint_id>
				</extensions>
			</trkpt>
			<trkpt lat="46.1437205008" lon="6.9786793923">
				<ele>1780.2</ele>
				<extensions>
					<swisstopo:routepoint_id>2134423995</swisstopo:routepoint_id>
				</extensions>
			</trkpt>
			<trkpt lat="46.1437090651" lon="6.9786366497">
				<ele>1780.8</ele>
				<extensions>
					<swisstopo:routepoint_id>382424317</swisstopo:routepoint_id>
				</extensions>
			</trkpt>
			<trkpt lat="46.1437001895" lon="6.9786034500">
				<ele>1781.2</ele>
				<extensions>
					<swisstopo:routepoint_id>994353553</swisstopo:routepoint_id>
				</extensions>
			</trkpt>
			<trkpt lat="46.1436766564" lon="6.9785129372">
				<ele>1781.4</ele>
				<extensions>
					<swisstopo:routepoint_id>787525202</swisstopo:routepoint_id>
				</extensions>
			</trkpt>
			<trkpt lat="46.1436484113" lon="6.9784043212">
				<ele>1780.5</ele>
				<extensions>
					<swisstopo:routepoint_id>1645509724</swisstopo:routepoint_id>
				</extensions>
			</trkpt>
			<trkpt lat="46.1436122029" lon="6.9782254955">
				<ele>1779.3</ele>
				<extensions>
					<swisstopo:routepoint_id>7508750</swisstopo:routepoint_id>
				</extensions>
			</trkpt>
			<trkpt lat="46.1435876657" lon="6.9781063397">
				<ele>1778.1</ele>
				<extensions>
					<swisstopo:routepoint_id>1638052470</swisstopo:routepoint_id>
				</extensions>
			</trkpt>
			<trkpt lat="46.1435727085" lon="6.9780336924">
				<ele>1777.4</ele>
				<extensions>
					<swisstopo:routepoint_id>1941227442</swisstopo:routepoint_id>
				</extensions>
			</trkpt>
			<trkpt lat="46.1435372496" lon="6.9778967418">
				<ele>1776.0</ele>
				<extensions>
					<swisstopo:routepoint_id>1060888348</swisstopo:routepoint_id>
				</extensions>
			</trkpt>
			<trkpt lat="46.1435086310" lon="6.9778216726">
				<ele>1775.3</ele>
				<extensions>
					<swisstopo:routepoint_id>32006414</swisstopo:routepoint_id>
				</extensions>
			</trkpt>
			<trkpt lat="46.1434953627" lon="6.9777345179">
				<ele>1774.3</ele>
				<extensions>
					<swisstopo:routepoint_id>594913778</swisstopo:routepoint_id>
				</extensions>
			</trkpt>
			<trkpt lat="46.1434938129" lon="6.9776256748">
				<ele>1773.5</ele>
				<extensions>
					<swisstopo:routepoint_id>1164048964</swisstopo:routepoint_id>
				</extensions>
			</trkpt>
			<trkpt lat="46.1434927900" lon="6.9775535076">
				<ele>1772.7</ele>
				<extensions>
					<swisstopo:routepoint_id>836216876</swisstopo:routepoint_id>
				</extensions>
			</trkpt>
			<trkpt lat="46.1434942596" lon="6.9774635085">
				<ele>1772.2</ele>
				<extensions>
					<swisstopo:routepoint_id>837475102</swisstopo:routepoint_id>
				</extensions>
			</trkpt>
			<trkpt lat="46.1434946187" lon="6.9773920406">
				<ele>1771.7</ele>
				<extensions>
					<swisstopo:routepoint_id>845908206</swisstopo:routepoint_id>
				</extensions>
			</trkpt>
			<trkpt lat="46.1434704287" lon="6.9773151901">
				<ele>1771.3</ele>
				<extensions>
					<swisstopo:routepoint_id>1795646671</swisstopo:routepoint_id>
				</extensions>
			</trkpt>
			<trkpt lat="46.1434562821" lon="6.9772799119">
				<ele>1771.1</ele>
				<extensions>
					<swisstopo:routepoint_id>1055513213</swisstopo:routepoint_id>
				</extensions>
			</trkpt>
			<trkpt lat="46.1434274206" lon="6.9772078877">
				<ele>1770.7</ele>
				<extensions>
					<swisstopo:routepoint_id>739869449</swisstopo:routepoint_id>
				</extensions>
			</trkpt>
			<trkpt lat="46.1434213040" lon="6.9771318298">
				<ele>1770.2</ele>
				<extensions>
					<swisstopo:routepoint_id>143533290</swisstopo:routepoint_id>
				</extensions>
			</trkpt>
			<trkpt lat="46.1434390952" lon="6.9770676275">
				<ele>1769.9</ele>
				<extensions>
					<swisstopo:routepoint_id>1730951657</swisstopo:routepoint_id>
				</extensions>
			</trkpt>
			<trkpt lat="46.1434587446" lon="6.9770089135">
				<ele>1770.1</ele>
				<extensions>
					<swisstopo:routepoint_id>1176127235</swisstopo:routepoint_id>
				</extensions>
			</trkpt>
			<trkpt lat="46.1434671462" lon="6.9769838531">
				<ele>1770.1</ele>
				<extensions>
					<swisstopo:routepoint_id>632036071</swisstopo:routepoint_id>
				</extensions>
			</trkpt>
			<trkpt lat="46.1434751936" lon="6.9769021083">
				<ele>1769.8</ele>
				<extensions>
					<swisstopo:routepoint_id>8726181</swisstopo:routepoint_id>
				</extensions>
			</trkpt>
			<trkpt lat="46.1434788387" lon="6.9768566892">
				<ele>1769.5</ele>
				<extensions>
					<swisstopo:routepoint_id>1323475001</swisstopo:routepoint_id>
				</extensions>
			</trkpt>
			<trkpt lat="46.1434775182" lon="6.9767676616">
				<ele>1769.0</ele>
				<extensions>
					<swisstopo:routepoint_id>1564150104</swisstopo:routepoint_id>
				</extensions>
			</trkpt>
			<trkpt lat="46.1434716687" lon="6.9767334794">
				<ele>1768.8</ele>
				<extensions>
					<swisstopo:routepoint_id>910732439</swisstopo:routepoint_id>
				</extensions>
			</trkpt>
			<trkpt lat="46.1434543682" lon="6.9766938928">
				<ele>1768.4</ele>
				<extensions>
					<swisstopo:routepoint_id>1981943808</swisstopo:routepoint_id>
				</extensions>
			</trkpt>
			<trkpt lat="46.1434189246" lon="6.9766407813">
				<ele>1768.1</ele>
				<extensions>
					<swisstopo:routepoint_id>572797266</swisstopo:routepoint_id>
				</extensions>
			</trkpt>
			<trkpt lat="46.1433796382" lon="6.9765781128">
				<ele>1768.3</ele>
				<extensions>
					<swisstopo:routepoint_id>1703122647</swisstopo:routepoint_id>
				</extensions>
			</trkpt>
			<trkpt lat="46.1433431148" lon="6.9764907506">
				<ele>1768.7</ele>
				<extensions>
					<swisstopo:routepoint_id>968494180</swisstopo:routepoint_id>
				</extensions>
			</trkpt>
			<trkpt lat="46.1432990136" lon="6.9764171622">
				<ele>1768.7</ele>
				<extensions>
					<swisstopo:routepoint_id>1441466741</swisstopo:routepoint_id>
				</extensions>
			</trkpt>
			<trkpt lat="46.1432662907" lon="6.9763311552">
				<ele>1768.6</ele>
				<extensions>
					<swisstopo:routepoint_id>70616555</swisstopo:routepoint_id>
				</extensions>
			</trkpt>
			<trkpt lat="46.1432526516" lon="6.9762545641">
				<ele>1768.8</ele>
				<extensions>
					<swisstopo:routepoint_id>260022600</swisstopo:routepoint_id>
				</extensions>
			</trkpt>
			<trkpt lat="46.1432511629" lon="6.9761244566">
				<ele>1769.8</ele>
				<extensions>
					<swisstopo:routepoint_id>467154176</swisstopo:routepoint_id>
				</extensions>
			</trkpt>
			<trkpt lat="46.1432632438" lon="6.9760517650">
				<ele>1770.2</ele>
				<extensions>
					<swisstopo:routepoint_id>27882346</swisstopo:routepoint_id>
				</extensions>
			</trkpt>
			<trkpt lat="46.1432876964" lon="6.9759775945">
				<ele>1770.6</ele>
				<extensions>
					<swisstopo:routepoint_id>1892322288</swisstopo:routepoint_id>
				</extensions>
			</trkpt>
			<trkpt lat="46.1433074829" lon="6.9759267467">
				<ele>1771.2</ele>
				<extensions>
					<swisstopo:routepoint_id>1254589562</swisstopo:routepoint_id>
				</extensions>
			</trkpt>
			<trkpt lat="46.1433062152" lon="6.9758486796">
				<ele>1771.9</ele>
				<extensions>
					<swisstopo:routepoint_id>708193548</swisstopo:routepoint_id>
				</extensions>
			</trkpt>
			<trkpt lat="46.1432954947" lon="6.9757898841">
				<ele>1772.4</ele>
				<extensions>
					<swisstopo:routepoint_id>617314315</swisstopo:routepoint_id>
				</extensions>
			</trkpt>
			<trkpt lat="46.1432913776" lon="6.9757132124">
				<ele>1773.2</ele>
				<extensions>
					<swisstopo:routepoint_id>1874469115</swisstopo:routepoint_id>
				</extensions>
			</trkpt>
			<trkpt lat="46.1432957804" lon="6.9756255079">
				<ele>1774.2</ele>
				<extensions>
					<swisstopo:routepoint_id>1002619811</swisstopo:routepoint_id>
				</extensions>
			</trkpt>
			<trkpt lat="46.1432935191" lon="6.9755365012">
				<ele>1775.1</ele>
				<extensions>
					<swisstopo:routepoint_id>304543116</swisstopo:routepoint_id>
				</extensions>
			</trkpt>
			<trkpt lat="46.1432827648" lon="6.9754694751">
				<ele>1776.0</ele>
				<extensions>
					<swisstopo:routepoint_id>1971813660</swisstopo:routepoint_id>
				</extensions>
			</trkpt>
			<trkpt lat="46.1432480677" lon="6.9753670491">
				<ele>1777.5</ele>
				<extensions>
					<swisstopo:routepoint_id>689964659</swisstopo:routepoint_id>
				</extensions>
			</trkpt>
			<trkpt lat="46.1432055614" lon="6.9752153674">
				<ele>1779.3</ele>
				<extensions>
					<swisstopo:routepoint_id>161163018</swisstopo:routepoint_id>
				</extensions>
			</trkpt>
			<trkpt lat="46.1431784466" lon="6.9751046592">
				<ele>1780.1</ele>
				<extensions>
					<swisstopo:routepoint_id>1230465204</swisstopo:routepoint_id>
				</extensions>
			</trkpt>
			<trkpt lat="46.1431493670" lon="6.9749775187">
				<ele>1781.1</ele>
				<extensions>
					<swisstopo:routepoint_id>330622399</swisstopo:routepoint_id>
				</extensions>
			</trkpt>
			<trkpt lat="46.1431184738" lon="6.9748709471">
				<ele>1782.0</ele>
				<extensions>
					<swisstopo:routepoint_id>1651743424</swisstopo:routepoint_id>
				</extensions>
			</trkpt>
			<trkpt lat="46.1430853571" lon="6.9746890596">
				<ele>1783.6</ele>
				<extensions>
					<swisstopo:routepoint_id>1328939232</swisstopo:routepoint_id>
				</extensions>
			</trkpt>
			<trkpt lat="46.1430542024" lon="6.9745208589">
				<ele>1785.4</ele>
				<extensions>
					<swisstopo:routepoint_id>1906326975</swisstopo:routepoint_id>
				</extensions>
			</trkpt>
			<trkpt lat="46.1430221629" lon="6.9743704609">
				<ele>1786.6</ele>
				<extensions>
					<swisstopo:routepoint_id>1063569508</swisstopo:routepoint_id>
				</extensions>
			</trkpt>
			<trkpt lat="46.1430093757" lon="6.9742705832">
				<ele>1787.1</ele>
				<extensions>
					<swisstopo:routepoint_id>492756620</swisstopo:routepoint_id>
				</extensions>
			</trkpt>
			<trkpt lat="46.1430120317" lon="6.9742198930">
				<ele>1787.3</ele>
				<extensions>
					<swisstopo:routepoint_id>1230868253</swisstopo:routepoint_id>
				</extensions>
			</trkpt>
			<trkpt lat="46.1430214497" lon="6.9741965172">
				<ele>1787.5</ele>
				<extensions>
					<swisstopo:routepoint_id>105741646</swisstopo:routepoint_id>
				</extensions>
			</trkpt>
			<trkpt lat="46.1430394559" lon="6.9741744524">
				<ele>1787.7</ele>
				<extensions>
					<swisstopo:routepoint_id>656121513</swisstopo:routepoint_id>
				</extensions>
			</trkpt>
			<trkpt lat="46.1430536384" lon="6.9741496807">
				<ele>1788.0</ele>
				<extensions>
					<swisstopo:routepoint_id>1536000300</swisstopo:routepoint_id>
				</extensions>
			</trkpt>
			<trkpt lat="46.1430619842" lon="6.9740961965">
				<ele>1788.5</ele>
				<extensions>
					<swisstopo:routepoint_id>1376336191</swisstopo:routepoint_id>
				</extensions>
			</trkpt>
			<trkpt lat="46.1430597240" lon="6.9740099200">
				<ele>1789.4</ele>
				<extensions>
					<swisstopo:routepoint_id>2025158842</swisstopo:routepoint_id>
				</extensions>
			</trkpt>
			<trkpt lat="46.1430479696" lon="6.9739305837">
				<ele>1790.4</ele>
				<extensions>
					<swisstopo:routepoint_id>1338161118</swisstopo:routepoint_id>
				</extensions>
			</trkpt>
			<trkpt lat="46.1430258595" lon="6.9738773486">
				<ele>1791.2</ele>
				<extensions>
					<swisstopo:routepoint_id>1010765384</swisstopo:routepoint_id>
				</extensions>
			</trkpt>
			<trkpt lat="46.1429894940" lon="6.9738310909">
				<ele>1792.0</ele>
				<extensions>
					<swisstopo:routepoint_id>1754130200</swisstopo:routepoint_id>
				</extensions>
			</trkpt>
			<trkpt lat="46.1429329800" lon="6.9737493923">
				<ele>1793.2</ele>
				<extensions>
					<swisstopo:routepoint_id>738377738</swisstopo:routepoint_id>
				</extensions>
			</trkpt>
			<trkpt lat="46.1428716830" lon="6.9736581421">
				<ele>1794.3</ele>
				<extensions>
					<swisstopo:routepoint_id>1042928536</swisstopo:routepoint_id>
				</extensions>
			</trkpt>
			<trkpt lat="46.1427979886" lon="6.9735642547">
				<ele>1795.3</ele>
				<extensions>
					<swisstopo:routepoint_id>2061809904</swisstopo:routepoint_id>
				</extensions>
			</trkpt>
			<trkpt lat="46.1427310032" lon="6.9734826426">
				<ele>1796.7</ele>
				<extensions>
					<swisstopo:routepoint_id>1808624106</swisstopo:routepoint_id>
				</extensions>
			</trkpt>
			<trkpt lat="46.1426753709" lon="6.9733803967">
				<ele>1798.5</ele>
				<extensions>
					<swisstopo:routepoint_id>29367667</swisstopo:routepoint_id>
				</extensions>
			</trkpt>
			<trkpt lat="46.1425852814" lon="6.9732346109">
				<ele>1800.7</ele>
				<extensions>
					<swisstopo:routepoint_id>1745894325</swisstopo:routepoint_id>
				</extensions>
			</trkpt>
			<trkpt lat="46.1425508275" lon="6.9731896996">
				<ele>1801.2</ele>
				<extensions>
					<swisstopo:routepoint_id>1387337172</swisstopo:routepoint_id>
				</extensions>
			</trkpt>
			<trkpt lat="46.1425030837" lon="6.9731558619">
				<ele>1802.1</ele>
				<extensions>
					<swisstopo:routepoint_id>1107748145</swisstopo:routepoint_id>
				</extensions>
			</trkpt>
			<trkpt lat="46.1424591862" lon="6.9731302224">
				<ele>1802.9</ele>
				<extensions>
					<swisstopo:routepoint_id>25109451</swisstopo:routepoint_id>
				</extensions>
			</trkpt>
			<trkpt lat="46.1424218909" lon="6.9730908078">
				<ele>1803.7</ele>
				<extensions>
					<swisstopo:routepoint_id>668638486</swisstopo:routepoint_id>
				</extensions>
			</trkpt>
			<trkpt lat="46.1423892924" lon="6.9730335585">
				<ele>1804.6</ele>
				<extensions>
					<swisstopo:routepoint_id>174705705</swisstopo:routepoint_id>
				</extensions>
			</trkpt>
			<trkpt lat="46.1423162228" lon="6.9728588738">
				<ele>1807.1</ele>
				<extensions>
					<swisstopo:routepoint_id>360586277</swisstopo:routepoint_id>
				</extensions>
			</trkpt>
			<trkpt lat="46.1422931096" lon="6.9727947004">
				<ele>1807.9</ele>
				<extensions>
					<swisstopo:routepoint_id>645531503</swisstopo:routepoint_id>
				</extensions>
			</trkpt>
			<trkpt lat="46.1422800052" lon="6.9727205524">
				<ele>1808.6</ele>
				<extensions>
					<swisstopo:routepoint_id>1963145373</swisstopo:routepoint_id>
				</extensions>
			</trkpt>
			<trkpt lat="46.1422558745" lon="6.9726567227">
				<ele>1809.2</ele>
				<extensions>
					<swisstopo:routepoint_id>561807655</swisstopo:routepoint_id>
				</extensions>
			</trkpt>
			<trkpt lat="46.1422320488" lon="6.9726179711">
				<ele>1809.6</ele>
				<extensions>
					<swisstopo:routepoint_id>564918606</swisstopo:routepoint_id>
				</extensions>
			</trkpt>
			<trkpt lat="46.1421974157" lon="6.9725616180">
				<ele>1810.3</ele>
				<extensions>
					<swisstopo:routepoint_id>1658273796</swisstopo:routepoint_id>
				</extensions>
			</trkpt>
			<trkpt lat="46.1421771575" lon="6.9724996069">
				<ele>1811.2</ele>
				<extensions>
					<swisstopo:routepoint_id>2003965271</swisstopo:routepoint_id>
				</extensions>
			</trkpt>
			<trkpt lat="46.1421641897" lon="6.9724479920">
				<ele>1811.8</ele>
				<extensions>
					<swisstopo:routepoint_id>711176918</swisstopo:routepoint_id>
				</extensions>
			</trkpt>
			<trkpt lat="46.1421555176" lon="6.9724134717">
				<ele>1812.2</ele>
				<extensions>
					<swisstopo:routepoint_id>781247468</swisstopo:routepoint_id>
				</extensions>
			</trkpt>
			<trkpt lat="46.1421254909" lon="6.9723301884">
				<ele>1813.3</ele>
				<extensions>
					<swisstopo:routepoint_id>1790531897</swisstopo:routepoint_id>
				</extensions>
			</trkpt>
			<trkpt lat="46.1420811971" lon="6.9722275387">
				<ele>1814.8</ele>
				<extensions>
					<swisstopo:routepoint_id>1363190699</swisstopo:routepoint_id>
				</extensions>
			</trkpt>
			<trkpt lat="46.1420661393" lon="6.9721996353">
				<ele>1815.2</ele>
				<extensions>
					<swisstopo:routepoint_id>2023752555</swisstopo:routepoint_id>
				</extensions>
			</trkpt>
			<trkpt lat="46.1420064301" lon="6.9720889623">
				<ele>1817.0</ele>
				<extensions>
					<swisstopo:routepoint_id>1143306952</swisstopo:routepoint_id>
				</extensions>
			</trkpt>
			<trkpt lat="46.1419303497" lon="6.9719429441">
				<ele>1818.8</ele>
				<extensions>
					<swisstopo:routepoint_id>710614617</swisstopo:routepoint_id>
				</extensions>
			</trkpt>
			<trkpt lat="46.1419159092" lon="6.9718836675">
				<ele>1819.2</ele>
				<extensions>
					<swisstopo:routepoint_id>1446434551</swisstopo:routepoint_id>
				</extensions>
			</trkpt>
			<trkpt lat="46.1419221555" lon="6.9718325716">
				<ele>1819.4</ele>
				<extensions>
					<swisstopo:routepoint_id>1904928461</swisstopo:routepoint_id>
				</extensions>
			</trkpt>
			<trkpt lat="46.1419450783" lon="6.9717609132">
				<ele>1819.8</ele>
				<extensions>
					<swisstopo:routepoint_id>1312854877</swisstopo:routepoint_id>
				</extensions>
			</trkpt>
			<trkpt lat="46.1419525186" lon="6.9717352131">
				<ele>1820.0</ele>
				<extensions>
					<swisstopo:routepoint_id>385825310</swisstopo:routepoint_id>
				</extensions>
			</trkpt>
			<trkpt lat="46.1419641588" lon="6.9716948389">
				<ele>1820.4</ele>
				<extensions>
					<swisstopo:routepoint_id>1506724162</swisstopo:routepoint_id>
				</extensions>
			</trkpt>
			<trkpt lat="46.1419903241" lon="6.9716212886">
				<ele>1821.4</ele>
				<extensions>
					<swisstopo:routepoint_id>322205807</swisstopo:routepoint_id>
				</extensions>
			</trkpt>
			<trkpt lat="46.1419934782" lon="6.9715787371">
				<ele>1822.0</ele>
				<extensions>
					<swisstopo:routepoint_id>2049117478</swisstopo:routepoint_id>
				</extensions>
			</trkpt>
			<trkpt lat="46.1419952001" lon="6.9715553480">
				<ele>1822.3</ele>
				<extensions>
					<swisstopo:routepoint_id>1963995524</swisstopo:routepoint_id>
				</extensions>
			</trkpt>
			<trkpt lat="46.1419929843" lon="6.9714866875">
				<ele>1823.3</ele>
				<extensions>
					<swisstopo:routepoint_id>1769136377</swisstopo:routepoint_id>
				</extensions>
			</trkpt>
			<trkpt lat="46.1419702666" lon="6.9714525464">
				<ele>1823.9</ele>
				<extensions>
					<swisstopo:routepoint_id>1363956065</swisstopo:routepoint_id>
				</extensions>
			</trkpt>
			<trkpt lat="46.1419328102" lon="6.9714444932">
				<ele>1824.6</ele>
				<extensions>
					<swisstopo:routepoint_id>1887801949</swisstopo:routepoint_id>
				</extensions>
			</trkpt>
			<trkpt lat="46.1418915845" lon="6.9714597014">
				<ele>1825.6</ele>
				<extensions>
					<swisstopo:routepoint_id>594257557</swisstopo:routepoint_id>
				</extensions>
			</trkpt>
			<trkpt lat="46.1418633040" lon="6.9714868622">
				<ele>1826.3</ele>
				<extensions>
					<swisstopo:routepoint_id>488639955</swisstopo:routepoint_id>
				</extensions>
			</trkpt>
			<trkpt lat="46.1418392125" lon="6.9715094058">
				<ele>1826.8</ele>
				<extensions>
					<swisstopo:routepoint_id>1822968872</swisstopo:routepoint_id>
				</extensions>
			</trkpt>
			<trkpt lat="46.1418172234" lon="6.9715155840">
				<ele>1827.2</ele>
				<extensions>
					<swisstopo:routepoint_id>2022757726</swisstopo:routepoint_id>
				</extensions>
			</trkpt>
			<trkpt lat="46.1418011177" lon="6.9715062997">
				<ele>1827.5</ele>
				<extensions>
					<swisstopo:routepoint_id>949602769</swisstopo:routepoint_id>
				</extensions>
			</trkpt>
			<trkpt lat="46.1417897274" lon="6.9714858598">
				<ele>1827.9</ele>
				<extensions>
					<swisstopo:routepoint_id>1792075192</swisstopo:routepoint_id>
				</extensions>
			</trkpt>
			<trkpt lat="46.1417854046" lon="6.9714473692">
				<ele>1828.5</ele>
				<extensions>
					<swisstopo:routepoint_id>1209607442</swisstopo:routepoint_id>
				</extensions>
			</trkpt>
			<trkpt lat="46.1417781181" lon="6.9714123350">
				<ele>1829.2</ele>
				<extensions>
					<swisstopo:routepoint_id>1913986265</swisstopo:routepoint_id>
				</extensions>
			</trkpt>
			<trkpt lat="46.1417667101" lon="6.9713876079">
				<ele>1829.5</ele>
				<extensions>
					<swisstopo:routepoint_id>710916018</swisstopo:routepoint_id>
				</extensions>
			</trkpt>
			<trkpt lat="46.1417494009" lon="6.9713740526">
				<ele>1829.8</ele>
				<extensions>
					<swisstopo:routepoint_id>505257408</swisstopo:routepoint_id>
				</extensions>
			</trkpt>
			<trkpt lat="46.1417154381" lon="6.9713632242">
				<ele>1830.6</ele>
				<extensions>
					<swisstopo:routepoint_id>1418823328</swisstopo:routepoint_id>
				</extensions>
			</trkpt>
			<trkpt lat="46.1416719282" lon="6.9713464740">
				<ele>1831.0</ele>
				<extensions>
					<swisstopo:routepoint_id>682648686</swisstopo:routepoint_id>
				</extensions>
			</trkpt>
			<trkpt lat="46.1416151776" lon="6.9712930189">
				<ele>1831.6</ele>
				<extensions>
					<swisstopo:routepoint_id>1648570040</swisstopo:routepoint_id>
				</extensions>
			</trkpt>
			<trkpt lat="46.1415434189" lon="6.9712046084">
				<ele>1832.5</ele>
				<extensions>
					<swisstopo:routepoint_id>505696517</swisstopo:routepoint_id>
				</extensions>
			</trkpt>
			<trkpt lat="46.1414877093" lon="6.9711160581">
				<ele>1833.7</ele>
				<extensions>
					<swisstopo:routepoint_id>1955598436</swisstopo:routepoint_id>
				</extensions>
			</trkpt>
			<trkpt lat="46.1413800029" lon="6.9709680379">
				<ele>1836.2</ele>
				<extensions>
					<swisstopo:routepoint_id>1920291536</swisstopo:routepoint_id>
				</extensions>
			</trkpt>
			<trkpt lat="46.1412956040" lon="6.9708480526">
				<ele>1838.2</ele>
				<extensions>
					<swisstopo:routepoint_id>1687614495</swisstopo:routepoint_id>
				</extensions>
			</trkpt>
			<trkpt lat="46.1412429409" lon="6.9707740266">
				<ele>1839.2</ele>
				<extensions>
					<swisstopo:routepoint_id>437467968</swisstopo:routepoint_id>
				</extensions>
			</trkpt>
			<trkpt lat="46.1412189759" lon="6.9707357168">
				<ele>1839.6</ele>
				<extensions>
					<swisstopo:routepoint_id>765642856</swisstopo:routepoint_id>
				</extensions>
			</trkpt>
			<trkpt lat="46.1412062828" lon="6.9706870235">
				<ele>1839.9</ele>
				<extensions>
					<swisstopo:routepoint_id>2127085495</swisstopo:routepoint_id>
				</extensions>
			</trkpt>
			<trkpt lat="46.1411989111" lon="6.9706314505">
				<ele>1840.5</ele>
				<extensions>
					<swisstopo:routepoint_id>873583941</swisstopo:routepoint_id>
				</extensions>
			</trkpt>
			<trkpt lat="46.1411908147" lon="6.9705450596">
				<ele>1841.2</ele>
				<extensions>
					<swisstopo:routepoint_id>140602463</swisstopo:routepoint_id>
				</extensions>
			</trkpt>
			<trkpt lat="46.1411840191" lon="6.9704843445">
				<ele>1841.5</ele>
				<extensions>
					<swisstopo:routepoint_id>1507859530</swisstopo:routepoint_id>
				</extensions>
			</trkpt>
			<trkpt lat="46.1411754013" lon="6.9704142233">
				<ele>1841.9</ele>
				<extensions>
					<swisstopo:routepoint_id>1397800409</swisstopo:routepoint_id>
				</extensions>
			</trkpt>
			<trkpt lat="46.1411547850" lon="6.9703210929">
				<ele>1842.5</ele>
				<extensions>
					<swisstopo:routepoint_id>1135347772</swisstopo:routepoint_id>
				</extensions>
			</trkpt>
			<trkpt lat="46.1411336844" lon="6.9702553628">
				<ele>1842.8</ele>
				<extensions>
					<swisstopo:routepoint_id>848098073</swisstopo:routepoint_id>
				</extensions>
			</trkpt>
			<trkpt lat="46.1411161343" lon="6.9701836120">
				<ele>1842.9</ele>
				<extensions>
					<swisstopo:routepoint_id>328683051</swisstopo:routepoint_id>
				</extensions>
			</trkpt>
			<trkpt lat="46.1411106394" lon="6.9701485631">
				<ele>1843.1</ele>
				<extensions>
					<swisstopo:routepoint_id>1778494292</swisstopo:routepoint_id>
				</extensions>
			</trkpt>
			<trkpt lat="46.1411122244" lon="6.9701006009">
				<ele>1843.5</ele>
				<extensions>
					<swisstopo:routepoint_id>688675425</swisstopo:routepoint_id>
				</extensions>
			</trkpt>
			<trkpt lat="46.1411168175" lon="6.9700620471">
				<ele>1843.8</ele>
				<extensions>
					<swisstopo:routepoint_id>656922836</swisstopo:routepoint_id>
				</extensions>
			</trkpt>
			<trkpt lat="46.1411326045" lon="6.9699942826">
				<ele>1844.5</ele>
				<extensions>
					<swisstopo:routepoint_id>1052378904</swisstopo:routepoint_id>
				</extensions>
			</trkpt>
			<trkpt lat="46.1411697035" lon="6.9698989489">
				<ele>1845.8</ele>
				<extensions>
					<swisstopo:routepoint_id>1396751123</swisstopo:routepoint_id>
				</extensions>
			</trkpt>
			<trkpt lat="46.1412014952" lon="6.9698182069">
				<ele>1846.8</ele>
				<extensions>
					<swisstopo:routepoint_id>1799001548</swisstopo:routepoint_id>
				</extensions>
			</trkpt>
			<trkpt lat="46.1412073058" lon="6.9697830580">
				<ele>1847.4</ele>
				<extensions>
					<swisstopo:routepoint_id>1418516985</swisstopo:routepoint_id>
				</extensions>
			</trkpt>
			<trkpt lat="46.1412089686" lon="6.9697539415">
				<ele>1847.9</ele>
				<extensions>
					<swisstopo:routepoint_id>583624462</swisstopo:routepoint_id>
				</extensions>
			</trkpt>
			<trkpt lat="46.1412004692" lon="6.9697146436">
				<ele>1848.6</ele>
				<extensions>
					<swisstopo:routepoint_id>385398602</swisstopo:routepoint_id>
				</extensions>
			</trkpt>
			<trkpt lat="46.1411818781" lon="6.9696779850">
				<ele>1849.2</ele>
				<extensions>
					<swisstopo:routepoint_id>677859591</swisstopo:routepoint_id>
				</extensions>
			</trkpt>
			<trkpt lat="46.1411567835" lon="6.9696533789">
				<ele>1849.7</ele>
				<extensions>
					<swisstopo:routepoint_id>1542518025</swisstopo:routepoint_id>
				</extensions>
			</trkpt>
			<trkpt lat="46.1411263498" lon="6.9696313809">
				<ele>1850.3</ele>
				<extensions>
					<swisstopo:routepoint_id>1799776860</swisstopo:routepoint_id>
				</extensions>
			</trkpt>
			<trkpt lat="46.1410942021" lon="6.9696282409">
				<ele>1851.0</ele>
				<extensions>
					<swisstopo:routepoint_id>444629939</swisstopo:routepoint_id>
				</extensions>
			</trkpt>
			<trkpt lat="46.1410633021" lon="6.9696379147">
				<ele>1851.7</ele>
				<extensions>
					<swisstopo:routepoint_id>531562837</swisstopo:routepoint_id>
				</extensions>
			</trkpt>
			<trkpt lat="46.1410271004" lon="6.9696613367">
				<ele>1852.5</ele>
				<extensions>
					<swisstopo:routepoint_id>793247459</swisstopo:routepoint_id>
				</extensions>
			</trkpt>
			<trkpt lat="46.1409695602" lon="6.9697208018">
				<ele>1853.5</ele>
				<extensions>
					<swisstopo:routepoint_id>311685956</swisstopo:routepoint_id>
				</extensions>
			</trkpt>
			<trkpt lat="46.1409458120" lon="6.9697497757">
				<ele>1853.9</ele>
				<extensions>
					<swisstopo:routepoint_id>913980021</swisstopo:routepoint_id>
				</extensions>
			</trkpt>
			<trkpt lat="46.1409259219" lon="6.9697897779">
				<ele>1854.5</ele>
				<extensions>
					<swisstopo:routepoint_id>313609737</swisstopo:routepoint_id>
				</extensions>
			</trkpt>
			<trkpt lat="46.1409067418" lon="6.9698187884">
				<ele>1855.0</ele>
				<extensions>
					<swisstopo:routepoint_id>402504141</swisstopo:routepoint_id>
				</extensions>
			</trkpt>
			<trkpt lat="46.1408799068" lon="6.9698215174">
				<ele>1855.5</ele>
				<extensions>
					<swisstopo:routepoint_id>1791914867</swisstopo:routepoint_id>
				</extensions>
			</trkpt>
			<trkpt lat="46.1408686557" lon="6.9698135507">
				<ele>1855.8</ele>
				<extensions>
					<swisstopo:routepoint_id>893496613</swisstopo:routepoint_id>
				</extensions>
			</trkpt>
			<trkpt lat="46.1408614299" lon="6.9697848327">
				<ele>1856.2</ele>
				<extensions>
					<swisstopo:routepoint_id>400494273</swisstopo:routepoint_id>
				</extensions>
			</trkpt>
			<trkpt lat="46.1408612877" lon="6.9697504997">
				<ele>1856.7</ele>
				<extensions>
					<swisstopo:routepoint_id>2115691957</swisstopo:routepoint_id>
				</extensions>
			</trkpt>
			<trkpt lat="46.1408695336" lon="6.9697179336">
				<ele>1857.2</ele>
				<extensions>
					<swisstopo:routepoint_id>970435325</swisstopo:routepoint_id>
				</extensions>
			</trkpt>
			<trkpt lat="46.1408911699" lon="6.9696435033">
				<ele>1858.2</ele>
				<extensions>
					<swisstopo:routepoint_id>1174548707</swisstopo:routepoint_id>
				</extensions>
			</trkpt>
			<trkpt lat="46.1409004225" lon="6.9696164798">
				<ele>1858.6</ele>
				<extensions>
					<swisstopo:routepoint_id>236705793</swisstopo:routepoint_id>
				</extensions>
			</trkpt>
			<trkpt lat="46.1409115674" lon="6.9695839267">
				<ele>1859.0</ele>
				<extensions>
					<swisstopo:routepoint_id>590070577</swisstopo:routepoint_id>
				</extensions>
			</trkpt>
			<trkpt lat="46.1409363725" lon="6.9694983286">
				<ele>1860.4</ele>
				<extensions>
					<swisstopo:routepoint_id>2088743098</swisstopo:routepoint_id>
				</extensions>
			</trkpt>
			<trkpt lat="46.1409522316" lon="6.9694332144">
				<ele>1861.4</ele>
				<extensions>
					<swisstopo:routepoint_id>2014212737</swisstopo:routepoint_id>
				</extensions>
			</trkpt>
			<trkpt lat="46.1409622957" lon="6.9693709459">
				<ele>1862.4</ele>
				<extensions>
					<swisstopo:routepoint_id>656873931</swisstopo:routepoint_id>
				</extensions>
			</trkpt>
			<trkpt lat="46.1409669769" lon="6.9692985753">
				<ele>1863.4</ele>
				<extensions>
					<swisstopo:routepoint_id>491965783</swisstopo:routepoint_id>
				</extensions>
			</trkpt>
			<trkpt lat="46.1409664583" lon="6.9692836733">
				<ele>1863.6</ele>
				<extensions>
					<swisstopo:routepoint_id>812922171</swisstopo:routepoint_id>
				</extensions>
			</trkpt>
			<trkpt lat="46.1409630948" lon="6.9692521355">
				<ele>1864.1</ele>
				<extensions>
					<swisstopo:routepoint_id>694367767</swisstopo:routepoint_id>
				</extensions>
			</trkpt>
			<trkpt lat="46.1409507328" lon="6.9692262578">
				<ele>1864.6</ele>
				<extensions>
					<swisstopo:routepoint_id>819961738</swisstopo:routepoint_id>
				</extensions>
			</trkpt>
			<trkpt lat="46.1409375415" lon="6.9692207280">
				<ele>1864.9</ele>
				<extensions>
					<swisstopo:routepoint_id>662680440</swisstopo:routepoint_id>
				</extensions>
			</trkpt>
			<trkpt lat="46.1409268230" lon="6.9692162387">
				<ele>1865.2</ele>
				<extensions>
					<swisstopo:routepoint_id>1828856793</swisstopo:routepoint_id>
				</extensions>
			</trkpt>
			<trkpt lat="46.1409061950" lon="6.9692201437">
				<ele>1865.6</ele>
				<extensions>
					<swisstopo:routepoint_id>399783287</swisstopo:routepoint_id>
				</extensions>
			</trkpt>
			<trkpt lat="46.1408701395" lon="6.9692534002">
				<ele>1866.4</ele>
				<extensions>
					<swisstopo:routepoint_id>377337954</swisstopo:routepoint_id>
				</extensions>
			</trkpt>
			<trkpt lat="46.1408489927" lon="6.9692763046">
				<ele>1867.0</ele>
				<extensions>
					<swisstopo:routepoint_id>77836311</swisstopo:routepoint_id>
				</extensions>
			</trkpt>
			<trkpt lat="46.1408232159" lon="6.9692821180">
				<ele>1867.5</ele>
				<extensions>
					<swisstopo:routepoint_id>255806515</swisstopo:routepoint_id>
				</extensions>
			</trkpt>
			<trkpt lat="46.1408025301" lon="6.9692720838">
				<ele>1867.9</ele>
				<extensions>
					<swisstopo:routepoint_id>1321189785</swisstopo:routepoint_id>
				</extensions>
			</trkpt>
			<trkpt lat="46.1407940295" lon="6.9692452411">
				<ele>1868.1</ele>
				<extensions>
					<swisstopo:routepoint_id>164778224</swisstopo:routepoint_id>
				</extensions>
			</trkpt>
			<trkpt lat="46.1407971159" lon="6.9692099357">
				<ele>1868.5</ele>
				<extensions>
					<swisstopo:routepoint_id>1244776014</swisstopo:routepoint_id>
				</extensions>
			</trkpt>
			<trkpt lat="46.1408111501" lon="6.9691708366">
				<ele>1869.2</ele>
				<extensions>
					<swisstopo:routepoint_id>1934815384</swisstopo:routepoint_id>
				</extensions>
			</trkpt>
			<trkpt lat="46.1408168568" lon="6.9691551672">
				<ele>1869.4</ele>
				<extensions>
					<swisstopo:routepoint_id>188197224</swisstopo:routepoint_id>
				</extensions>
			</trkpt>
			<trkpt lat="46.1408219900" lon="6.9691410413">
				<ele>1869.6</ele>
				<extensions>
					<swisstopo:routepoint_id>222975377</swisstopo:routepoint_id>
				</extensions>
			</trkpt>
			<trkpt lat="46.1408193007" lon="6.9691132165">
				<ele>1869.9</ele>
				<extensions>
					<swisstopo:routepoint_id>412081736</swisstopo:routepoint_id>
				</extensions>
			</trkpt>
			<trkpt lat="46.1408076030" lon="6.9690928939">
				<ele>1870.3</ele>
				<extensions>
					<swisstopo:routepoint_id>1954826227</swisstopo:routepoint_id>
				</extensions>
			</trkpt>
			<trkpt lat="46.1407875430" lon="6.9690791421">
				<ele>1870.8</ele>
				<extensions>
					<swisstopo:routepoint_id>786687937</swisstopo:routepoint_id>
				</extensions>
			</trkpt>
			<trkpt lat="46.1407588748" lon="6.9690740548">
				<ele>1871.3</ele>
				<extensions>
					<swisstopo:routepoint_id>2117120440</swisstopo:routepoint_id>
				</extensions>
			</trkpt>
			<trkpt lat="46.1407288210" lon="6.9690759461">
				<ele>1871.6</ele>
				<extensions>
					<swisstopo:routepoint_id>76917641</swisstopo:routepoint_id>
				</extensions>
			</trkpt>
			<trkpt lat="46.1407003785" lon="6.9690659787">
				<ele>1871.6</ele>
				<extensions>
					<swisstopo:routepoint_id>656119798</swisstopo:routepoint_id>
				</extensions>
			</trkpt>
			<trkpt lat="46.1406738962" lon="6.9690499502">
				<ele>1871.7</ele>
				<extensions>
					<swisstopo:routepoint_id>1141564528</swisstopo:routepoint_id>
				</extensions>
			</trkpt>
			<trkpt lat="46.1406066116" lon="6.9690092330">
				<ele>1872.7</ele>
				<extensions>
					<swisstopo:routepoint_id>443824137</swisstopo:routepoint_id>
				</extensions>
			</trkpt>
			<trkpt lat="46.1405549287" lon="6.9689939012">
				<ele>1873.4</ele>
				<extensions>
					<swisstopo:routepoint_id>1041888825</swisstopo:routepoint_id>
				</extensions>
			</trkpt>
			<trkpt lat="46.1405161423" lon="6.9689765946">
				<ele>1874.0</ele>
				<extensions>
					<swisstopo:routepoint_id>1477886461</swisstopo:routepoint_id>
				</extensions>
			</trkpt>
			<trkpt lat="46.1404812311" lon="6.9689574034">
				<ele>1874.4</ele>
				<extensions>
					<swisstopo:routepoint_id>886194858</swisstopo:routepoint_id>
				</extensions>
			</trkpt>
			<trkpt lat="46.1404752937" lon="6.9689258912">
				<ele>1874.6</ele>
				<extensions>
					<swisstopo:routepoint_id>1691897255</swisstopo:routepoint_id>
				</extensions>
			</trkpt>
			<trkpt lat="46.1404777137" lon="6.9688887561">
				<ele>1874.9</ele>
				<extensions>
					<swisstopo:routepoint_id>674615224</swisstopo:routepoint_id>
				</extensions>
			</trkpt>
			<trkpt lat="46.1404892852" lon="6.9688638233">
				<ele>1875.3</ele>
				<extensions>
					<swisstopo:routepoint_id>1996879220</swisstopo:routepoint_id>
				</extensions>
			</trkpt>
			<trkpt lat="46.1405143192" lon="6.9688377765">
				<ele>1875.8</ele>
				<extensions>
					<swisstopo:routepoint_id>111920335</swisstopo:routepoint_id>
				</extensions>
			</trkpt>
			<trkpt lat="46.1405464317" lon="6.9687858276">
				<ele>1876.7</ele>
				<extensions>
					<swisstopo:routepoint_id>370932168</swisstopo:routepoint_id>
				</extensions>
			</trkpt>
			<trkpt lat="46.1405608126" lon="6.9686249467">
				<ele>1877.5</ele>
				<extensions>
					<swisstopo:routepoint_id>1997500017</swisstopo:routepoint_id>
				</extensions>
			</trkpt>
			<trkpt lat="46.1405843360" lon="6.9683979509">
				<ele>1877.7</ele>
				<extensions>
					<swisstopo:routepoint_id>1955048331</swisstopo:routepoint_id>
				</extensions>
			</trkpt>
			<trkpt lat="46.1405944618" lon="6.9682914336">
				<ele>1877.8</ele>
				<extensions>
					<swisstopo:routepoint_id>1482412854</swisstopo:routepoint_id>
				</extensions>
			</trkpt>
			<trkpt lat="46.1405998235" lon="6.9682350413">
				<ele>1877.3</ele>
				<extensions>
					<swisstopo:routepoint_id>260489920</swisstopo:routepoint_id>
				</extensions>
			</trkpt>
			<trkpt lat="46.1406237873" lon="6.9680846019">
				<ele>1875.7</ele>
				<extensions>
					<swisstopo:routepoint_id>1712175960</swisstopo:routepoint_id>
				</extensions>
			</trkpt>
			<trkpt lat="46.1406399833" lon="6.9680373422">
				<ele>1875.5</ele>
				<extensions>
					<swisstopo:routepoint_id>681005089</swisstopo:routepoint_id>
				</extensions>
			</trkpt>
			<trkpt lat="46.1406631554" lon="6.9679987615">
				<ele>1875.5</ele>
				<extensions>
					<swisstopo:routepoint_id>1738522253</swisstopo:routepoint_id>
				</extensions>
			</trkpt>
			<trkpt lat="46.1406988515" lon="6.9679636686">
				<ele>1875.5</ele>
				<extensions>
					<swisstopo:routepoint_id>871388678</swisstopo:routepoint_id>
				</extensions>
			</trkpt>
			<trkpt lat="46.1407567895" lon="6.9679304286">
				<ele>1875.3</ele>
				<extensions>
					<swisstopo:routepoint_id>1432133522</swisstopo:routepoint_id>
				</extensions>
			</trkpt>
			<trkpt lat="46.1408065343" lon="6.9679021120">
				<ele>1875.6</ele>
				<extensions>
					<swisstopo:routepoint_id>1271811559</swisstopo:routepoint_id>
				</extensions>
			</trkpt>
			<trkpt lat="46.1408438137" lon="6.9678717414">
				<ele>1876.1</ele>
				<extensions>
					<swisstopo:routepoint_id>316186491</swisstopo:routepoint_id>
				</extensions>
			</trkpt>
			<trkpt lat="46.1408782456" lon="6.9678220623">
				<ele>1876.6</ele>
				<extensions>
					<swisstopo:routepoint_id>424225733</swisstopo:routepoint_id>
				</extensions>
			</trkpt>
			<trkpt lat="46.1409029258" lon="6.9677574405">
				<ele>1877.2</ele>
				<extensions>
					<swisstopo:routepoint_id>543700074</swisstopo:routepoint_id>
				</extensions>
			</trkpt>
			<trkpt lat="46.1409328807" lon="6.9676240414">
				<ele>1878.1</ele>
				<extensions>
					<swisstopo:routepoint_id>1133124810</swisstopo:routepoint_id>
				</extensions>
			</trkpt>
			<trkpt lat="46.1409533432" lon="6.9675465681">
				<ele>1878.7</ele>
				<extensions>
					<swisstopo:routepoint_id>607501064</swisstopo:routepoint_id>
				</extensions>
			</trkpt>
			<trkpt lat="46.1409794834" lon="6.9674887264">
				<ele>1879.1</ele>
				<extensions>
					<swisstopo:routepoint_id>274365139</swisstopo:routepoint_id>
				</extensions>
			</trkpt>
			<trkpt lat="46.1410036160" lon="6.9674741303">
				<ele>1879.5</ele>
				<extensions>
					<swisstopo:routepoint_id>742506208</swisstopo:routepoint_id>
				</extensions>
			</trkpt>
			<trkpt lat="46.1410344383" lon="6.9674690625">
				<ele>1880.1</ele>
				<extensions>
					<swisstopo:routepoint_id>849352431</swisstopo:routepoint_id>
				</extensions>
			</trkpt>
			<trkpt lat="46.1410578423" lon="6.9674820615">
				<ele>1880.7</ele>
				<extensions>
					<swisstopo:routepoint_id>1461008947</swisstopo:routepoint_id>
				</extensions>
			</trkpt>
			<trkpt lat="46.1410787701" lon="6.9675058747">
				<ele>1881.2</ele>
				<extensions>
					<swisstopo:routepoint_id>939347492</swisstopo:routepoint_id>
				</extensions>
			</trkpt>
			<trkpt lat="46.1411031483" lon="6.9675524350">
				<ele>1882.0</ele>
				<extensions>
					<swisstopo:routepoint_id>1597603819</swisstopo:routepoint_id>
				</extensions>
			</trkpt>
			<trkpt lat="46.1411468561" lon="6.9676420008">
				<ele>1883.1</ele>
				<extensions>
					<swisstopo:routepoint_id>1067128788</swisstopo:routepoint_id>
				</extensions>
			</trkpt>
			<trkpt lat="46.1411862669" lon="6.9676932345">
				<ele>1884.1</ele>
				<extensions>
					<swisstopo:routepoint_id>1513664450</swisstopo:routepoint_id>
				</extensions>
			</trkpt>
			<trkpt lat="46.1412205194" lon="6.9677145255">
				<ele>1884.6</ele>
				<extensions>
					<swisstopo:routepoint_id>1466414946</swisstopo:routepoint_id>
				</extensions>
			</trkpt>
			<trkpt lat="46.1412538590" lon="6.9677106400">
				<ele>1884.9</ele>
				<extensions>
					<swisstopo:routepoint_id>1032750000</swisstopo:routepoint_id>
				</extensions>
			</trkpt>
			<trkpt lat="46.1412862757" lon="6.9676875841">
				<ele>1885.3</ele>
				<extensions>
					<swisstopo:routepoint_id>1390616843</swisstopo:routepoint_id>
				</extensions>
			</trkpt>
			<trkpt lat="46.1413319173" lon="6.9676380135">
				<ele>1886.1</ele>
				<extensions>
					<swisstopo:routepoint_id>215636076</swisstopo:routepoint_id>
				</extensions>
			</trkpt>
			<trkpt lat="46.1413784123" lon="6.9675908429">
				<ele>1887.2</ele>
				<extensions>
					<swisstopo:routepoint_id>782879035</swisstopo:routepoint_id>
				</extensions>
			</trkpt>
			<trkpt lat="46.1414191183" lon="6.9675627330">
				<ele>1888.5</ele>
				<extensions>
					<swisstopo:routepoint_id>254826279</swisstopo:routepoint_id>
				</extensions>
			</trkpt>
			<trkpt lat="46.1414656927" lon="6.9675452105">
				<ele>1889.7</ele>
				<extensions>
					<swisstopo:routepoint_id>529379400</swisstopo:routepoint_id>
				</extensions>
			</trkpt>
			<trkpt lat="46.1415437290" lon="6.9675370097">
				<ele>1891.0</ele>
				<extensions>
					<swisstopo:routepoint_id>1979748974</swisstopo:routepoint_id>
				</extensions>
			</trkpt>
			<trkpt lat="46.1416008914" lon="6.9675454213">
				<ele>1891.9</ele>
				<extensions>
					<swisstopo:routepoint_id>167372871</swisstopo:routepoint_id>
				</extensions>
			</trkpt>
			<trkpt lat="46.1416323898" lon="6.9675677441">
				<ele>1892.6</ele>
				<extensions>
					<swisstopo:routepoint_id>995362943</swisstopo:routepoint_id>
				</extensions>
			</trkpt>
			<trkpt lat="46.1416625626" lon="6.9676092600">
				<ele>1893.5</ele>
				<extensions>
					<swisstopo:routepoint_id>434615770</swisstopo:routepoint_id>
				</extensions>
			</trkpt>
			<trkpt lat="46.1417223076" lon="6.9676683285">
				<ele>1894.7</ele>
				<extensions>
					<swisstopo:routepoint_id>1322733702</swisstopo:routepoint_id>
				</extensions>
			</trkpt>
			<trkpt lat="46.1417792117" lon="6.9677308372">
				<ele>1895.6</ele>
				<extensions>
					<swisstopo:routepoint_id>1560444638</swisstopo:routepoint_id>
				</extensions>
			</trkpt>
			<trkpt lat="46.1418404682" lon="6.9678090621">
				<ele>1896.5</ele>
				<extensions>
					<swisstopo:routepoint_id>1987860031</swisstopo:routepoint_id>
				</extensions>
			</trkpt>
			<trkpt lat="46.1418864554" lon="6.9678785242">
				<ele>1897.4</ele>
				<extensions>
					<swisstopo:routepoint_id>1055141330</swisstopo:routepoint_id>
				</extensions>
			</trkpt>
			<trkpt lat="46.1419400245" lon="6.9679396907">
				<ele>1897.9</ele>
				<extensions>
					<swisstopo:routepoint_id>1682707639</swisstopo:routepoint_id>
				</extensions>
			</trkpt>
			<trkpt lat="46.1419848975" lon="6.9679714913">
				<ele>1898.1</ele>
				<extensions>
					<swisstopo:routepoint_id>1585381824</swisstopo:routepoint_id>
				</extensions>
			</trkpt>
			<trkpt lat="46.1420311316" lon="6.9679841112">
				<ele>1898.4</ele>
				<extensions>
					<swisstopo:routepoint_id>884029110</swisstopo:routepoint_id>
				</extensions>
			</trkpt>
			<trkpt lat="46.1420815922" lon="6.9679864230">
				<ele>1898.3</ele>
				<extensions>
					<swisstopo:routepoint_id>1056481158</swisstopo:routepoint_id>
				</extensions>
			</trkpt>
			<trkpt lat="46.1421303827" lon="6.9679969386">
				<ele>1898.3</ele>
				<extensions>
					<swisstopo:routepoint_id>2049416713</swisstopo:routepoint_id>
				</extensions>
			</trkpt>
			<trkpt lat="46.1421596495" lon="6.9680170821">
				<ele>1898.2</ele>
				<extensions>
					<swisstopo:routepoint_id>1421215121</swisstopo:routepoint_id>
				</extensions>
			</trkpt>
			<trkpt lat="46.1421806008" lon="6.9680444818">
				<ele>1898.3</ele>
				<extensions>
					<swisstopo:routepoint_id>571102852</swisstopo:routepoint_id>
				</extensions>
			</trkpt>
			<trkpt lat="46.1421957829" lon="6.9680851288">
				<ele>1898.3</ele>
				<extensions>
					<swisstopo:routepoint_id>551247430</swisstopo:routepoint_id>
				</extensions>
			</trkpt>
			<trkpt lat="46.1422035489" lon="6.9681486327">
				<ele>1898.6</ele>
				<extensions>
					<swisstopo:routepoint_id>1180784651</swisstopo:routepoint_id>
				</extensions>
			</trkpt>
			<trkpt lat="46.1421938534" lon="6.9682254715">
				<ele>1899.3</ele>
				<extensions>
					<swisstopo:routepoint_id>1436879538</swisstopo:routepoint_id>
				</extensions>
			</trkpt>
			<trkpt lat="46.1421891290" lon="6.9682914746">
				<ele>1900.1</ele>
				<extensions>
					<swisstopo:routepoint_id>703604560</swisstopo:routepoint_id>
				</extensions>
			</trkpt>
			<trkpt lat="46.1421969136" lon="6.9683573733">
				<ele>1900.9</ele>
				<extensions>
					<swisstopo:routepoint_id>1102724310</swisstopo:routepoint_id>
				</extensions>
			</trkpt>
			<trkpt lat="46.1422256418" lon="6.9684509658">
				<ele>1901.8</ele>
				<extensions>
					<swisstopo:routepoint_id>1571292267</swisstopo:routepoint_id>
				</extensions>
			</trkpt>
			<trkpt lat="46.1422911508" lon="6.9686352985">
				<ele>1902.8</ele>
				<extensions>
					<swisstopo:routepoint_id>338309068</swisstopo:routepoint_id>
				</extensions>
			</trkpt>
			<trkpt lat="46.1423079769" lon="6.9686742002">
				<ele>1903.2</ele>
				<extensions>
					<swisstopo:routepoint_id>1198660225</swisstopo:routepoint_id>
				</extensions>
			</trkpt>
			<trkpt lat="46.1423304529" lon="6.9687007056">
				<ele>1903.5</ele>
				<extensions>
					<swisstopo:routepoint_id>1411453741</swisstopo:routepoint_id>
				</extensions>
			</trkpt>
			<trkpt lat="46.1423686472" lon="6.9687277744">
				<ele>1904.2</ele>
				<extensions>
					<swisstopo:routepoint_id>2140667876</swisstopo:routepoint_id>
				</extensions>
			</trkpt>
			<trkpt lat="46.1424564163" lon="6.9687701683">
				<ele>1905.4</ele>
				<extensions>
					<swisstopo:routepoint_id>957531721</swisstopo:routepoint_id>
				</extensions>
			</trkpt>
			<trkpt lat="46.1425618631" lon="6.9688302053">
				<ele>1907.3</ele>
				<extensions>
					<swisstopo:routepoint_id>635217394</swisstopo:routepoint_id>
				</extensions>
			</trkpt>
			<trkpt lat="46.1425981370" lon="6.9688538754">
				<ele>1907.8</ele>
				<extensions>
					<swisstopo:routepoint_id>874772908</swisstopo:routepoint_id>
				</extensions>
			</trkpt>
			<trkpt lat="46.1426173039" lon="6.9688831551">
				<ele>1908.2</ele>
				<extensions>
					<swisstopo:routepoint_id>1605266367</swisstopo:routepoint_id>
				</extensions>
			</trkpt>
			<trkpt lat="46.1426341325" lon="6.9689247869">
				<ele>1908.4</ele>
				<extensions>
					<swisstopo:routepoint_id>2048554953</swisstopo:routepoint_id>
				</extensions>
			</trkpt>
			<trkpt lat="46.1426448819" lon="6.9689918077">
				<ele>1908.9</ele>
				<extensions>
					<swisstopo:routepoint_id>842147069</swisstopo:routepoint_id>
				</extensions>
			</trkpt>
			<trkpt lat="46.1426447426" lon="6.9690726189">
				<ele>1909.8</ele>
				<extensions>
					<swisstopo:routepoint_id>2059753587</swisstopo:routepoint_id>
				</extensions>
			</trkpt>
			<trkpt lat="46.1426384842" lon="6.9691692300">
				<ele>1910.4</ele>
				<extensions>
					<swisstopo:routepoint_id>1378028405</swisstopo:routepoint_id>
				</extensions>
			</trkpt>
			<trkpt lat="46.1426405434" lon="6.9692082459">
				<ele>1910.7</ele>
				<extensions>
					<swisstopo:routepoint_id>811569386</swisstopo:routepoint_id>
				</extensions>
			</trkpt>
			<trkpt lat="46.1426535766" lon="6.9692519673">
				<ele>1911.0</ele>
				<extensions>
					<swisstopo:routepoint_id>1782867311</swisstopo:routepoint_id>
				</extensions>
			</trkpt>
			<trkpt lat="46.1426828509" lon="6.9693078687">
				<ele>1911.6</ele>
				<extensions>
					<swisstopo:routepoint_id>574190926</swisstopo:routepoint_id>
				</extensions>
			</trkpt>
			<trkpt lat="46.1427365128" lon="6.9693916468">
				<ele>1912.8</ele>
				<extensions>
					<swisstopo:routepoint_id>1882644032</swisstopo:routepoint_id>
				</extensions>
			</trkpt>
			<trkpt lat="46.1427820077" lon="6.9694570020">
				<ele>1913.6</ele>
				<extensions>
					<swisstopo:routepoint_id>330661203</swisstopo:routepoint_id>
				</extensions>
			</trkpt>
			<trkpt lat="46.1427944102" lon="6.9694651138">
				<ele>1913.8</ele>
				<extensions>
					<swisstopo:routepoint_id>1756006332</swisstopo:routepoint_id>
				</extensions>
			</trkpt>
			<trkpt lat="46.1428077391" lon="6.9694656851">
				<ele>1913.9</ele>
				<extensions>
					<swisstopo:routepoint_id>329759256</swisstopo:routepoint_id>
				</extensions>
			</trkpt>
			<trkpt lat="46.1428205769" lon="6.9694600995">
				<ele>1914.1</ele>
				<extensions>
					<swisstopo:routepoint_id>2023052201</swisstopo:routepoint_id>
				</extensions>
			</trkpt>
			<trkpt lat="46.1428304826" lon="6.9694401501">
				<ele>1914.3</ele>
				<extensions>
					<swisstopo:routepoint_id>13281006</swisstopo:routepoint_id>
				</extensions>
			</trkpt>
			<trkpt lat="46.1428322412" lon="6.9694045199">
				<ele>1914.7</ele>
				<extensions>
					<swisstopo:routepoint_id>1117504924</swisstopo:routepoint_id>
				</extensions>
			</trkpt>
			<trkpt lat="46.1428244946" lon="6.9693730850">
				<ele>1915.1</ele>
				<extensions>
					<swisstopo:routepoint_id>691830426</swisstopo:routepoint_id>
				</extensions>
			</trkpt>
			<trkpt lat="46.1427995016" lon="6.9693157723">
				<ele>1916.0</ele>
				<extensions>
					<swisstopo:routepoint_id>1331820901</swisstopo:routepoint_id>
				</extensions>
			</trkpt>
			<trkpt lat="46.1427792985" lon="6.9692632211">
				<ele>1917.0</ele>
				<extensions>
					<swisstopo:routepoint_id>1909010383</swisstopo:routepoint_id>
				</extensions>
			</trkpt>
			<trkpt lat="46.1427739437" lon="6.9692344989">
				<ele>1917.4</ele>
				<extensions>
					<swisstopo:routepoint_id>591320036</swisstopo:routepoint_id>
				</extensions>
			</trkpt>
			<trkpt lat="46.1427757223" lon="6.9692036679">
				<ele>1917.8</ele>
				<extensions>
					<swisstopo:routepoint_id>433952864</swisstopo:routepoint_id>
				</extensions>
			</trkpt>
			<trkpt lat="46.1427861110" lon="6.9691837144">
				<ele>1918.1</ele>
				<extensions>
					<swisstopo:routepoint_id>599920847</swisstopo:routepoint_id>
				</extensions>
			</trkpt>
			<trkpt lat="46.1428041472" lon="6.9691712372">
				<ele>1918.4</ele>
				<extensions>
					<swisstopo:routepoint_id>1498048325</swisstopo:routepoint_id>
				</extensions>
			</trkpt>
			<trkpt lat="46.1428326856" lon="6.9691661930">
				<ele>1918.9</ele>
				<extensions>
					<swisstopo:routepoint_id>129267806</swisstopo:routepoint_id>
				</extensions>
			</trkpt>
			<trkpt lat="46.1429003359" lon="6.9691806904">
				<ele>1920.2</ele>
				<extensions>
					<swisstopo:routepoint_id>607824655</swisstopo:routepoint_id>
				</extensions>
			</trkpt>
			<trkpt lat="46.1429609353" lon="6.9692150875">
				<ele>1921.2</ele>
				<extensions>
					<swisstopo:routepoint_id>536172381</swisstopo:routepoint_id>
				</extensions>
			</trkpt>
			<trkpt lat="46.1430167846" lon="6.9692543250">
				<ele>1922.1</ele>
				<extensions>
					<swisstopo:routepoint_id>1321589786</swisstopo:routepoint_id>
				</extensions>
			</trkpt>
			<trkpt lat="46.1430812392" lon="6.9692989802">
				<ele>1923.2</ele>
				<extensions>
					<swisstopo:routepoint_id>12728177</swisstopo:routepoint_id>
				</extensions>
			</trkpt>
			<trkpt lat="46.1431577014" lon="6.9693709139">
				<ele>1924.6</ele>
				<extensions>
					<swisstopo:routepoint_id>1573271784</swisstopo:routepoint_id>
				</extensions>
			</trkpt>
			<trkpt lat="46.1431935149" lon="6.9693980039">
				<ele>1925.2</ele>
				<extensions>
					<swisstopo:routepoint_id>1944545690</swisstopo:routepoint_id>
				</extensions>
			</trkpt>
			<trkpt lat="46.1432149797" lon="6.9694094569">
				<ele>1925.5</ele>
				<extensions>
					<swisstopo:routepoint_id>705423590</swisstopo:routepoint_id>
				</extensions>
			</trkpt>
			<trkpt lat="46.1432559580" lon="6.9694384965">
				<ele>1926.0</ele>
				<extensions>
					<swisstopo:routepoint_id>1982442685</swisstopo:routepoint_id>
				</extensions>
			</trkpt>
			<trkpt lat="46.1433372601" lon="6.9695421499">
				<ele>1928.0</ele>
				<extensions>
					<swisstopo:routepoint_id>1034186208</swisstopo:routepoint_id>
				</extensions>
			</trkpt>
			<trkpt lat="46.1433851169" lon="6.9696220957">
				<ele>1930.1</ele>
				<extensions>
					<swisstopo:routepoint_id>2092219398</swisstopo:routepoint_id>
				</extensions>
			</trkpt>
			<trkpt lat="46.1434370839" lon="6.9696912132">
				<ele>1931.4</ele>
				<extensions>
					<swisstopo:routepoint_id>2075671838</swisstopo:routepoint_id>
				</extensions>
			</trkpt>
			<trkpt lat="46.1434714976" lon="6.9697472802">
				<ele>1931.9</ele>
				<extensions>
					<swisstopo:routepoint_id>137607430</swisstopo:routepoint_id>
				</extensions>
			</trkpt>
			<trkpt lat="46.1435059014" lon="6.9698009648">
				<ele>1932.5</ele>
				<extensions>
					<swisstopo:routepoint_id>1119556692</swisstopo:routepoint_id>
				</extensions>
			</trkpt>
			<trkpt lat="46.1435643296" lon="6.9698541627">
				<ele>1933.1</ele>
				<extensions>
					<swisstopo:routepoint_id>1395988481</swisstopo:routepoint_id>
				</extensions>
			</trkpt>
			<trkpt lat="46.1436520704" lon="6.9699322920">
				<ele>1933.5</ele>
				<extensions>
					<swisstopo:routepoint_id>1041306612</swisstopo:routepoint_id>
				</extensions>
			</trkpt>
			<trkpt lat="46.1437049684" lon="6.9699759195">
				<ele>1933.8</ele>
				<extensions>
					<swisstopo:routepoint_id>1435210188</swisstopo:routepoint_id>
				</extensions>
			</trkpt>
			<trkpt lat="46.1437378280" lon="6.9699961380">
				<ele>1934.0</ele>
				<extensions>
					<swisstopo:routepoint_id>559220780</swisstopo:routepoint_id>
				</extensions>
			</trkpt>
			<trkpt lat="46.1437727672" lon="6.9700030082">
				<ele>1934.1</ele>
				<extensions>
					<swisstopo:routepoint_id>1998277859</swisstopo:routepoint_id>
				</extensions>
			</trkpt>
			<trkpt lat="46.1438326283" lon="6.9700076206">
				<ele>1933.5</ele>
				<extensions>
					<swisstopo:routepoint_id>1876084559</swisstopo:routepoint_id>
				</extensions>
			</trkpt>
			<trkpt lat="46.1439538034" lon="6.9700219581">
				<ele>1932.2</ele>
				<extensions>
					<swisstopo:routepoint_id>245308336</swisstopo:routepoint_id>
				</extensions>
			</trkpt>
			<trkpt lat="46.1440771005" lon="6.9700332094">
				<ele>1932.1</ele>
				<extensions>
					<swisstopo:routepoint_id>209307046</swisstopo:routepoint_id>
				</extensions>
			</trkpt>
			<trkpt lat="46.1441604985" lon="6.9700447929">
				<ele>1931.8</ele>
				<extensions>
					<swisstopo:routepoint_id>1866139583</swisstopo:routepoint_id>
				</extensions>
			</trkpt>
			<trkpt lat="46.1442494891" lon="6.9700661867">
				<ele>1931.8</ele>
				<extensions>
					<swisstopo:routepoint_id>1162846869</swisstopo:routepoint_id>
				</extensions>
			</trkpt>
			<trkpt lat="46.1443013501" lon="6.9700757338">
				<ele>1931.8</ele>
				<extensions>
					<swisstopo:routepoint_id>632163054</swisstopo:routepoint_id>
				</extensions>
			</trkpt>
			<trkpt lat="46.1444006610" lon="6.9700988657">
				<ele>1931.9</ele>
				<extensions>
					<swisstopo:routepoint_id>960891842</swisstopo:routepoint_id>
				</extensions>
			</trkpt>
			<trkpt lat="46.1445067857" lon="6.9701615274">
				<ele>1931.9</ele>
				<extensions>
					<swisstopo:routepoint_id>1955114427</swisstopo:routepoint_id>
				</extensions>
			</trkpt>
			<trkpt lat="46.1446938932" lon="6.9702486855">
				<ele>1932.0</ele>
				<extensions>
					<swisstopo:routepoint_id>1424914932</swisstopo:routepoint_id>
				</extensions>
			</trkpt>
			<trkpt lat="46.1448078208" lon="6.9703224759">
				<ele>1932.0</ele>
				<extensions>
					<swisstopo:routepoint_id>1949903336</swisstopo:routepoint_id>
				</extensions>
			</trkpt>
			<trkpt lat="46.1449202512" lon="6.9704081507">
				<ele>1931.9</ele>
				<extensions>
					<swisstopo:routepoint_id>2034520410</swisstopo:routepoint_id>
				</extensions>
			</trkpt>
			<trkpt lat="46.1450410706" lon="6.9704915642">
				<ele>1932.0</ele>
				<extensions>
					<swisstopo:routepoint_id>1831110560</swisstopo:routepoint_id>
				</extensions>
			</trkpt>
			<trkpt lat="46.1451486770" lon="6.9705578421">
				<ele>1932.0</ele>
				<extensions>
					<swisstopo:routepoint_id>2140565072</swisstopo:routepoint_id>
				</extensions>
			</trkpt>
			<trkpt lat="46.1452622477" lon="6.9706048358">
				<ele>1932.0</ele>
				<extensions>
					<swisstopo:routepoint_id>759227757</swisstopo:routepoint_id>
				</extensions>
			</trkpt>
			<trkpt lat="46.1453991625" lon="6.9706504516">
				<ele>1931.9</ele>
				<extensions>
					<swisstopo:routepoint_id>443545842</swisstopo:routepoint_id>
				</extensions>
			</trkpt>
			<trkpt lat="46.1454887691" lon="6.9706848883">
				<ele>1932.1</ele>
				<extensions>
					<swisstopo:routepoint_id>1980510506</swisstopo:routepoint_id>
				</extensions>
			</trkpt>
			<trkpt lat="46.1455280242" lon="6.9706817815">
				<ele>1932.1</ele>
				<extensions>
					<swisstopo:routepoint_id>1771692823</swisstopo:routepoint_id>
				</extensions>
			</trkpt>
			<trkpt lat="46.1456064537" lon="6.9706857463">
				<ele>1932.0</ele>
				<extensions>
					<swisstopo:routepoint_id>1583470521</swisstopo:routepoint_id>
				</extensions>
			</trkpt>
			<trkpt lat="46.1457305612" lon="6.9706762834">
				<ele>1931.7</ele>
				<extensions>
					<swisstopo:routepoint_id>2120362177</swisstopo:routepoint_id>
				</extensions>
			</trkpt>
			<trkpt lat="46.1458033013" lon="6.9706597678">
				<ele>1931.3</ele>
				<extensions>
					<swisstopo:routepoint_id>1841337521</swisstopo:routepoint_id>
				</extensions>
			</trkpt>
			<trkpt lat="46.1459179228" lon="6.9706166741">
				<ele>1931.1</ele>
				<extensions>
					<swisstopo:routepoint_id>1997076412</swisstopo:routepoint_id>
				</extensions>
			</trkpt>
			<trkpt lat="46.1460035907" lon="6.9705823055">
				<ele>1931.4</ele>
				<extensions>
					<swisstopo:routepoint_id>1166176762</swisstopo:routepoint_id>
				</extensions>
			</trkpt>
			<trkpt lat="46.1460440018" lon="6.9705613138">
				<ele>1931.5</ele>
				<extensions>
					<swisstopo:routepoint_id>932685745</swisstopo:routepoint_id>
				</extensions>
			</trkpt>
			<trkpt lat="46.1461026499" lon="6.9705147644">
				<ele>1931.5</ele>
				<extensions>
					<swisstopo:routepoint_id>58447832</swisstopo:routepoint_id>
				</extensions>
			</trkpt>
			<trkpt lat="46.1461438169" lon="6.9704832472">
				<ele>1931.6</ele>
				<extensions>
					<swisstopo:routepoint_id>1864597329</swisstopo:routepoint_id>
				</extensions>
			</trkpt>
			<trkpt lat="46.1461849382" lon="6.9704427849">
				<ele>1931.7</ele>
				<extensions>
					<swisstopo:routepoint_id>2124339872</swisstopo:routepoint_id>
				</extensions>
			</trkpt>
			<trkpt lat="46.1462198025" lon="6.9703890227">
				<ele>1931.7</ele>
				<extensions>
					<swisstopo:routepoint_id>1399370367</swisstopo:routepoint_id>
				</extensions>
			</trkpt>
			<trkpt lat="46.1462433162" lon="6.9703309023">
				<ele>1931.7</ele>
				<extensions>
					<swisstopo:routepoint_id>154433249</swisstopo:routepoint_id>
				</extensions>
			</trkpt>
			<trkpt lat="46.1462523988" lon="6.9702817969">
				<ele>1931.6</ele>
				<extensions>
					<swisstopo:routepoint_id>834751300</swisstopo:routepoint_id>
				</extensions>
			</trkpt>
			<trkpt lat="46.1462593336" lon="6.9702104650">
				<ele>1931.6</ele>
				<extensions>
					<swisstopo:routepoint_id>685424944</swisstopo:routepoint_id>
				</extensions>
			</trkpt>
			<trkpt lat="46.1462631430" lon="6.9701331908">
				<ele>1931.6</ele>
				<extensions>
					<swisstopo:routepoint_id>1688563207</swisstopo:routepoint_id>
				</extensions>
			</trkpt>
			<trkpt lat="46.1462678106" lon="6.9700128475">
				<ele>1931.8</ele>
				<extensions>
					<swisstopo:routepoint_id>1221611961</swisstopo:routepoint_id>
				</extensions>
			</trkpt>
			<trkpt lat="46.1462723710" lon="6.9698687464">
				<ele>1931.7</ele>
				<extensions>
					<swisstopo:routepoint_id>665132028</swisstopo:routepoint_id>
				</extensions>
			</trkpt>
			<trkpt lat="46.1462863421" lon="6.9697527912">
				<ele>1931.2</ele>
				<extensions>
					<swisstopo:routepoint_id>994498147</swisstopo:routepoint_id>
				</extensions>
			</trkpt>
			<trkpt lat="46.1462992052" lon="6.9696175201">
				<ele>1930.8</ele>
				<extensions>
					<swisstopo:routepoint_id>1788116895</swisstopo:routepoint_id>
				</extensions>
			</trkpt>
			<trkpt lat="46.1463028789" lon="6.9695075935">
				<ele>1930.9</ele>
				<extensions>
					<swisstopo:routepoint_id>367965344</swisstopo:routepoint_id>
				</extensions>
			</trkpt>
			<trkpt lat="46.1463149056" lon="6.9694228327">
				<ele>1931.1</ele>
				<extensions>
					<swisstopo:routepoint_id>1649573502</swisstopo:routepoint_id>
				</extensions>
			</trkpt>
			<trkpt lat="46.1463279495" lon="6.9693291462">
				<ele>1931.1</ele>
				<extensions>
					<swisstopo:routepoint_id>564983327</swisstopo:routepoint_id>
				</extensions>
			</trkpt>
			<trkpt lat="46.1463533432" lon="6.9692309015">
				<ele>1931.3</ele>
				<extensions>
					<swisstopo:routepoint_id>927666821</swisstopo:routepoint_id>
				</extensions>
			</trkpt>
			<trkpt lat="46.1463889938" lon="6.9691147600">
				<ele>1931.3</ele>
				<extensions>
					<swisstopo:routepoint_id>1956517955</swisstopo:routepoint_id>
				</extensions>
			</trkpt>
			<trkpt lat="46.1464185777" lon="6.9690313367">
				<ele>1931.3</ele>
				<extensions>
					<swisstopo:routepoint_id>489359874</swisstopo:routepoint_id>
				</extensions>
			</trkpt>
			<trkpt lat="46.1464409407" lon="6.9689479752">
				<ele>1931.4</ele>
				<extensions>
					<swisstopo:routepoint_id>528243396</swisstopo:routepoint_id>
				</extensions>
			</trkpt>
			<trkpt lat="46.1464570949" lon="6.9688587264">
				<ele>1931.5</ele>
				<extensions>
					<swisstopo:routepoint_id>1122263171</swisstopo:routepoint_id>
				</extensions>
			</trkpt>
			<trkpt lat="46.1464639400" lon="6.9687680693">
				<ele>1931.6</ele>
				<extensions>
					<swisstopo:routepoint_id>1044612428</swisstopo:routepoint_id>
				</extensions>
			</trkpt>
			<trkpt lat="46.1464634779" lon="6.9686566770">
				<ele>1931.6</ele>
				<extensions>
					<swisstopo:routepoint_id>683520833</swisstopo:routepoint_id>
				</extensions>
			</trkpt>
			<trkpt lat="46.1464549027" lon="6.9685780458">
				<ele>1931.5</ele>
				<extensions>
					<swisstopo:routepoint_id>1552484669</swisstopo:routepoint_id>
				</extensions>
			</trkpt>
			<trkpt lat="46.1464376861" lon="6.9684133426">
				<ele>1931.6</ele>
				<extensions>
					<swisstopo:routepoint_id>1717235986</swisstopo:routepoint_id>
				</extensions>
			</trkpt>
			<trkpt lat="46.1464176351" lon="6.9683065709">
				<ele>1931.9</ele>
				<extensions>
					<swisstopo:routepoint_id>1766055139</swisstopo:routepoint_id>
				</extensions>
			</trkpt>
			<trkpt lat="46.1464036081" lon="6.9681611376">
				<ele>1932.0</ele>
				<extensions>
					<swisstopo:routepoint_id>38309256</swisstopo:routepoint_id>
				</extensions>
			</trkpt>
			<trkpt lat="46.1464010837" lon="6.9680482875">
				<ele>1932.1</ele>
				<extensions>
					<swisstopo:routepoint_id>1118145279</swisstopo:routepoint_id>
				</extensions>
			</trkpt>
			<trkpt lat="46.1464015463" lon="6.9679101584">
				<ele>1932.2</ele>
				<extensions>
					<swisstopo:routepoint_id>993886235</swisstopo:routepoint_id>
				</extensions>
			</trkpt>
			<trkpt lat="46.1464115410" lon="6.9678313582">
				<ele>1932.1</ele>
				<extensions>
					<swisstopo:routepoint_id>210373771</swisstopo:routepoint_id>
				</extensions>
			</trkpt>
			<trkpt lat="46.1464348419" lon="6.9677286753">
				<ele>1931.9</ele>
				<extensions>
					<swisstopo:routepoint_id>1796119950</swisstopo:routepoint_id>
				</extensions>
			</trkpt>
			<trkpt lat="46.1464612735" lon="6.9676289451">
				<ele>1931.9</ele>
				<extensions>
					<swisstopo:routepoint_id>429169168</swisstopo:routepoint_id>
				</extensions>
			</trkpt>
			<trkpt lat="46.1464918957" lon="6.9675440394">
				<ele>1931.8</ele>
				<extensions>
					<swisstopo:routepoint_id>597365099</swisstopo:routepoint_id>
				</extensions>
			</trkpt>
			<trkpt lat="46.1465265793" lon="6.9674471861">
				<ele>1931.9</ele>
				<extensions>
					<swisstopo:routepoint_id>289569543</swisstopo:routepoint_id>
				</extensions>
			</trkpt>
			<trkpt lat="46.1465685012" lon="6.9673502861">
				<ele>1931.8</ele>
				<extensions>
					<swisstopo:routepoint_id>1226639649</swisstopo:routepoint_id>
				</extensions>
			</trkpt>
			<trkpt lat="46.1465991823" lon="6.9672817001">
				<ele>1931.7</ele>
				<extensions>
					<swisstopo:routepoint_id>502221537</swisstopo:routepoint_id>
				</extensions>
			</trkpt>
			<trkpt lat="46.1466463127" lon="6.9671951604">
				<ele>1931.7</ele>
				<extensions>
					<swisstopo:routepoint_id>306941033</swisstopo:routepoint_id>
				</extensions>
			</trkpt>
			<trkpt lat="46.1466810764" lon="6.9671176314">
				<ele>1931.7</ele>
				<extensions>
					<swisstopo:routepoint_id>327373121</swisstopo:routepoint_id>
				</extensions>
			</trkpt>
			<trkpt lat="46.1467086802" lon="6.9670505568">
				<ele>1931.7</ele>
				<extensions>
					<swisstopo:routepoint_id>1754217312</swisstopo:routepoint_id>
				</extensions>
			</trkpt>
			<trkpt lat="46.1467269599" lon="6.9669805858">
				<ele>1931.6</ele>
				<extensions>
					<swisstopo:routepoint_id>685990744</swisstopo:routepoint_id>
				</extensions>
			</trkpt>
			<trkpt lat="46.1467391074" lon="6.9669210761">
				<ele>1931.6</ele>
				<extensions>
					<swisstopo:routepoint_id>157712906</swisstopo:routepoint_id>
				</extensions>
			</trkpt>
			<trkpt lat="46.1467470283" lon="6.9668423026">
				<ele>1931.6</ele>
				<extensions>
					<swisstopo:routepoint_id>1709997701</swisstopo:routepoint_id>
				</extensions>
			</trkpt>
			<trkpt lat="46.1467537903" lon="6.9667278835">
				<ele>1931.6</ele>
				<extensions>
					<swisstopo:routepoint_id>112031039</swisstopo:routepoint_id>
				</extensions>
			</trkpt>
			<trkpt lat="46.1467541126" lon="6.9665585640">
				<ele>1931.5</ele>
				<extensions>
					<swisstopo:routepoint_id>1547211966</swisstopo:routepoint_id>
				</extensions>
			</trkpt>
			<trkpt lat="46.1467553969" lon="6.9663714272">
				<ele>1931.4</ele>
				<extensions>
					<swisstopo:routepoint_id>806085206</swisstopo:routepoint_id>
				</extensions>
			</trkpt>
			<trkpt lat="46.1467485103" lon="6.9662051338">
				<ele>1931.4</ele>
				<extensions>
					<swisstopo:routepoint_id>188385612</swisstopo:routepoint_id>
				</extensions>
			</trkpt>
			<trkpt lat="46.1467490858" lon="6.9660967085">
				<ele>1931.5</ele>
				<extensions>
					<swisstopo:routepoint_id>1217050641</swisstopo:routepoint_id>
				</extensions>
			</trkpt>
			<trkpt lat="46.1467619942" lon="6.9659733285">
				<ele>1931.5</ele>
				<extensions>
					<swisstopo:routepoint_id>1994356031</swisstopo:routepoint_id>
				</extensions>
			</trkpt>
			<trkpt lat="46.1467777244" lon="6.9657830778">
				<ele>1931.5</ele>
				<extensions>
					<swisstopo:routepoint_id>2010373926</swisstopo:routepoint_id>
				</extensions>
			</trkpt>
			<trkpt lat="46.1467864268" lon="6.9656434040">
				<ele>1931.5</ele>
				<extensions>
					<swisstopo:routepoint_id>147569852</swisstopo:routepoint_id>
				</extensions>
			</trkpt>
			<trkpt lat="46.1467897491" lon="6.9654502964">
				<ele>1931.7</ele>
				<extensions>
					<swisstopo:routepoint_id>2059456714</swisstopo:routepoint_id>
				</extensions>
			</trkpt>
			<trkpt lat="46.1467973028" lon="6.9652838908">
				<ele>1931.7</ele>
				<extensions>
					<swisstopo:routepoint_id>401713605</swisstopo:routepoint_id>
				</extensions>
			</trkpt>
			<trkpt lat="46.1468009002" lon="6.9651546380">
				<ele>1931.8</ele>
				<extensions>
					<swisstopo:routepoint_id>2030467326</swisstopo:routepoint_id>
				</extensions>
			</trkpt>
			<trkpt lat="46.1467953154" lon="6.9650522189">
				<ele>1931.8</ele>
				<extensions>
					<swisstopo:routepoint_id>1111108513</swisstopo:routepoint_id>
				</extensions>
			</trkpt>
			<trkpt lat="46.1467822312" lon="6.9648874706">
				<ele>1931.5</ele>
				<extensions>
					<swisstopo:routepoint_id>1148874670</swisstopo:routepoint_id>
				</extensions>
			</trkpt>
			<trkpt lat="46.1467647409" lon="6.9646544448">
				<ele>1931.2</ele>
				<extensions>
					<swisstopo:routepoint_id>621812596</swisstopo:routepoint_id>
				</extensions>
			</trkpt>
			<trkpt lat="46.1467576875" lon="6.9644510344">
				<ele>1931.2</ele>
				<extensions>
					<swisstopo:routepoint_id>314103446</swisstopo:routepoint_id>
				</extensions>
			</trkpt>
			<trkpt lat="46.1467590144" lon="6.9642728016">
				<ele>1931.3</ele>
				<extensions>
					<swisstopo:routepoint_id>1663753119</swisstopo:routepoint_id>
				</extensions>
			</trkpt>
			<trkpt lat="46.1467542947" lon="6.9641317400">
				<ele>1931.4</ele>
				<extensions>
					<swisstopo:routepoint_id>1951706371</swisstopo:routepoint_id>
				</extensions>
			</trkpt>
			<trkpt lat="46.1467466570" lon="6.9640323029">
				<ele>1931.4</ele>
				<extensions>
					<swisstopo:routepoint_id>1339178933</swisstopo:routepoint_id>
				</extensions>
			</trkpt>
			<trkpt lat="46.1467274929" lon="6.9638928580">
				<ele>1931.3</ele>
				<extensions>
					<swisstopo:routepoint_id>1931882218</swisstopo:routepoint_id>
				</extensions>
			</trkpt>
			<trkpt lat="46.1467152754" lon="6.9636880012">
				<ele>1931.1</ele>
				<extensions>
					<swisstopo:routepoint_id>1648516595</swisstopo:routepoint_id>
				</extensions>
			</trkpt>
			<trkpt lat="46.1467124175" lon="6.9635008878">
				<ele>1930.9</ele>
				<extensions>
					<swisstopo:routepoint_id>3036868</swisstopo:routepoint_id>
				</extensions>
			</trkpt>
			<trkpt lat="46.1467145214" lon="6.9632632435">
				<ele>1931.3</ele>
				<extensions>
					<swisstopo:routepoint_id>111546157</swisstopo:routepoint_id>
				</extensions>
			</trkpt>
			<trkpt lat="46.1467178085" lon="6.9630627202">
				<ele>1931.3</ele>
				<extensions>
					<swisstopo:routepoint_id>510460446</swisstopo:routepoint_id>
				</extensions>
			</trkpt>
			<trkpt lat="46.1467139155" lon="6.9628741276">
				<ele>1931.1</ele>
				<extensions>
					<swisstopo:routepoint_id>1352509363</swisstopo:routepoint_id>
				</extensions>
			</trkpt>
			<trkpt lat="46.1467112423" lon="6.9627271077">
				<ele>1931.3</ele>
				<extensions>
					<swisstopo:routepoint_id>1902239636</swisstopo:routepoint_id>
				</extensions>
			</trkpt>
			<trkpt lat="46.1467074087" lon="6.9625548605">
				<ele>1931.4</ele>
				<extensions>
					<swisstopo:routepoint_id>2113225846</swisstopo:routepoint_id>
				</extensions>
			</trkpt>
			<trkpt lat="46.1466995474" lon="6.9624004697">
				<ele>1931.3</ele>
				<extensions>
					<swisstopo:routepoint_id>8558764</swisstopo:routepoint_id>
				</extensions>
			</trkpt>
			<trkpt lat="46.1466957346" lon="6.9622312021">
				<ele>1931.3</ele>
				<extensions>
					<swisstopo:routepoint_id>1413555075</swisstopo:routepoint_id>
				</extensions>
			</trkpt>
			<trkpt lat="46.1467005661" lon="6.9621539179">
				<ele>1931.3</ele>
				<extensions>
					<swisstopo:routepoint_id>1871833254</swisstopo:routepoint_id>
				</extensions>
			</trkpt>
			<trkpt lat="46.1467094977" lon="6.9620676935">
				<ele>1931.3</ele>
				<extensions>
					<swisstopo:routepoint_id>1670362234</swisstopo:routepoint_id>
				</extensions>
			</trkpt>
			<trkpt lat="46.1467337600" lon="6.9619442137">
				<ele>1931.3</ele>
				<extensions>
					<swisstopo:routepoint_id>673336211</swisstopo:routepoint_id>
				</extensions>
			</trkpt>
			<trkpt lat="46.1467570582" lon="6.9618400552">
				<ele>1931.3</ele>
				<extensions>
					<swisstopo:routepoint_id>71337491</swisstopo:routepoint_id>
				</extensions>
			</trkpt>
			<trkpt lat="46.1467760611" lon="6.9616943380">
				<ele>1931.1</ele>
				<extensions>
					<swisstopo:routepoint_id>348697222</swisstopo:routepoint_id>
				</extensions>
			</trkpt>
			<trkpt lat="46.1467869453" lon="6.9615858227">
				<ele>1931.1</ele>
				<extensions>
					<swisstopo:routepoint_id>1316723251</swisstopo:routepoint_id>
				</extensions>
			</trkpt>
			<trkpt lat="46.1467845708" lon="6.9615101019">
				<ele>1931.0</ele>
				<extensions>
					<swisstopo:routepoint_id>2112168823</swisstopo:routepoint_id>
				</extensions>
			</trkpt>
			<trkpt lat="46.1467790327" lon="6.9614195513">
				<ele>1930.9</ele>
				<extensions>
					<swisstopo:routepoint_id>1512321124</swisstopo:routepoint_id>
				</extensions>
			</trkpt>
			<trkpt lat="46.1467579136" lon="6.9613068628">
				<ele>1930.9</ele>
				<extensions>
					<swisstopo:routepoint_id>1225562443</swisstopo:routepoint_id>
				</extensions>
			</trkpt>
			<trkpt lat="46.1467343500" lon="6.9611686453">
				<ele>1930.9</ele>
				<extensions>
					<swisstopo:routepoint_id>2069742707</swisstopo:routepoint_id>
				</extensions>
			</trkpt>
			<trkpt lat="46.1467191052" lon="6.9610532641">
				<ele>1930.8</ele>
				<extensions>
					<swisstopo:routepoint_id>1367168280</swisstopo:routepoint_id>
				</extensions>
			</trkpt>
			<trkpt lat="46.1467056131" lon="6.9609327678">
				<ele>1930.9</ele>
				<extensions>
					<swisstopo:routepoint_id>20397279</swisstopo:routepoint_id>
				</extensions>
			</trkpt>
			<trkpt lat="46.1466935980" lon="6.9607959001">
				<ele>1931.1</ele>
				<extensions>
					<swisstopo:routepoint_id>732524790</swisstopo:routepoint_id>
				</extensions>
			</trkpt>
			<trkpt lat="46.1466813272" lon="6.9606151097">
				<ele>1931.1</ele>
				<extensions>
					<swisstopo:routepoint_id>143532853</swisstopo:routepoint_id>
				</extensions>
			</trkpt>
			<trkpt lat="46.1466734774" lon="6.9605431783">
				<ele>1931.2</ele>
				<extensions>
					<swisstopo:routepoint_id>756425699</swisstopo:routepoint_id>
				</extensions>
			</trkpt>
			<trkpt lat="46.1466615403" lon="6.9604394536">
				<ele>1931.4</ele>
				<extensions>
					<swisstopo:routepoint_id>580390739</swisstopo:routepoint_id>
				</extensions>
			</trkpt>
			<trkpt lat="46.1466287583" lon="6.9602237813">
				<ele>1931.6</ele>
				<extensions>
					<swisstopo:routepoint_id>1160342678</swisstopo:routepoint_id>
				</extensions>
			</trkpt>
			<trkpt lat="46.1466159591" lon="6.9601302515">
				<ele>1931.6</ele>
				<extensions>
					<swisstopo:routepoint_id>816922907</swisstopo:routepoint_id>
				</extensions>
			</trkpt>
			<trkpt lat="46.1465906169" lon="6.9600017859">
				<ele>1931.5</ele>
				<extensions>
					<swisstopo:routepoint_id>1092636972</swisstopo:routepoint_id>
				</extensions>
			</trkpt>
			<trkpt lat="46.1465716595" lon="6.9599165921">
				<ele>1931.5</ele>
				<extensions>
					<swisstopo:routepoint_id>1654727546</swisstopo:routepoint_id>
				</extensions>
			</trkpt>
			<trkpt lat="46.1465428603" lon="6.9598079184">
				<ele>1931.4</ele>
				<extensions>
					<swisstopo:routepoint_id>1356538414</swisstopo:routepoint_id>
				</extensions>
			</trkpt>
			<trkpt lat="46.1465275425" lon="6.9597462526">
				<ele>1931.3</ele>
				<extensions>
					<swisstopo:routepoint_id>1230791874</swisstopo:routepoint_id>
				</extensions>
			</trkpt>
			<trkpt lat="46.1465192606" lon="6.9596698856">
				<ele>1931.2</ele>
				<extensions>
					<swisstopo:routepoint_id>1207912995</swisstopo:routepoint_id>
				</extensions>
			</trkpt>
			<trkpt lat="46.1465216063" lon="6.9595972302">
				<ele>1931.1</ele>
				<extensions>
					<swisstopo:routepoint_id>1553410282</swisstopo:routepoint_id>
				</extensions>
			</trkpt>
			<trkpt lat="46.1465289078" lon="6.9594002333">
				<ele>1930.8</ele>
				<extensions>
					<swisstopo:routepoint_id>1620256206</swisstopo:routepoint_id>
				</extensions>
			</trkpt>
			<trkpt lat="46.1465361652" lon="6.9593423923">
				<ele>1930.7</ele>
				<extensions>
					<swisstopo:routepoint_id>1449683003</swisstopo:routepoint_id>
				</extensions>
			</trkpt>
			<trkpt lat="46.1465359181" lon="6.9592839850">
				<ele>1930.8</ele>
				<extensions>
					<swisstopo:routepoint_id>849905600</swisstopo:routepoint_id>
				</extensions>
			</trkpt>
			<trkpt lat="46.1465362904" lon="6.9592307987">
				<ele>1930.7</ele>
				<extensions>
					<swisstopo:routepoint_id>726568806</swisstopo:routepoint_id>
				</extensions>
			</trkpt>
			<trkpt lat="46.1465316577" lon="6.9591366827">
				<ele>1930.7</ele>
				<extensions>
					<swisstopo:routepoint_id>1029767197</swisstopo:routepoint_id>
				</extensions>
			</trkpt>
			<trkpt lat="46.1465299361" lon="6.9590163842">
				<ele>1930.4</ele>
				<extensions>
					<swisstopo:routepoint_id>515626006</swisstopo:routepoint_id>
				</extensions>
			</trkpt>
			<trkpt lat="46.1465313866" lon="6.9589274288">
				<ele>1930.2</ele>
				<extensions>
					<swisstopo:routepoint_id>1598345247</swisstopo:routepoint_id>
				</extensions>
			</trkpt>
			<trkpt lat="46.1465417897" lon="6.9588096498">
				<ele>1929.8</ele>
				<extensions>
					<swisstopo:routepoint_id>125057259</swisstopo:routepoint_id>
				</extensions>
			</trkpt>
			<trkpt lat="46.1465474853" lon="6.9587232734">
				<ele>1929.8</ele>
				<extensions>
					<swisstopo:routepoint_id>1811447654</swisstopo:routepoint_id>
				</extensions>
			</trkpt>
			<trkpt lat="46.1465606400" lon="6.9586847945">
				<ele>1929.7</ele>
				<extensions>
					<swisstopo:routepoint_id>1416601128</swisstopo:routepoint_id>
				</extensions>
			</trkpt>
			<trkpt lat="46.1465901075" lon="6.9586296088">
				<ele>1929.7</ele>
				<extensions>
					<swisstopo:routepoint_id>1497585824</swisstopo:routepoint_id>
				</extensions>
			</trkpt>
			<trkpt lat="46.1466467312" lon="6.9585480244">
				<ele>1929.6</ele>
				<extensions>
					<swisstopo:routepoint_id>726351796</swisstopo:routepoint_id>
				</extensions>
			</trkpt>
			<trkpt lat="46.1466798192" lon="6.9584910594">
				<ele>1929.7</ele>
				<extensions>
					<swisstopo:routepoint_id>592782947</swisstopo:routepoint_id>
				</extensions>
			</trkpt>
			<trkpt lat="46.1466947309" lon="6.9584360106">
				<ele>1929.7</ele>
				<extensions>
					<swisstopo:routepoint_id>780729331</swisstopo:routepoint_id>
				</extensions>
			</trkpt>
			<trkpt lat="46.1467035960" lon="6.9583845002">
				<ele>1929.7</ele>
				<extensions>
					<swisstopo:routepoint_id>1451166330</swisstopo:routepoint_id>
				</extensions>
			</trkpt>
			<trkpt lat="46.1467046382" lon="6.9583443801">
				<ele>1929.6</ele>
				<extensions>
					<swisstopo:routepoint_id>556666266</swisstopo:routepoint_id>
				</extensions>
			</trkpt>
			<trkpt lat="46.1466929826" lon="6.9583096041">
				<ele>1929.6</ele>
				<extensions>
					<swisstopo:routepoint_id>548946654</swisstopo:routepoint_id>
				</extensions>
			</trkpt>
			<trkpt lat="46.1466716498" lon="6.9582818868">
				<ele>1929.7</ele>
				<extensions>
					<swisstopo:routepoint_id>660492171</swisstopo:routepoint_id>
				</extensions>
			</trkpt>
			<trkpt lat="46.1466413018" lon="6.9582681993">
				<ele>1929.8</ele>
				<extensions>
					<swisstopo:routepoint_id>53320710</swisstopo:routepoint_id>
				</extensions>
			</trkpt>
			<trkpt lat="46.1465860701" lon="6.9582512513">
				<ele>1930.0</ele>
				<extensions>
					<swisstopo:routepoint_id>1909317633</swisstopo:routepoint_id>
				</extensions>
			</trkpt>
			<trkpt lat="46.1465394209" lon="6.9582507792">
				<ele>1930.3</ele>
				<extensions>
					<swisstopo:routepoint_id>1848096942</swisstopo:routepoint_id>
				</extensions>
			</trkpt>
			<trkpt lat="46.1464933788" lon="6.9582546781">
				<ele>1930.5</ele>
				<extensions>
					<swisstopo:routepoint_id>44063930</swisstopo:routepoint_id>
				</extensions>
			</trkpt>
			<trkpt lat="46.1464321464" lon="6.9582500019">
				<ele>1930.6</ele>
				<extensions>
					<swisstopo:routepoint_id>569615408</swisstopo:routepoint_id>
				</extensions>
			</trkpt>
			<trkpt lat="46.1463920930" lon="6.9582346523">
				<ele>1930.7</ele>
				<extensions>
					<swisstopo:routepoint_id>1496641017</swisstopo:routepoint_id>
				</extensions>
			</trkpt>
			<trkpt lat="46.1463586870" lon="6.9582166313">
				<ele>1930.8</ele>
				<extensions>
					<swisstopo:routepoint_id>1510240130</swisstopo:routepoint_id>
				</extensions>
			</trkpt>
			<trkpt lat="46.1462960713" lon="6.9581674834">
				<ele>1930.9</ele>
				<extensions>
					<swisstopo:routepoint_id>1245111614</swisstopo:routepoint_id>
				</extensions>
			</trkpt>
			<trkpt lat="46.1462456050" lon="6.9581286974">
				<ele>1931.1</ele>
				<extensions>
					<swisstopo:routepoint_id>1998446442</swisstopo:routepoint_id>
				</extensions>
			</trkpt>
			<trkpt lat="46.1461909490" lon="6.9581004041">
				<ele>1931.2</ele>
				<extensions>
					<swisstopo:routepoint_id>312396530</swisstopo:routepoint_id>
				</extensions>
			</trkpt>
			<trkpt lat="46.1461593318" lon="6.9580754064">
				<ele>1931.3</ele>
				<extensions>
					<swisstopo:routepoint_id>362511067</swisstopo:routepoint_id>
				</extensions>
			</trkpt>
			<trkpt lat="46.1460972395" lon="6.9580088058">
				<ele>1931.4</ele>
				<extensions>
					<swisstopo:routepoint_id>993457956</swisstopo:routepoint_id>
				</extensions>
			</trkpt>
			<trkpt lat="46.1460388210" lon="6.9579509227">
				<ele>1931.7</ele>
				<extensions>
					<swisstopo:routepoint_id>1976582257</swisstopo:routepoint_id>
				</extensions>
			</trkpt>
			<trkpt lat="46.1459791256" lon="6.9578799376">
				<ele>1931.9</ele>
				<extensions>
					<swisstopo:routepoint_id>1970635413</swisstopo:routepoint_id>
				</extensions>
			</trkpt>
			<trkpt lat="46.1459042022" lon="6.9577873077">
				<ele>1931.7</ele>
				<extensions>
					<swisstopo:routepoint_id>1302636933</swisstopo:routepoint_id>
				</extensions>
			</trkpt>
			<trkpt lat="46.1458420617" lon="6.9577093961">
				<ele>1931.8</ele>
				<extensions>
					<swisstopo:routepoint_id>1924469200</swisstopo:routepoint_id>
				</extensions>
			</trkpt>
			<trkpt lat="46.1457574104" lon="6.9576098612">
				<ele>1931.5</ele>
				<extensions>
					<swisstopo:routepoint_id>851211581</swisstopo:routepoint_id>
				</extensions>
			</trkpt>
			<trkpt lat="46.1456745701" lon="6.9575085901">
				<ele>1930.9</ele>
				<extensions>
					<swisstopo:routepoint_id>1669534869</swisstopo:routepoint_id>
				</extensions>
			</trkpt>
			<trkpt lat="46.1456154450" lon="6.9574271453">
				<ele>1929.8</ele>
				<extensions>
					<swisstopo:routepoint_id>2125861544</swisstopo:routepoint_id>
				</extensions>
			</trkpt>
			<trkpt lat="46.1455557755" lon="6.9573622975">
				<ele>1929.4</ele>
				<extensions>
					<swisstopo:routepoint_id>1479228688</swisstopo:routepoint_id>
				</extensions>
			</trkpt>
			<trkpt lat="46.1454925088" lon="6.9573026855">
				<ele>1929.4</ele>
				<extensions>
					<swisstopo:routepoint_id>278250201</swisstopo:routepoint_id>
				</extensions>
			</trkpt>
			<trkpt lat="46.1454335008" lon="6.9572509040">
				<ele>1929.3</ele>
				<extensions>
					<swisstopo:routepoint_id>311527541</swisstopo:routepoint_id>
				</extensions>
			</trkpt>
			<trkpt lat="46.1453763669" lon="6.9572121782">
				<ele>1929.5</ele>
				<extensions>
					<swisstopo:routepoint_id>611413148</swisstopo:routepoint_id>
				</extensions>
			</trkpt>
			<trkpt lat="46.1453290211" lon="6.9571925334">
				<ele>1929.7</ele>
				<extensions>
					<swisstopo:routepoint_id>1860924808</swisstopo:routepoint_id>
				</extensions>
			</trkpt>
			<trkpt lat="46.1452865319" lon="6.9571745932">
				<ele>1929.9</ele>
				<extensions>
					<swisstopo:routepoint_id>2063391852</swisstopo:routepoint_id>
				</extensions>
			</trkpt>
			<trkpt lat="46.1452379911" lon="6.9571610683">
				<ele>1930.3</ele>
				<extensions>
					<swisstopo:routepoint_id>1800957810</swisstopo:routepoint_id>
				</extensions>
			</trkpt>
			<trkpt lat="46.1451797033" lon="6.9571319442">
				<ele>1930.9</ele>
				<extensions>
					<swisstopo:routepoint_id>1589349828</swisstopo:routepoint_id>
				</extensions>
			</trkpt>
			<trkpt lat="46.1451347659" lon="6.9571105579">
				<ele>1931.0</ele>
				<extensions>
					<swisstopo:routepoint_id>1607864347</swisstopo:routepoint_id>
				</extensions>
			</trkpt>
			<trkpt lat="46.1450964440" lon="6.9570768820">
				<ele>1931.0</ele>
				<extensions>
					<swisstopo:routepoint_id>1334814187</swisstopo:routepoint_id>
				</extensions>
			</trkpt>
			<trkpt lat="46.1450720321" lon="6.9570378686">
				<ele>1931.1</ele>
				<extensions>
					<swisstopo:routepoint_id>1954370036</swisstopo:routepoint_id>
				</extensions>
			</trkpt>
			<trkpt lat="46.1450378619" lon="6.9569806273">
				<ele>1931.1</ele>
				<extensions>
					<swisstopo:routepoint_id>1833277935</swisstopo:routepoint_id>
				</extensions>
			</trkpt>
			<trkpt lat="46.1450103205" lon="6.9569163525">
				<ele>1930.9</ele>
				<extensions>
					<swisstopo:routepoint_id>1701408820</swisstopo:routepoint_id>
				</extensions>
			</trkpt>
			<trkpt lat="46.1449967595" lon="6.9568632918">
				<ele>1930.7</ele>
				<extensions>
					<swisstopo:routepoint_id>1459909685</swisstopo:routepoint_id>
				</extensions>
			</trkpt>
			<trkpt lat="46.1449910817" lon="6.9568110166">
				<ele>1930.5</ele>
				<extensions>
					<swisstopo:routepoint_id>954041341</swisstopo:routepoint_id>
				</extensions>
			</trkpt>
			<trkpt lat="46.1449963329" lon="6.9567630197">
				<ele>1930.2</ele>
				<extensions>
					<swisstopo:routepoint_id>1755660103</swisstopo:routepoint_id>
				</extensions>
			</trkpt>
			<trkpt lat="46.1450075773" lon="6.9567010309">
				<ele>1929.8</ele>
				<extensions>
					<swisstopo:routepoint_id>1733347494</swisstopo:routepoint_id>
				</extensions>
			</trkpt>
			<trkpt lat="46.1450079807" lon="6.9566513279">
				<ele>1929.5</ele>
				<extensions>
					<swisstopo:routepoint_id>731221204</swisstopo:routepoint_id>
				</extensions>
			</trkpt>
			<trkpt lat="46.1449999540" lon="6.9566147851">
				<ele>1929.3</ele>
				<extensions>
					<swisstopo:routepoint_id>1185139647</swisstopo:routepoint_id>
				</extensions>
			</trkpt>
			<trkpt lat="46.1449802634" lon="6.9565478267">
				<ele>1929.1</ele>
				<extensions>
					<swisstopo:routepoint_id>1131629697</swisstopo:routepoint_id>
				</extensions>
			</trkpt>
			<trkpt lat="46.1449617693" lon="6.9564730153">
				<ele>1929.1</ele>
				<extensions>
					<swisstopo:routepoint_id>1478275120</swisstopo:routepoint_id>
				</extensions>
			</trkpt>
			<trkpt lat="46.1449234000" lon="6.9562858974">
				<ele>1929.1</ele>
				<extensions>
					<swisstopo:routepoint_id>1402526256</swisstopo:routepoint_id>
				</extensions>
			</trkpt>
			<trkpt lat="46.1448911549" lon="6.9561135701">
				<ele>1928.9</ele>
				<extensions>
					<swisstopo:routepoint_id>1011024760</swisstopo:routepoint_id>
				</extensions>
			</trkpt>
			<trkpt lat="46.1448689197" lon="6.9560143705">
				<ele>1928.8</ele>
				<extensions>
					<swisstopo:routepoint_id>2066535613</swisstopo:routepoint_id>
				</extensions>
			</trkpt>
			<trkpt lat="46.1448480377" lon="6.9559482903">
				<ele>1928.7</ele>
				<extensions>
					<swisstopo:routepoint_id>698403324</swisstopo:routepoint_id>
				</extensions>
			</trkpt>
			<trkpt lat="46.1448241325" lon="6.9558839843">
				<ele>1928.7</ele>
				<extensions>
					<swisstopo:routepoint_id>1624805168</swisstopo:routepoint_id>
				</extensions>
			</trkpt>
			<trkpt lat="46.1447929278" lon="6.9558136459">
				<ele>1928.4</ele>
				<extensions>
					<swisstopo:routepoint_id>813117347</swisstopo:routepoint_id>
				</extensions>
			</trkpt>
			<trkpt lat="46.1447574541" lon="6.9557372376">
				<ele>1928.3</ele>
				<extensions>
					<swisstopo:routepoint_id>697689881</swisstopo:routepoint_id>
				</extensions>
			</trkpt>
			<trkpt lat="46.1447324370" lon="6.9556964831">
				<ele>1928.1</ele>
				<extensions>
					<swisstopo:routepoint_id>820217482</swisstopo:routepoint_id>
				</extensions>
			</trkpt>
			<trkpt lat="46.1446964759" lon="6.9556479700">
				<ele>1928.1</ele>
				<extensions>
					<swisstopo:routepoint_id>1450785360</swisstopo:routepoint_id>
				</extensions>
			</trkpt>
			<trkpt lat="46.1446428294" lon="6.9555743354">
				<ele>1927.9</ele>
				<extensions>
					<swisstopo:routepoint_id>351206988</swisstopo:routepoint_id>
				</extensions>
			</trkpt>
			<trkpt lat="46.1445861871" lon="6.9555068383">
				<ele>1927.9</ele>
				<extensions>
					<swisstopo:routepoint_id>2025992260</swisstopo:routepoint_id>
				</extensions>
			</trkpt>
			<trkpt lat="46.1445356045" lon="6.9554410209">
				<ele>1927.9</ele>
				<extensions>
					<swisstopo:routepoint_id>1486889136</swisstopo:routepoint_id>
				</extensions>
			</trkpt>
			<trkpt lat="46.1445038469" lon="6.9553811578">
				<ele>1927.9</ele>
				<extensions>
					<swisstopo:routepoint_id>75474638</swisstopo:routepoint_id>
				</extensions>
			</trkpt>
			<trkpt lat="46.1444744341" lon="6.9553046840">
				<ele>1927.9</ele>
				<extensions>
					<swisstopo:routepoint_id>1828949628</swisstopo:routepoint_id>
				</extensions>
			</trkpt>
			<trkpt lat="46.1444523321" lon="6.9552368807">
				<ele>1927.7</ele>
				<extensions>
					<swisstopo:routepoint_id>1271707396</swisstopo:routepoint_id>
				</extensions>
			</trkpt>
			<trkpt lat="46.1444435747" lon="6.9551733215">
				<ele>1927.7</ele>
				<extensions>
					<swisstopo:routepoint_id>492769004</swisstopo:routepoint_id>
				</extensions>
			</trkpt>
			<trkpt lat="46.1444323159" lon="6.9550897109">
				<ele>1927.7</ele>
				<extensions>
					<swisstopo:routepoint_id>630589907</swisstopo:routepoint_id>
				</extensions>
			</trkpt>
			<trkpt lat="46.1444235161" lon="6.9550183098">
				<ele>1927.5</ele>
				<extensions>
					<swisstopo:routepoint_id>1100675595</swisstopo:routepoint_id>
				</extensions>
			</trkpt>
			<trkpt lat="46.1444148134" lon="6.9549634599">
				<ele>1927.4</ele>
				<extensions>
					<swisstopo:routepoint_id>1390237565</swisstopo:routepoint_id>
				</extensions>
			</trkpt>
			<trkpt lat="46.1443975127" lon="6.9548886267">
				<ele>1927.5</ele>
				<extensions>
					<swisstopo:routepoint_id>240296275</swisstopo:routepoint_id>
				</extensions>
			</trkpt>
			<trkpt lat="46.1443796757" lon="6.9548260138">
				<ele>1927.4</ele>
				<extensions>
					<swisstopo:routepoint_id>1465700316</swisstopo:routepoint_id>
				</extensions>
			</trkpt>
			<trkpt lat="46.1443556829" lon="6.9547434101">
				<ele>1927.4</ele>
				<extensions>
					<swisstopo:routepoint_id>57840680</swisstopo:routepoint_id>
				</extensions>
			</trkpt>
			<trkpt lat="46.1443280634" lon="6.9546590770">
				<ele>1927.4</ele>
				<extensions>
					<swisstopo:routepoint_id>680395565</swisstopo:routepoint_id>
				</extensions>
			</trkpt>
			<trkpt lat="46.1442986266" lon="6.9545791346">
				<ele>1927.4</ele>
				<extensions>
					<swisstopo:routepoint_id>881547574</swisstopo:routepoint_id>
				</extensions>
			</trkpt>
			<trkpt lat="46.1442722900" lon="6.9545113693">
				<ele>1927.4</ele>
				<extensions>
					<swisstopo:routepoint_id>2031518061</swisstopo:routepoint_id>
				</extensions>
			</trkpt>
			<trkpt lat="46.1442294747" lon="6.9544193285">
				<ele>1927.6</ele>
				<extensions>
					<swisstopo:routepoint_id>61963087</swisstopo:routepoint_id>
				</extensions>
			</trkpt>
			<trkpt lat="46.1441934014" lon="6.9543446745">
				<ele>1927.9</ele>
				<extensions>
					<swisstopo:routepoint_id>1988665285</swisstopo:routepoint_id>
				</extensions>
			</trkpt>
			<trkpt lat="46.1441688669" lon="6.9542751336">
				<ele>1928.0</ele>
				<extensions>
					<swisstopo:routepoint_id>84448615</swisstopo:routepoint_id>
				</extensions>
			</trkpt>
			<trkpt lat="46.1441479789" lon="6.9542099476">
				<ele>1928.1</ele>
				<extensions>
					<swisstopo:routepoint_id>1966050772</swisstopo:routepoint_id>
				</extensions>
			</trkpt>
			<trkpt lat="46.1441264823" lon="6.9541421271">
				<ele>1928.4</ele>
				<extensions>
					<swisstopo:routepoint_id>631571978</swisstopo:routepoint_id>
				</extensions>
			</trkpt>
			<trkpt lat="46.1441043423" lon="6.9540656154">
				<ele>1928.7</ele>
				<extensions>
					<swisstopo:routepoint_id>1556953639</swisstopo:routepoint_id>
				</extensions>
			</trkpt>
			<trkpt lat="46.1440821896" lon="6.9539881986">
				<ele>1929.3</ele>
				<extensions>
					<swisstopo:routepoint_id>1487116775</swisstopo:routepoint_id>
				</extensions>
			</trkpt>
			<trkpt lat="46.1440545436" lon="6.9538977841">
				<ele>1929.6</ele>
				<extensions>
					<swisstopo:routepoint_id>1192723239</swisstopo:routepoint_id>
				</extensions>
			</trkpt>
			<trkpt lat="46.1440306334" lon="6.9538326126">
				<ele>1929.6</ele>
				<extensions>
					<swisstopo:routepoint_id>583994347</swisstopo:routepoint_id>
				</extensions>
			</trkpt>
			<trkpt lat="46.1439907201" lon="6.9537126565">
				<ele>1929.9</ele>
				<extensions>
					<swisstopo:routepoint_id>107491982</swisstopo:routepoint_id>
				</extensions>
			</trkpt>
			<trkpt lat="46.1439710841" lon="6.9536526765">
				<ele>1930.2</ele>
				<extensions>
					<swisstopo:routepoint_id>1613142651</swisstopo:routepoint_id>
				</extensions>
			</trkpt>
			<trkpt lat="46.1439508416" lon="6.9535987969">
				<ele>1930.4</ele>
				<extensions>
					<swisstopo:routepoint_id>1084890183</swisstopo:routepoint_id>
				</extensions>
			</trkpt>
			<trkpt lat="46.1439072424" lon="6.9535105433">
				<ele>1930.8</ele>
				<extensions>
					<swisstopo:routepoint_id>602131721</swisstopo:routepoint_id>
				</extensions>
			</trkpt>
			<trkpt lat="46.1439296322" lon="6.9534853155">
				<ele>1931.1</ele>
				<extensions>
					<swisstopo:routepoint_id>252004515</swisstopo:routepoint_id>
				</extensions>
			</trkpt>
			<trkpt lat="46.1439539124" lon="6.9534851003">
				<ele>1931.5</ele>
				<extensions>
					<swisstopo:routepoint_id>29530596</swisstopo:routepoint_id>
				</extensions>
			</trkpt>
			<trkpt lat="46.1439768180" lon="6.9534982532">
				<ele>1932.2</ele>
				<extensions>
					<swisstopo:routepoint_id>1898327725</swisstopo:routepoint_id>
				</extensions>
			</trkpt>
			<trkpt lat="46.1439976198" lon="6.9535206652">
				<ele>1932.7</ele>
				<extensions>
					<swisstopo:routepoint_id>1389135066</swisstopo:routepoint_id>
				</extensions>
			</trkpt>
			<trkpt lat="46.1440285328" lon="6.9535697139">
				<ele>1933.5</ele>
				<extensions>
					<swisstopo:routepoint_id>564840058</swisstopo:routepoint_id>
				</extensions>
			</trkpt>
			<trkpt lat="46.1440558791" lon="6.9536208243">
				<ele>1934.2</ele>
				<extensions>
					<swisstopo:routepoint_id>1083294532</swisstopo:routepoint_id>
				</extensions>
			</trkpt>
			<trkpt lat="46.1440911931" lon="6.9536944765">
				<ele>1935.2</ele>
				<extensions>
					<swisstopo:routepoint_id>2057468018</swisstopo:routepoint_id>
				</extensions>
			</trkpt>
			<trkpt lat="46.1441142350" lon="6.9537394780">
				<ele>1935.6</ele>
				<extensions>
					<swisstopo:routepoint_id>1284881629</swisstopo:routepoint_id>
				</extensions>
			</trkpt>
			<trkpt lat="46.1441357703" lon="6.9537670230">
				<ele>1935.9</ele>
				<extensions>
					<swisstopo:routepoint_id>2094406458</swisstopo:routepoint_id>
				</extensions>
			</trkpt>
			<trkpt lat="46.1441601385" lon="6.9537873466">
				<ele>1936.1</ele>
				<extensions>
					<swisstopo:routepoint_id>629279698</swisstopo:routepoint_id>
				</extensions>
			</trkpt>
			<trkpt lat="46.1442030331" lon="6.9538013574">
				<ele>1936.2</ele>
				<extensions>
					<swisstopo:routepoint_id>1324023016</swisstopo:routepoint_id>
				</extensions>
			</trkpt>
			<trkpt lat="46.1442808855" lon="6.9538078514">
				<ele>1936.4</ele>
				<extensions>
					<swisstopo:routepoint_id>2009695176</swisstopo:routepoint_id>
				</extensions>
			</trkpt>
			<trkpt lat="46.1443408306" lon="6.9537970560">
				<ele>1936.6</ele>
				<extensions>
					<swisstopo:routepoint_id>2103010386</swisstopo:routepoint_id>
				</extensions>
			</trkpt>
			<trkpt lat="46.1443985620" lon="6.9537739353">
				<ele>1937.1</ele>
				<extensions>
					<swisstopo:routepoint_id>2113493338</swisstopo:routepoint_id>
				</extensions>
			</trkpt>
			<trkpt lat="46.1444776484" lon="6.9537342011">
				<ele>1937.5</ele>
				<extensions>
					<swisstopo:routepoint_id>414494137</swisstopo:routepoint_id>
				</extensions>
			</trkpt>
			<trkpt lat="46.1445323084" lon="6.9536934147">
				<ele>1937.7</ele>
				<extensions>
					<swisstopo:routepoint_id>894309070</swisstopo:routepoint_id>
				</extensions>
			</trkpt>
			<trkpt lat="46.1445742067" lon="6.9536614258">
				<ele>1937.8</ele>
				<extensions>
					<swisstopo:routepoint_id>656935071</swisstopo:routepoint_id>
				</extensions>
			</trkpt>
			<trkpt lat="46.1446590080" lon="6.9535982146">
				<ele>1938.2</ele>
				<extensions>
					<swisstopo:routepoint_id>1161624964</swisstopo:routepoint_id>
				</extensions>
			</trkpt>
			<trkpt lat="46.1447235591" lon="6.9535695968">
				<ele>1938.6</ele>
				<extensions>
					<swisstopo:routepoint_id>1569379174</swisstopo:routepoint_id>
				</extensions>
			</trkpt>
			<trkpt lat="46.1449030694" lon="6.9534838683">
				<ele>1939.1</ele>
				<extensions>
					<swisstopo:routepoint_id>831130066</swisstopo:routepoint_id>
				</extensions>
			</trkpt>
			<trkpt lat="46.1450347330" lon="6.9534011134">
				<ele>1939.5</ele>
				<extensions>
					<swisstopo:routepoint_id>2049531078</swisstopo:routepoint_id>
				</extensions>
			</trkpt>
			<trkpt lat="46.1451009177" lon="6.9533355165">
				<ele>1939.5</ele>
				<extensions>
					<swisstopo:routepoint_id>2142239119</swisstopo:routepoint_id>
				</extensions>
			</trkpt>
			<trkpt lat="46.1451483940" lon="6.9532522264">
				<ele>1940.0</ele>
				<extensions>
					<swisstopo:routepoint_id>660331424</swisstopo:routepoint_id>
				</extensions>
			</trkpt>
			<trkpt lat="46.1451675098" lon="6.9531641004">
				<ele>1940.3</ele>
				<extensions>
					<swisstopo:routepoint_id>550486100</swisstopo:routepoint_id>
				</extensions>
			</trkpt>
			<trkpt lat="46.1451654107" lon="6.9530863481">
				<ele>1940.8</ele>
				<extensions>
					<swisstopo:routepoint_id>459377295</swisstopo:routepoint_id>
				</extensions>
			</trkpt>
			<trkpt lat="46.1451401574" lon="6.9529845865">
				<ele>1941.5</ele>
				<extensions>
					<swisstopo:routepoint_id>421423243</swisstopo:routepoint_id>
				</extensions>
			</trkpt>
			<trkpt lat="46.1451070054" lon="6.9528969261">
				<ele>1941.6</ele>
				<extensions>
					<swisstopo:routepoint_id>301953072</swisstopo:routepoint_id>
				</extensions>
			</trkpt>
			<trkpt lat="46.1450693975" lon="6.9528067411">
				<ele>1941.2</ele>
				<extensions>
					<swisstopo:routepoint_id>652811085</swisstopo:routepoint_id>
				</extensions>
			</trkpt>
			<trkpt lat="46.1450682861" lon="6.9527545030">
				<ele>1940.8</ele>
				<extensions>
					<swisstopo:routepoint_id>1924430536</swisstopo:routepoint_id>
				</extensions>
			</trkpt>
			<trkpt lat="46.1450944358" lon="6.9526535398">
				<ele>1940.4</ele>
				<extensions>
					<swisstopo:routepoint_id>253233149</swisstopo:routepoint_id>
				</extensions>
			</trkpt>
			<trkpt lat="46.1451248815" lon="6.9525219693">
				<ele>1940.2</ele>
				<extensions>
					<swisstopo:routepoint_id>947964206</swisstopo:routepoint_id>
				</extensions>
			</trkpt>
			<trkpt lat="46.1451317005" lon="6.9524569522">
				<ele>1940.0</ele>
				<extensions>
					<swisstopo:routepoint_id>1432010305</swisstopo:routepoint_id>
				</extensions>
			</trkpt>
			<trkpt lat="46.1451338519" lon="6.9524055651">
				<ele>1939.8</ele>
				<extensions>
					<swisstopo:routepoint_id>1641587102</swisstopo:routepoint_id>
				</extensions>
			</trkpt>
			<trkpt lat="46.1451287761" lon="6.9523302724">
				<ele>1939.8</ele>
				<extensions>
					<swisstopo:routepoint_id>1285240204</swisstopo:routepoint_id>
				</extensions>
			</trkpt>
			<trkpt lat="46.1451209785" lon="6.9521796802">
				<ele>1939.7</ele>
				<extensions>
					<swisstopo:routepoint_id>285905049</swisstopo:routepoint_id>
				</extensions>
			</trkpt>
			<trkpt lat="46.1451048192" lon="6.9520171648">
				<ele>1939.8</ele>
				<extensions>
					<swisstopo:routepoint_id>530020115</swisstopo:routepoint_id>
				</extensions>
			</trkpt>
			<trkpt lat="46.1450946053" lon="6.9518563171">
				<ele>1939.7</ele>
				<extensions>
					<swisstopo:routepoint_id>91900444</swisstopo:routepoint_id>
				</extensions>
			</trkpt>
			<trkpt lat="46.1450854385" lon="6.9516612038">
				<ele>1939.8</ele>
				<extensions>
					<swisstopo:routepoint_id>1983939459</swisstopo:routepoint_id>
				</extensions>
			</trkpt>
			<trkpt lat="46.1450789614" lon="6.9515379857">
				<ele>1939.8</ele>
				<extensions>
					<swisstopo:routepoint_id>1852701216</swisstopo:routepoint_id>
				</extensions>
			</trkpt>
			<trkpt lat="46.1450822260" lon="6.9514677581">
				<ele>1939.9</ele>
				<extensions>
					<swisstopo:routepoint_id>1670616642</swisstopo:routepoint_id>
				</extensions>
			</trkpt>
			<trkpt lat="46.1450890497" lon="6.9513957895">
				<ele>1939.9</ele>
				<extensions>
					<swisstopo:routepoint_id>2000643903</swisstopo:routepoint_id>
				</extensions>
			</trkpt>
			<trkpt lat="46.1451006212" lon="6.9513186408">
				<ele>1940.0</ele>
				<extensions>
					<swisstopo:routepoint_id>718459791</swisstopo:routepoint_id>
				</extensions>
			</trkpt>
			<trkpt lat="46.1451240146" lon="6.9512225547">
				<ele>1940.1</ele>
				<extensions>
					<swisstopo:routepoint_id>1285313052</swisstopo:routepoint_id>
				</extensions>
			</trkpt>
			<trkpt lat="46.1451521823" lon="6.9511315527">
				<ele>1939.9</ele>
				<extensions>
					<swisstopo:routepoint_id>100889505</swisstopo:routepoint_id>
				</extensions>
			</trkpt>
			<trkpt lat="46.1451780224" lon="6.9510508468">
				<ele>1940.0</ele>
				<extensions>
					<swisstopo:routepoint_id>1202607067</swisstopo:routepoint_id>
				</extensions>
			</trkpt>
			<trkpt lat="46.1452121298" lon="6.9509580964">
				<ele>1940.0</ele>
				<extensions>
					<swisstopo:routepoint_id>620282515</swisstopo:routepoint_id>
				</extensions>
			</trkpt>
			<trkpt lat="46.1452451617" lon="6.9508910191">
				<ele>1940.1</ele>
				<extensions>
					<swisstopo:routepoint_id>8214389</swisstopo:routepoint_id>
				</extensions>
			</trkpt>
			<trkpt lat="46.1452911718" lon="6.9507981483">
				<ele>1940.2</ele>
				<extensions>
					<swisstopo:routepoint_id>1310186561</swisstopo:routepoint_id>
				</extensions>
			</trkpt>
			<trkpt lat="46.1453361288" lon="6.9507361164">
				<ele>1940.2</ele>
				<extensions>
					<swisstopo:routepoint_id>463639011</swisstopo:routepoint_id>
				</extensions>
			</trkpt>
			<trkpt lat="46.1453930020" lon="6.9506791034">
				<ele>1940.2</ele>
				<extensions>
					<swisstopo:routepoint_id>2040692864</swisstopo:routepoint_id>
				</extensions>
			</trkpt>
			<trkpt lat="46.1454452260" lon="6.9506461126">
				<ele>1940.3</ele>
				<extensions>
					<swisstopo:routepoint_id>1445491504</swisstopo:routepoint_id>
				</extensions>
			</trkpt>
			<trkpt lat="46.1455021890" lon="6.9506079292">
				<ele>1940.4</ele>
				<extensions>
					<swisstopo:routepoint_id>2004208157</swisstopo:routepoint_id>
				</extensions>
			</trkpt>
			<trkpt lat="46.1455366133" lon="6.9505887916">
				<ele>1940.5</ele>
				<extensions>
					<swisstopo:routepoint_id>580592754</swisstopo:routepoint_id>
				</extensions>
			</trkpt>
			<trkpt lat="46.1455543734" lon="6.9505698025">
				<ele>1940.5</ele>
				<extensions>
					<swisstopo:routepoint_id>1097478291</swisstopo:routepoint_id>
				</extensions>
			</trkpt>
			<trkpt lat="46.1455849890" lon="6.9504924831">
				<ele>1940.6</ele>
				<extensions>
					<swisstopo:routepoint_id>1476739810</swisstopo:routepoint_id>
				</extensions>
			</trkpt>
			<trkpt lat="46.1456102288" lon="6.9504356601">
				<ele>1940.8</ele>
				<extensions>
					<swisstopo:routepoint_id>1927546115</swisstopo:routepoint_id>
				</extensions>
			</trkpt>
			<trkpt lat="46.1456336201" lon="6.9503412822">
				<ele>1940.8</ele>
				<extensions>
					<swisstopo:routepoint_id>610359341</swisstopo:routepoint_id>
				</extensions>
			</trkpt>
			<trkpt lat="46.1456463841" lon="6.9502658440">
				<ele>1941.0</ele>
				<extensions>
					<swisstopo:routepoint_id>1410907645</swisstopo:routepoint_id>
				</extensions>
			</trkpt>
			<trkpt lat="46.1456723477" lon="6.9502159516">
				<ele>1941.2</ele>
				<extensions>
					<swisstopo:routepoint_id>1492857878</swisstopo:routepoint_id>
				</extensions>
			</trkpt>
			<trkpt lat="46.1456970885" lon="6.9501575150">
				<ele>1941.2</ele>
				<extensions>
					<swisstopo:routepoint_id>1074150080</swisstopo:routepoint_id>
				</extensions>
			</trkpt>
			<trkpt lat="46.1457217775" lon="6.9500870953">
				<ele>1941.5</ele>
				<extensions>
					<swisstopo:routepoint_id>891409536</swisstopo:routepoint_id>
				</extensions>
			</trkpt>
			<trkpt lat="46.1457430551" lon="6.9500526596">
				<ele>1941.4</ele>
				<extensions>
					<swisstopo:routepoint_id>1685636680</swisstopo:routepoint_id>
				</extensions>
			</trkpt>
			<trkpt lat="46.1457798746" lon="6.9500369285">
				<ele>1941.4</ele>
				<extensions>
					<swisstopo:routepoint_id>253218941</swisstopo:routepoint_id>
				</extensions>
			</trkpt>
			<trkpt lat="46.1458118678" lon="6.9500041065">
				<ele>1941.8</ele>
				<extensions>
					<swisstopo:routepoint_id>188352717</swisstopo:routepoint_id>
				</extensions>
			</trkpt>
			<trkpt lat="46.1458365332" lon="6.9499302696">
				<ele>1941.8</ele>
				<extensions>
					<swisstopo:routepoint_id>1872015902</swisstopo:routepoint_id>
				</extensions>
			</trkpt>
			<trkpt lat="46.1458646939" lon="6.9498358484">
				<ele>1942.0</ele>
				<extensions>
					<swisstopo:routepoint_id>1431937512</swisstopo:routepoint_id>
				</extensions>
			</trkpt>
			<trkpt lat="46.1458941130" lon="6.9497602468">
				<ele>1942.2</ele>
				<extensions>
					<swisstopo:routepoint_id>1939426354</swisstopo:routepoint_id>
				</extensions>
			</trkpt>
			<trkpt lat="46.1459435779" lon="6.9496416665">
				<ele>1942.9</ele>
				<extensions>
					<swisstopo:routepoint_id>166731606</swisstopo:routepoint_id>
				</extensions>
			</trkpt>
			<trkpt lat="46.1459860514" lon="6.9495539628">
				<ele>1943.4</ele>
				<extensions>
					<swisstopo:routepoint_id>1754974393</swisstopo:routepoint_id>
				</extensions>
			</trkpt>
			<trkpt lat="46.1460167094" lon="6.9494886269">
				<ele>1943.8</ele>
				<extensions>
					<swisstopo:routepoint_id>929781995</swisstopo:routepoint_id>
				</extensions>
			</trkpt>
			<trkpt lat="46.1460424804" lon="6.9493942267">
				<ele>1944.3</ele>
				<extensions>
					<swisstopo:routepoint_id>1965717749</swisstopo:routepoint_id>
				</extensions>
			</trkpt>
			<trkpt lat="46.1460610369" lon="6.9492810457">
				<ele>1945.1</ele>
				<extensions>
					<swisstopo:routepoint_id>1051690137</swisstopo:routepoint_id>
				</extensions>
			</trkpt>
			<trkpt lat="46.1460807275" lon="6.9491558836">
				<ele>1945.7</ele>
				<extensions>
					<swisstopo:routepoint_id>881825212</swisstopo:routepoint_id>
				</extensions>
			</trkpt>
			<trkpt lat="46.1460958181" lon="6.9490701338">
				<ele>1946.2</ele>
				<extensions>
					<swisstopo:routepoint_id>1814559237</swisstopo:routepoint_id>
				</extensions>
			</trkpt>
			<trkpt lat="46.1461273818" lon="6.9489380180">
				<ele>1946.9</ele>
				<extensions>
					<swisstopo:routepoint_id>956106813</swisstopo:routepoint_id>
				</extensions>
			</trkpt>
			<trkpt lat="46.1461471386" lon="6.9488282575">
				<ele>1947.7</ele>
				<extensions>
					<swisstopo:routepoint_id>272341510</swisstopo:routepoint_id>
				</extensions>
			</trkpt>
			<trkpt lat="46.1461469239" lon="6.9487786109">
				<ele>1947.9</ele>
				<extensions>
					<swisstopo:routepoint_id>325582238</swisstopo:routepoint_id>
				</extensions>
			</trkpt>
			<trkpt lat="46.1461654132" lon="6.9486500293">
				<ele>1948.4</ele>
				<extensions>
					<swisstopo:routepoint_id>1685730787</swisstopo:routepoint_id>
				</extensions>
			</trkpt>
			<trkpt lat="46.1461826989" lon="6.9485214583">
				<ele>1949.1</ele>
				<extensions>
					<swisstopo:routepoint_id>688925452</swisstopo:routepoint_id>
				</extensions>
			</trkpt>
			<trkpt lat="46.1461941647" lon="6.9484203397">
				<ele>1949.6</ele>
				<extensions>
					<swisstopo:routepoint_id>376844065</swisstopo:routepoint_id>
				</extensions>
			</trkpt>
			<trkpt lat="46.1462010989" lon="6.9483723369">
				<ele>1950.0</ele>
				<extensions>
					<swisstopo:routepoint_id>985281326</swisstopo:routepoint_id>
				</extensions>
			</trkpt>
			<trkpt lat="46.1462140543" lon="6.9483413921">
				<ele>1950.3</ele>
				<extensions>
					<swisstopo:routepoint_id>774491799</swisstopo:routepoint_id>
				</extensions>
			</trkpt>
			<trkpt lat="46.1462745832" lon="6.9483031864">
				<ele>1950.9</ele>
				<extensions>
					<swisstopo:routepoint_id>390393112</swisstopo:routepoint_id>
				</extensions>
			</trkpt>
			<trkpt lat="46.1463659915" lon="6.9482509982">
				<ele>1951.9</ele>
				<extensions>
					<swisstopo:routepoint_id>81798056</swisstopo:routepoint_id>
				</extensions>
			</trkpt>
			<trkpt lat="46.1464384219" lon="6.9482143951">
				<ele>1952.4</ele>
				<extensions>
					<swisstopo:routepoint_id>1454702393</swisstopo:routepoint_id>
				</extensions>
			</trkpt>
			<trkpt lat="46.1465025097" lon="6.9481744367">
				<ele>1953.1</ele>
				<extensions>
					<swisstopo:routepoint_id>2094288789</swisstopo:routepoint_id>
				</extensions>
			</trkpt>
			<trkpt lat="46.1465784647" lon="6.9481241071">
				<ele>1954.1</ele>
				<extensions>
					<swisstopo:routepoint_id>393027102</swisstopo:routepoint_id>
				</extensions>
			</trkpt>
			<trkpt lat="46.1466424858" lon="6.9480687465">
				<ele>1954.9</ele>
				<extensions>
					<swisstopo:routepoint_id>612823502</swisstopo:routepoint_id>
				</extensions>
			</trkpt>
			<trkpt lat="46.1466649399" lon="6.9480342988">
				<ele>1955.3</ele>
				<extensions>
					<swisstopo:routepoint_id>1886735072</swisstopo:routepoint_id>
				</extensions>
			</trkpt>
			<trkpt lat="46.1467028203" lon="6.9479877293">
				<ele>1955.9</ele>
				<extensions>
					<swisstopo:routepoint_id>1445737890</swisstopo:routepoint_id>
				</extensions>
			</trkpt>
			<trkpt lat="46.1467283636" lon="6.9479322994">
				<ele>1956.6</ele>
				<extensions>
					<swisstopo:routepoint_id>268154128</swisstopo:routepoint_id>
				</extensions>
			</trkpt>
			<trkpt lat="46.1467581427" lon="6.9478468303">
				<ele>1957.5</ele>
				<extensions>
					<swisstopo:routepoint_id>827730542</swisstopo:routepoint_id>
				</extensions>
			</trkpt>
			<trkpt lat="46.1467982032" lon="6.9477540077">
				<ele>1958.3</ele>
				<extensions>
					<swisstopo:routepoint_id>1387921408</swisstopo:routepoint_id>
				</extensions>
			</trkpt>
			<trkpt lat="46.1468477997" lon="6.9476662388">
				<ele>1958.9</ele>
				<extensions>
					<swisstopo:routepoint_id>1317679496</swisstopo:routepoint_id>
				</extensions>
			</trkpt>
			<trkpt lat="46.1468665995" lon="6.9476095753">
				<ele>1959.6</ele>
				<extensions>
					<swisstopo:routepoint_id>505421283</swisstopo:routepoint_id>
				</extensions>
			</trkpt>
			<trkpt lat="46.1468970349" lon="6.9474911475">
				<ele>1960.5</ele>
				<extensions>
					<swisstopo:routepoint_id>1793837588</swisstopo:routepoint_id>
				</extensions>
			</trkpt>
			<trkpt lat="46.1469168423" lon="6.9473933808">
				<ele>1961.2</ele>
				<extensions>
					<swisstopo:routepoint_id>745535398</swisstopo:routepoint_id>
				</extensions>
			</trkpt>
			<trkpt lat="46.1469402370" lon="6.9473024166">
				<ele>1962.0</ele>
				<extensions>
					<swisstopo:routepoint_id>1102087939</swisstopo:routepoint_id>
				</extensions>
			</trkpt>
			<trkpt lat="46.1469635749" lon="6.9471943423">
				<ele>1962.7</ele>
				<extensions>
					<swisstopo:routepoint_id>227118494</swisstopo:routepoint_id>
				</extensions>
			</trkpt>
			<trkpt lat="46.1469895608" lon="6.9471478771">
				<ele>1963.1</ele>
				<extensions>
					<swisstopo:routepoint_id>473029784</swisstopo:routepoint_id>
				</extensions>
			</trkpt>
			<trkpt lat="46.1470523049" lon="6.9470736825">
				<ele>1963.9</ele>
				<extensions>
					<swisstopo:routepoint_id>166005491</swisstopo:routepoint_id>
				</extensions>
			</trkpt>
			<trkpt lat="46.1471032441" lon="6.9470201456">
				<ele>1964.2</ele>
				<extensions>
					<swisstopo:routepoint_id>2014098336</swisstopo:routepoint_id>
				</extensions>
			</trkpt>
			<trkpt lat="46.1471435047" lon="6.9469735662">
				<ele>1964.7</ele>
				<extensions>
					<swisstopo:routepoint_id>799085461</swisstopo:routepoint_id>
				</extensions>
			</trkpt>
			<trkpt lat="46.1471980623" lon="6.9469319819">
				<ele>1965.4</ele>
				<extensions>
					<swisstopo:routepoint_id>967929298</swisstopo:routepoint_id>
				</extensions>
			</trkpt>
			<trkpt lat="46.1472634112" lon="6.9469074113">
				<ele>1966.0</ele>
				<extensions>
					<swisstopo:routepoint_id>287163901</swisstopo:routepoint_id>
				</extensions>
			</trkpt>
			<trkpt lat="46.1473023393" lon="6.9468796875">
				<ele>1966.3</ele>
				<extensions>
					<swisstopo:routepoint_id>1275959949</swisstopo:routepoint_id>
				</extensions>
			</trkpt>
			<trkpt lat="46.1473366252" lon="6.9468490683">
				<ele>1967.0</ele>
				<extensions>
					<swisstopo:routepoint_id>1354471507</swisstopo:routepoint_id>
				</extensions>
			</trkpt>
			<trkpt lat="46.1473750399" lon="6.9467981808">
				<ele>1967.9</ele>
				<extensions>
					<swisstopo:routepoint_id>1332243647</swisstopo:routepoint_id>
				</extensions>
			</trkpt>
			<trkpt lat="46.1473956300" lon="6.9467553611">
				<ele>1968.4</ele>
				<extensions>
					<swisstopo:routepoint_id>389148566</swisstopo:routepoint_id>
				</extensions>
			</trkpt>
			<trkpt lat="46.1474272595" lon="6.9466895740">
				<ele>1969.0</ele>
				<extensions>
					<swisstopo:routepoint_id>608862303</swisstopo:routepoint_id>
				</extensions>
			</trkpt>
			<trkpt lat="46.1474995472" lon="6.9465616172">
				<ele>1970.0</ele>
				<extensions>
					<swisstopo:routepoint_id>480335568</swisstopo:routepoint_id>
				</extensions>
			</trkpt>
			<trkpt lat="46.1475387522" lon="6.9464844098">
				<ele>1970.1</ele>
				<extensions>
					<swisstopo:routepoint_id>1048407429</swisstopo:routepoint_id>
				</extensions>
			</trkpt>
			<trkpt lat="46.1475728284" lon="6.9463893620">
				<ele>1970.6</ele>
				<extensions>
					<swisstopo:routepoint_id>151345811</swisstopo:routepoint_id>
				</extensions>
			</trkpt>
			<trkpt lat="46.1476050555" lon="6.9462751991">
				<ele>1971.5</ele>
				<extensions>
					<swisstopo:routepoint_id>1432729546</swisstopo:routepoint_id>
				</extensions>
			</trkpt>
			<trkpt lat="46.1476322233" lon="6.9462278690">
				<ele>1971.8</ele>
				<extensions>
					<swisstopo:routepoint_id>1572078541</swisstopo:routepoint_id>
				</extensions>
			</trkpt>
			<trkpt lat="46.1476647480" lon="6.9461821987">
				<ele>1972.1</ele>
				<extensions>
					<swisstopo:routepoint_id>649692327</swisstopo:routepoint_id>
				</extensions>
			</trkpt>
			<trkpt lat="46.1476865014" lon="6.9461220770">
				<ele>1972.8</ele>
				<extensions>
					<swisstopo:routepoint_id>1918041692</swisstopo:routepoint_id>
				</extensions>
			</trkpt>
			<trkpt lat="46.1476921930" lon="6.9460612452">
				<ele>1973.2</ele>
				<extensions>
					<swisstopo:routepoint_id>1083247273</swisstopo:routepoint_id>
				</extensions>
			</trkpt>
			<trkpt lat="46.1477001111" lon="6.9459670011">
				<ele>1973.7</ele>
				<extensions>
					<swisstopo:routepoint_id>1398541784</swisstopo:routepoint_id>
				</extensions>
			</trkpt>
			<trkpt lat="46.1477084849" lon="6.9458402138">
				<ele>1974.4</ele>
				<extensions>
					<swisstopo:routepoint_id>748322888</swisstopo:routepoint_id>
				</extensions>
			</trkpt>
			<trkpt lat="46.1477240898" lon="6.9457339165">
				<ele>1975.1</ele>
				<extensions>
					<swisstopo:routepoint_id>248052245</swisstopo:routepoint_id>
				</extensions>
			</trkpt>
			<trkpt lat="46.1477324149" lon="6.9455960114">
				<ele>1976.1</ele>
				<extensions>
					<swisstopo:routepoint_id>696761848</swisstopo:routepoint_id>
				</extensions>
			</trkpt>
			<trkpt lat="46.1477366083" lon="6.9454675537">
				<ele>1977.0</ele>
				<extensions>
					<swisstopo:routepoint_id>247921404</swisstopo:routepoint_id>
				</extensions>
			</trkpt>
			<trkpt lat="46.1477476641" lon="6.9454100909">
				<ele>1977.3</ele>
				<extensions>
					<swisstopo:routepoint_id>2060357097</swisstopo:routepoint_id>
				</extensions>
			</trkpt>
			<trkpt lat="46.1477388741" lon="6.9453040116">
				<ele>1977.9</ele>
				<extensions>
					<swisstopo:routepoint_id>1846061558</swisstopo:routepoint_id>
				</extensions>
			</trkpt>
			<trkpt lat="46.1477427433" lon="6.9452363375">
				<ele>1978.2</ele>
				<extensions>
					<swisstopo:routepoint_id>892988742</swisstopo:routepoint_id>
				</extensions>
			</trkpt>
			<trkpt lat="46.1477467469" lon="6.9451994917">
				<ele>1978.3</ele>
				<extensions>
					<swisstopo:routepoint_id>855750043</swisstopo:routepoint_id>
				</extensions>
			</trkpt>
			<trkpt lat="46.1477339494" lon="6.9451294036">
				<ele>1978.9</ele>
				<extensions>
					<swisstopo:routepoint_id>1554411514</swisstopo:routepoint_id>
				</extensions>
			</trkpt>
			<trkpt lat="46.1477264272" lon="6.9450421461">
				<ele>1980.0</ele>
				<extensions>
					<swisstopo:routepoint_id>33441283</swisstopo:routepoint_id>
				</extensions>
			</trkpt>
			<trkpt lat="46.1477301246" lon="6.9449351012">
				<ele>1981.6</ele>
				<extensions>
					<swisstopo:routepoint_id>1907655399</swisstopo:routepoint_id>
				</extensions>
			</trkpt>
			<trkpt lat="46.1477341243" lon="6.9448973880">
				<ele>1982.0</ele>
				<extensions>
					<swisstopo:routepoint_id>722031907</swisstopo:routepoint_id>
				</extensions>
			</trkpt>
			<trkpt lat="46.1477463037" lon="6.9448236588">
				<ele>1982.6</ele>
				<extensions>
					<swisstopo:routepoint_id>173303377</swisstopo:routepoint_id>
				</extensions>
			</trkpt>
			<trkpt lat="46.1477626566" lon="6.9447541625">
				<ele>1983.6</ele>
				<extensions>
					<swisstopo:routepoint_id>438911146</swisstopo:routepoint_id>
				</extensions>
			</trkpt>
			<trkpt lat="46.1477772538" lon="6.9446889667">
				<ele>1984.4</ele>
				<extensions>
					<swisstopo:routepoint_id>1123152268</swisstopo:routepoint_id>
				</extensions>
			</trkpt>
			<trkpt lat="46.1477858315" lon="6.9446092629">
				<ele>1985.1</ele>
				<extensions>
					<swisstopo:routepoint_id>382875240</swisstopo:routepoint_id>
				</extensions>
			</trkpt>
			<trkpt lat="46.1478139977" lon="6.9445191204">
				<ele>1986.3</ele>
				<extensions>
					<swisstopo:routepoint_id>1713844293</swisstopo:routepoint_id>
				</extensions>
			</trkpt>
			<trkpt lat="46.1478380822" lon="6.9444478462">
				<ele>1987.4</ele>
				<extensions>
					<swisstopo:routepoint_id>1589472418</swisstopo:routepoint_id>
				</extensions>
			</trkpt>
			<trkpt lat="46.1478456705" lon="6.9444152385">
				<ele>1987.9</ele>
				<extensions>
					<swisstopo:routepoint_id>1240388721</swisstopo:routepoint_id>
				</extensions>
			</trkpt>
			<trkpt lat="46.1478400780" lon="6.9443596477">
				<ele>1988.5</ele>
				<extensions>
					<swisstopo:routepoint_id>724803215</swisstopo:routepoint_id>
				</extensions>
			</trkpt>
			<trkpt lat="46.1478255479" lon="6.9443032696">
				<ele>1989.4</ele>
				<extensions>
					<swisstopo:routepoint_id>796581059</swisstopo:routepoint_id>
				</extensions>
			</trkpt>
			<trkpt lat="46.1478032464" lon="6.9442375524">
				<ele>1990.2</ele>
				<extensions>
					<swisstopo:routepoint_id>485585437</swisstopo:routepoint_id>
				</extensions>
			</trkpt>
			<trkpt lat="46.1477857433" lon="6.9441803480">
				<ele>1990.1</ele>
				<extensions>
					<swisstopo:routepoint_id>450684858</swisstopo:routepoint_id>
				</extensions>
			</trkpt>
			<trkpt lat="46.1477612031" lon="6.9441471893">
				<ele>1990.4</ele>
				<extensions>
					<swisstopo:routepoint_id>1707331896</swisstopo:routepoint_id>
				</extensions>
			</trkpt>
			<trkpt lat="46.1477296108" lon="6.9441346227">
				<ele>1990.8</ele>
				<extensions>
					<swisstopo:routepoint_id>108708778</swisstopo:routepoint_id>
				</extensions>
			</trkpt>
			<trkpt lat="46.1477033883" lon="6.9441245955">
				<ele>1991.2</ele>
				<extensions>
					<swisstopo:routepoint_id>776867334</swisstopo:routepoint_id>
				</extensions>
			</trkpt>
			<trkpt lat="46.1476907622" lon="6.9440938801">
				<ele>1991.8</ele>
				<extensions>
					<swisstopo:routepoint_id>2146891004</swisstopo:routepoint_id>
				</extensions>
			</trkpt>
			<trkpt lat="46.1476678819" lon="6.9440324523">
				<ele>1992.0</ele>
				<extensions>
					<swisstopo:routepoint_id>231908266</swisstopo:routepoint_id>
				</extensions>
			</trkpt>
			<trkpt lat="46.1476468259" lon="6.9439804182">
				<ele>1991.6</ele>
				<extensions>
					<swisstopo:routepoint_id>93671531</swisstopo:routepoint_id>
				</extensions>
			</trkpt>
			<trkpt lat="46.1476357311" lon="6.9438940464">
				<ele>1992.4</ele>
				<extensions>
					<swisstopo:routepoint_id>1426337456</swisstopo:routepoint_id>
				</extensions>
			</trkpt>
			<trkpt lat="46.1476248297" lon="6.9438479126">
				<ele>1993.0</ele>
				<extensions>
					<swisstopo:routepoint_id>780267834</swisstopo:routepoint_id>
				</extensions>
			</trkpt>
			<trkpt lat="46.1475948599" lon="6.9437985346">
				<ele>1993.9</ele>
				<extensions>
					<swisstopo:routepoint_id>164234947</swisstopo:routepoint_id>
				</extensions>
			</trkpt>
			<trkpt lat="46.1475661768" lon="6.9437722485">
				<ele>1994.7</ele>
				<extensions>
					<swisstopo:routepoint_id>288649360</swisstopo:routepoint_id>
				</extensions>
			</trkpt>
			<trkpt lat="46.1475308324" lon="6.9437152177">
				<ele>1995.7</ele>
				<extensions>
					<swisstopo:routepoint_id>2115429756</swisstopo:routepoint_id>
				</extensions>
			</trkpt>
			<trkpt lat="46.1475121517" lon="6.9436640164">
				<ele>1996.2</ele>
				<extensions>
					<swisstopo:routepoint_id>1110219156</swisstopo:routepoint_id>
				</extensions>
			</trkpt>
			<trkpt lat="46.1475011230" lon="6.9435887757">
				<ele>1996.9</ele>
				<extensions>
					<swisstopo:routepoint_id>886811848</swisstopo:routepoint_id>
				</extensions>
			</trkpt>
			<trkpt lat="46.1474911204" lon="6.9434810003">
				<ele>1997.8</ele>
				<extensions>
					<swisstopo:routepoint_id>332901869</swisstopo:routepoint_id>
				</extensions>
			</trkpt>
			<trkpt lat="46.1474800878" lon="6.9434049051">
				<ele>1998.6</ele>
				<extensions>
					<swisstopo:routepoint_id>1962487906</swisstopo:routepoint_id>
				</extensions>
			</trkpt>
			<trkpt lat="46.1474428075" lon="6.9433170627">
				<ele>1999.6</ele>
				<extensions>
					<swisstopo:routepoint_id>414996245</swisstopo:routepoint_id>
				</extensions>
			</trkpt>
			<trkpt lat="46.1474102296" lon="6.9432137626">
				<ele>2001.0</ele>
				<extensions>
					<swisstopo:routepoint_id>1189720666</swisstopo:routepoint_id>
				</extensions>
			</trkpt>
			<trkpt lat="46.1473896732" lon="6.9431394623">
				<ele>2002.0</ele>
				<extensions>
					<swisstopo:routepoint_id>1322778630</swisstopo:routepoint_id>
				</extensions>
			</trkpt>
			<trkpt lat="46.1473881377" lon="6.9430615734">
				<ele>2003.5</ele>
				<extensions>
					<swisstopo:routepoint_id>131812841</swisstopo:routepoint_id>
				</extensions>
			</trkpt>
			<trkpt lat="46.1473820670" lon="6.9430333743">
				<ele>2004.0</ele>
				<extensions>
					<swisstopo:routepoint_id>1002771671</swisstopo:routepoint_id>
				</extensions>
			</trkpt>
			<trkpt lat="46.1473775548" lon="6.9429537909">
				<ele>2004.7</ele>
				<extensions>
					<swisstopo:routepoint_id>1021606148</swisstopo:routepoint_id>
				</extensions>
			</trkpt>
			<trkpt lat="46.1473648297" lon="6.9429025487">
				<ele>2005.2</ele>
				<extensions>
					<swisstopo:routepoint_id>78385737</swisstopo:routepoint_id>
				</extensions>
			</trkpt>
			<trkpt lat="46.1473419524" lon="6.9428419630">
				<ele>2006.0</ele>
				<extensions>
					<swisstopo:routepoint_id>511225112</swisstopo:routepoint_id>
				</extensions>
			</trkpt>
			<trkpt lat="46.1473362317" lon="6.9427572654">
				<ele>2007.1</ele>
				<extensions>
					<swisstopo:routepoint_id>1537652730</swisstopo:routepoint_id>
				</extensions>
			</trkpt>
			<trkpt lat="46.1473482921" lon="6.9426586998">
				<ele>2008.3</ele>
				<extensions>
					<swisstopo:routepoint_id>1367008848</swisstopo:routepoint_id>
				</extensions>
			</trkpt>
			<trkpt lat="46.1473481534" lon="6.9426270296">
				<ele>2008.6</ele>
				<extensions>
					<swisstopo:routepoint_id>481913955</swisstopo:routepoint_id>
				</extensions>
			</trkpt>
			<trkpt lat="46.1473342160" lon="6.9425697931">
				<ele>2009.2</ele>
				<extensions>
					<swisstopo:routepoint_id>529776231</swisstopo:routepoint_id>
				</extensions>
			</trkpt>
			<trkpt lat="46.1473352157" lon="6.9425252606">
				<ele>2009.8</ele>
				<extensions>
					<swisstopo:routepoint_id>1962627393</swisstopo:routepoint_id>
				</extensions>
			</trkpt>
			<trkpt lat="46.1473504489" lon="6.9424711897">
				<ele>2010.7</ele>
				<extensions>
					<swisstopo:routepoint_id>36915447</swisstopo:routepoint_id>
				</extensions>
			</trkpt>
			<trkpt lat="46.1473602148" lon="6.9423923436">
				<ele>2011.8</ele>
				<extensions>
					<swisstopo:routepoint_id>1648148300</swisstopo:routepoint_id>
				</extensions>
			</trkpt>
			<trkpt lat="46.1473652770" lon="6.9423246589">
				<ele>2012.5</ele>
				<extensions>
					<swisstopo:routepoint_id>809413314</swisstopo:routepoint_id>
				</extensions>
			</trkpt>
			<trkpt lat="46.1473494887" lon="6.9422520372">
				<ele>2013.8</ele>
				<extensions>
					<swisstopo:routepoint_id>341330293</swisstopo:routepoint_id>
				</extensions>
			</trkpt>
			<trkpt lat="46.1473343490" lon="6.9421931029">
				<ele>2014.7</ele>
				<extensions>
					<swisstopo:routepoint_id>1316211720</swisstopo:routepoint_id>
				</extensions>
			</trkpt>
			<trkpt lat="46.1473275994" lon="6.9421443568">
				<ele>2014.8</ele>
				<extensions>
					<swisstopo:routepoint_id>135390099</swisstopo:routepoint_id>
				</extensions>
			</trkpt>
			<trkpt lat="46.1473089382" lon="6.9420957313">
				<ele>2015.4</ele>
				<extensions>
					<swisstopo:routepoint_id>1146005606</swisstopo:routepoint_id>
				</extensions>
			</trkpt>
			<trkpt lat="46.1472948841" lon="6.9420119633">
				<ele>2016.4</ele>
				<extensions>
					<swisstopo:routepoint_id>1877822674</swisstopo:routepoint_id>
				</extensions>
			</trkpt>
			<trkpt lat="46.1472933478" lon="6.9419340618">
				<ele>2017.3</ele>
				<extensions>
					<swisstopo:routepoint_id>1473208591</swisstopo:routepoint_id>
				</extensions>
			</trkpt>
			<trkpt lat="46.1472923750" lon="6.9418484665">
				<ele>2018.4</ele>
				<extensions>
					<swisstopo:routepoint_id>916732367</swisstopo:routepoint_id>
				</extensions>
			</trkpt>
			<trkpt lat="46.1472931404" lon="6.9417525787">
				<ele>2019.9</ele>
				<extensions>
					<swisstopo:routepoint_id>1787345629</swisstopo:routepoint_id>
				</extensions>
			</trkpt>
			<trkpt lat="46.1473189850" lon="6.9416744286">
				<ele>2020.7</ele>
				<extensions>
					<swisstopo:routepoint_id>1676362546</swisstopo:routepoint_id>
				</extensions>
			</trkpt>
			<trkpt lat="46.1473277485" lon="6.9416375388">
				<ele>2021.2</ele>
				<extensions>
					<swisstopo:routepoint_id>2008310635</swisstopo:routepoint_id>
				</extensions>
			</trkpt>
			<trkpt lat="46.1473507392" lon="6.9415876812">
				<ele>2022.3</ele>
				<extensions>
					<swisstopo:routepoint_id>872810235</swisstopo:routepoint_id>
				</extensions>
			</trkpt>
			<trkpt lat="46.1473660733" lon="6.9415567125">
				<ele>2022.9</ele>
				<extensions>
					<swisstopo:routepoint_id>543471218</swisstopo:routepoint_id>
				</extensions>
			</trkpt>
			<trkpt lat="46.1473888974" lon="6.9414709009">
				<ele>2024.3</ele>
				<extensions>
					<swisstopo:routepoint_id>564917515</swisstopo:routepoint_id>
				</extensions>
			</trkpt>
			<trkpt lat="46.1473923110" lon="6.9414340470">
				<ele>2025.1</ele>
				<extensions>
					<swisstopo:routepoint_id>1333474401</swisstopo:routepoint_id>
				</extensions>
			</trkpt>
			<trkpt lat="46.1473945751" lon="6.9414074937">
				<ele>2025.7</ele>
				<extensions>
					<swisstopo:routepoint_id>580552846</swisstopo:routepoint_id>
				</extensions>
			</trkpt>
			<trkpt lat="46.1474033460" lon="6.9413723133">
				<ele>2026.4</ele>
				<extensions>
					<swisstopo:routepoint_id>1695967811</swisstopo:routepoint_id>
				</extensions>
			</trkpt>
			<trkpt lat="46.1474292719" lon="6.9413147147">
				<ele>2027.5</ele>
				<extensions>
					<swisstopo:routepoint_id>1196952180</swisstopo:routepoint_id>
				</extensions>
			</trkpt>
			<trkpt lat="46.1474464130" lon="6.9412871589">
				<ele>2028.1</ele>
				<extensions>
					<swisstopo:routepoint_id>2128261116</swisstopo:routepoint_id>
				</extensions>
			</trkpt>
			<trkpt lat="46.1474819578" lon="6.9412534563">
				<ele>2028.5</ele>
				<extensions>
					<swisstopo:routepoint_id>1667949801</swisstopo:routepoint_id>
				</extensions>
			</trkpt>
			<trkpt lat="46.1475121013" lon="6.9412060961">
				<ele>2029.3</ele>
				<extensions>
					<swisstopo:routepoint_id>1785345955</swisstopo:routepoint_id>
				</extensions>
			</trkpt>
			<trkpt lat="46.1475302955" lon="6.9411502763">
				<ele>2030.5</ele>
				<extensions>
					<swisstopo:routepoint_id>226264735</swisstopo:routepoint_id>
				</extensions>
			</trkpt>
			<trkpt lat="46.1475378916" lon="6.9411176818">
				<ele>2031.3</ele>
				<extensions>
					<swisstopo:routepoint_id>1313393864</swisstopo:routepoint_id>
				</extensions>
			</trkpt>
			<trkpt lat="46.1475371477" lon="6.9410842956">
				<ele>2031.8</ele>
				<extensions>
					<swisstopo:routepoint_id>1131637328</swisstopo:routepoint_id>
				</extensions>
			</trkpt>
			<trkpt lat="46.1475379386" lon="6.9409943998">
				<ele>2033.0</ele>
				<extensions>
					<swisstopo:routepoint_id>1748259826</swisstopo:routepoint_id>
				</extensions>
			</trkpt>
			<trkpt lat="46.1475442060" lon="6.9409292791">
				<ele>2033.9</ele>
				<extensions>
					<swisstopo:routepoint_id>365279736</swisstopo:routepoint_id>
				</extensions>
			</trkpt>
			<trkpt lat="46.1475804974" lon="6.9407936693">
				<ele>2035.6</ele>
				<extensions>
					<swisstopo:routepoint_id>1903841948</swisstopo:routepoint_id>
				</extensions>
			</trkpt>
			<trkpt lat="46.1476299993" lon="6.9406836442">
				<ele>2037.9</ele>
				<extensions>
					<swisstopo:routepoint_id>1280783747</swisstopo:routepoint_id>
				</extensions>
			</trkpt>
			<trkpt lat="46.1476819896" lon="6.9406001289">
				<ele>2039.7</ele>
				<extensions>
					<swisstopo:routepoint_id>1117452566</swisstopo:routepoint_id>
				</extensions>
			</trkpt>
			<trkpt lat="46.1477322505" lon="6.9405268935">
				<ele>2041.0</ele>
				<extensions>
					<swisstopo:routepoint_id>1325713113</swisstopo:routepoint_id>
				</extensions>
			</trkpt>
			<trkpt lat="46.1477564290" lon="6.9404795869">
				<ele>2041.8</ele>
				<extensions>
					<swisstopo:routepoint_id>1451198756</swisstopo:routepoint_id>
				</extensions>
			</trkpt>
			<trkpt lat="46.1477846886" lon="6.9404074189">
				<ele>2043.3</ele>
				<extensions>
					<swisstopo:routepoint_id>1126151281</swisstopo:routepoint_id>
				</extensions>
			</trkpt>
			<trkpt lat="46.1478052668" lon="6.9403524435">
				<ele>2044.6</ele>
				<extensions>
					<swisstopo:routepoint_id>540803055</swisstopo:routepoint_id>
				</extensions>
			</trkpt>
			<trkpt lat="46.1478057172" lon="6.9403190463">
				<ele>2045.2</ele>
				<extensions>
					<swisstopo:routepoint_id>1268947516</swisstopo:routepoint_id>
				</extensions>
			</trkpt>
			<trkpt lat="46.1478157151" lon="6.9402932771">
				<ele>2045.8</ele>
				<extensions>
					<swisstopo:routepoint_id>2247645</swisstopo:routepoint_id>
				</extensions>
			</trkpt>
			<trkpt lat="46.1478352843" lon="6.9402785380">
				<ele>2046.5</ele>
				<extensions>
					<swisstopo:routepoint_id>1794063196</swisstopo:routepoint_id>
				</extensions>
			</trkpt>
			<trkpt lat="46.1478601857" lon="6.9402577703">
				<ele>2047.4</ele>
				<extensions>
					<swisstopo:routepoint_id>1171531156</swisstopo:routepoint_id>
				</extensions>
			</trkpt>
			<trkpt lat="46.1478951642" lon="6.9402291973">
				<ele>2048.5</ele>
				<extensions>
					<swisstopo:routepoint_id>783830322</swisstopo:routepoint_id>
				</extensions>
			</trkpt>
			<trkpt lat="46.1479105331" lon="6.9402042324">
				<ele>2049.1</ele>
				<extensions>
					<swisstopo:routepoint_id>854849136</swisstopo:routepoint_id>
				</extensions>
			</trkpt>
			<trkpt lat="46.1479347956" lon="6.9401740357">
				<ele>2049.9</ele>
				<extensions>
					<swisstopo:routepoint_id>1221690129</swisstopo:routepoint_id>
				</extensions>
			</trkpt>
			<trkpt lat="46.1479447672" lon="6.9401422730">
				<ele>2050.6</ele>
				<extensions>
					<swisstopo:routepoint_id>1046279395</swisstopo:routepoint_id>
				</extensions>
			</trkpt>
			<trkpt lat="46.1479309943" lon="6.9401227122">
				<ele>2051.0</ele>
				<extensions>
					<swisstopo:routepoint_id>703070227</swisstopo:routepoint_id>
				</extensions>
			</trkpt>
			<trkpt lat="46.1479142825" lon="6.9401100123">
				<ele>2051.5</ele>
				<extensions>
					<swisstopo:routepoint_id>1860546942</swisstopo:routepoint_id>
				</extensions>
			</trkpt>
			<trkpt lat="46.1479135180" lon="6.9400740634">
				<ele>2052.1</ele>
				<extensions>
					<swisstopo:routepoint_id>1158118929</swisstopo:routepoint_id>
				</extensions>
			</trkpt>
			<trkpt lat="46.1479294303" lon="6.9400388174">
				<ele>2052.8</ele>
				<extensions>
					<swisstopo:routepoint_id>836088750</swisstopo:routepoint_id>
				</extensions>
			</trkpt>
			<trkpt lat="46.1479548311" lon="6.9399957833">
				<ele>2053.6</ele>
				<extensions>
					<swisstopo:routepoint_id>1523233691</swisstopo:routepoint_id>
				</extensions>
			</trkpt>
			<trkpt lat="46.1479819458" lon="6.9399390267">
				<ele>2054.2</ele>
				<extensions>
					<swisstopo:routepoint_id>1516119278</swisstopo:routepoint_id>
				</extensions>
			</trkpt>
			<trkpt lat="46.1480025150" lon="6.9398780590">
				<ele>2055.0</ele>
				<extensions>
					<swisstopo:routepoint_id>250270072</swisstopo:routepoint_id>
				</extensions>
			</trkpt>
			<trkpt lat="46.1480184183" lon="6.9398428129">
				<ele>2055.6</ele>
				<extensions>
					<swisstopo:routepoint_id>945919659</swisstopo:routepoint_id>
				</extensions>
			</trkpt>
			<trkpt lat="46.1480236336" lon="6.9398102395">
				<ele>2056.3</ele>
				<extensions>
					<swisstopo:routepoint_id>1523367999</swisstopo:routepoint_id>
				</extensions>
			</trkpt>
			<trkpt lat="46.1480187292" lon="6.9397777450">
				<ele>2056.5</ele>
				<extensions>
					<swisstopo:routepoint_id>1485837045</swisstopo:routepoint_id>
				</extensions>
			</trkpt>
			<trkpt lat="46.1480091767" lon="6.9397709853">
				<ele>2056.5</ele>
				<extensions>
					<swisstopo:routepoint_id>1427570247</swisstopo:routepoint_id>
				</extensions>
			</trkpt>
			<trkpt lat="46.1479782228" lon="6.9397678375">
				<ele>2057.2</ele>
				<extensions>
					<swisstopo:routepoint_id>1519052369</swisstopo:routepoint_id>
				</extensions>
			</trkpt>
			<trkpt lat="46.1479698573" lon="6.9397593591">
				<ele>2057.6</ele>
				<extensions>
					<swisstopo:routepoint_id>588358051</swisstopo:routepoint_id>
				</extensions>
			</trkpt>
			<trkpt lat="46.1479479340" lon="6.9397800992">
				<ele>2058.2</ele>
				<extensions>
					<swisstopo:routepoint_id>16901065</swisstopo:routepoint_id>
				</extensions>
			</trkpt>
			<trkpt lat="46.1479300387" lon="6.9397699989">
				<ele>2059.1</ele>
				<extensions>
					<swisstopo:routepoint_id>1442815627</swisstopo:routepoint_id>
				</extensions>
			</trkpt>
			<trkpt lat="46.1479150975" lon="6.9397564282">
				<ele>2059.9</ele>
				<extensions>
					<swisstopo:routepoint_id>1565179390</swisstopo:routepoint_id>
				</extensions>
			</trkpt>
			<trkpt lat="46.1478931063" lon="6.9397617667">
				<ele>2060.9</ele>
				<extensions>
					<swisstopo:routepoint_id>217690833</swisstopo:routepoint_id>
				</extensions>
			</trkpt>
			<trkpt lat="46.1478777990" lon="6.9397987160">
				<ele>2061.0</ele>
				<extensions>
					<swisstopo:routepoint_id>2113125617</swisstopo:routepoint_id>
				</extensions>
			</trkpt>
			<trkpt lat="46.1478569648" lon="6.9397954893">
				<ele>2062.3</ele>
				<extensions>
					<swisstopo:routepoint_id>1773617311</swisstopo:routepoint_id>
				</extensions>
			</trkpt>
			<trkpt lat="46.1478380030" lon="6.9398144944">
				<ele>2062.6</ele>
				<extensions>
					<swisstopo:routepoint_id>2014705080</swisstopo:routepoint_id>
				</extensions>
			</trkpt>
			<trkpt lat="46.1478201906" lon="6.9398232123">
				<ele>2063.2</ele>
				<extensions>
					<swisstopo:routepoint_id>1029204974</swisstopo:routepoint_id>
				</extensions>
			</trkpt>
			<trkpt lat="46.1478010744" lon="6.9398071295">
				<ele>2063.8</ele>
				<extensions>
					<swisstopo:routepoint_id>1457953092</swisstopo:routepoint_id>
				</extensions>
			</trkpt>
			<trkpt lat="46.1477862223" lon="6.9398098276">
				<ele>2064.3</ele>
				<extensions>
					<swisstopo:routepoint_id>846072897</swisstopo:routepoint_id>
				</extensions>
			</trkpt>
			<trkpt lat="46.1477800931" lon="6.9397704985">
				<ele>2065.6</ele>
				<extensions>
					<swisstopo:routepoint_id>1931341786</swisstopo:routepoint_id>
				</extensions>
			</trkpt>
			<trkpt lat="46.1477632593" lon="6.9397321335">
				<ele>2066.6</ele>
				<extensions>
					<swisstopo:routepoint_id>476453286</swisstopo:routepoint_id>
				</extensions>
			</trkpt>
			<trkpt lat="46.1477464606" lon="6.9396997483">
				<ele>2067.1</ele>
				<extensions>
					<swisstopo:routepoint_id>2106241262</swisstopo:routepoint_id>
				</extensions>
			</trkpt>
			<trkpt lat="46.1477456558" lon="6.9396526692">
				<ele>2067.9</ele>
				<extensions>
					<swisstopo:routepoint_id>886615564</swisstopo:routepoint_id>
				</extensions>
			</trkpt>
			<trkpt lat="46.1477449126" lon="6.9396175742">
				<ele>2068.6</ele>
				<extensions>
					<swisstopo:routepoint_id>1844075124</swisstopo:routepoint_id>
				</extensions>
			</trkpt>
			<trkpt lat="46.1477257473" lon="6.9395903621">
				<ele>2069.1</ele>
				<extensions>
					<swisstopo:routepoint_id>1223282265</swisstopo:routepoint_id>
				</extensions>
			</trkpt>
			<trkpt lat="46.1477084191" lon="6.9395733967">
				<ele>2069.4</ele>
				<extensions>
					<swisstopo:routepoint_id>1556094433</swisstopo:routepoint_id>
				</extensions>
			</trkpt>
			<trkpt lat="46.1477029474" lon="6.9395477543">
				<ele>2070.0</ele>
				<extensions>
					<swisstopo:routepoint_id>1227481645</swisstopo:routepoint_id>
				</extensions>
			</trkpt>
			<trkpt lat="46.1477229253" lon="6.9394902095">
				<ele>2071.9</ele>
				<extensions>
					<swisstopo:routepoint_id>403708474</swisstopo:routepoint_id>
				</extensions>
			</trkpt>
			<trkpt lat="46.1477198656" lon="6.9394696965">
				<ele>2072.3</ele>
				<extensions>
					<swisstopo:routepoint_id>2018584540</swisstopo:routepoint_id>
				</extensions>
			</trkpt>
			<trkpt lat="46.1477118510" lon="6.9394072684">
				<ele>2072.7</ele>
				<extensions>
					<swisstopo:routepoint_id>351624091</swisstopo:routepoint_id>
				</extensions>
			</trkpt>
			<trkpt lat="46.1477027826" lon="6.9393748255">
				<ele>2073.2</ele>
				<extensions>
					<swisstopo:routepoint_id>526829696</swisstopo:routepoint_id>
				</extensions>
			</trkpt>
			<trkpt lat="46.1477080054" lon="6.9393439609">
				<ele>2074.2</ele>
				<extensions>
					<swisstopo:routepoint_id>440848778</swisstopo:routepoint_id>
				</extensions>
			</trkpt>
			<trkpt lat="46.1477396019" lon="6.9393573661">
				<ele>2075.0</ele>
				<extensions>
					<swisstopo:routepoint_id>1341772275</swisstopo:routepoint_id>
				</extensions>
			</trkpt>
			<trkpt lat="46.1477633789" lon="6.9393545731">
				<ele>2075.9</ele>
				<extensions>
					<swisstopo:routepoint_id>762502332</swisstopo:routepoint_id>
				</extensions>
			</trkpt>
			<trkpt lat="46.1477913939" lon="6.9393645942">
				<ele>2076.9</ele>
				<extensions>
					<swisstopo:routepoint_id>772306400</swisstopo:routepoint_id>
				</extensions>
			</trkpt>
			<trkpt lat="46.1478044186" lon="6.9393499279">
				<ele>2077.5</ele>
				<extensions>
					<swisstopo:routepoint_id>1378590669</swisstopo:routepoint_id>
				</extensions>
			</trkpt>
			<trkpt lat="46.1478353461" lon="6.9393470696">
				<ele>2078.6</ele>
				<extensions>
					<swisstopo:routepoint_id>1749424478</swisstopo:routepoint_id>
				</extensions>
			</trkpt>
			<trkpt lat="46.1478584565" lon="6.9393245973">
				<ele>2079.8</ele>
				<extensions>
					<swisstopo:routepoint_id>758054526</swisstopo:routepoint_id>
				</extensions>
			</trkpt>
			<trkpt lat="46.1478810740" lon="6.9393278209">
				<ele>2080.4</ele>
				<extensions>
					<swisstopo:routepoint_id>1037818780</swisstopo:routepoint_id>
				</extensions>
			</trkpt>
			<trkpt lat="46.1478970767" lon="6.9393131267">
				<ele>2081.0</ele>
				<extensions>
					<swisstopo:routepoint_id>871474760</swisstopo:routepoint_id>
				</extensions>
			</trkpt>
			<trkpt lat="46.1478963522" lon="6.9392823029">
				<ele>2081.9</ele>
				<extensions>
					<swisstopo:routepoint_id>1023898253</swisstopo:routepoint_id>
				</extensions>
			</trkpt>
			<trkpt lat="46.1478884847" lon="6.9392532663">
				<ele>2082.8</ele>
				<extensions>
					<swisstopo:routepoint_id>928460765</swisstopo:routepoint_id>
				</extensions>
			</trkpt>
			<trkpt lat="46.1478811807" lon="6.9392165225">
				<ele>2084.0</ele>
				<extensions>
					<swisstopo:routepoint_id>1602714098</swisstopo:routepoint_id>
				</extensions>
			</trkpt>
			<trkpt lat="46.1478797645" lon="6.9391643107">
				<ele>2085.4</ele>
				<extensions>
					<swisstopo:routepoint_id>1885644011</swisstopo:routepoint_id>
				</extensions>
			</trkpt>
			<trkpt lat="46.1478599311" lon="6.9391191139">
				<ele>2086.7</ele>
				<extensions>
					<swisstopo:routepoint_id>947422467</swisstopo:routepoint_id>
				</extensions>
			</trkpt>
			<trkpt lat="46.1478573920" lon="6.9390831813">
				<ele>2087.5</ele>
				<extensions>
					<swisstopo:routepoint_id>819593475</swisstopo:routepoint_id>
				</extensions>
			</trkpt>
			<trkpt lat="46.1478589600" lon="6.9390343716">
				<ele>2088.6</ele>
				<extensions>
					<swisstopo:routepoint_id>1417564299</swisstopo:routepoint_id>
				</extensions>
			</trkpt>
			<trkpt lat="46.1478622697" lon="6.9389761241">
				<ele>2090.1</ele>
				<extensions>
					<swisstopo:routepoint_id>2033466551</swisstopo:routepoint_id>
				</extensions>
			</trkpt>
			<trkpt lat="46.1478567689" lon="6.9389419273">
				<ele>2090.7</ele>
				<extensions>
					<swisstopo:routepoint_id>1196333395</swisstopo:routepoint_id>
				</extensions>
			</trkpt>
			<trkpt lat="46.1478554382" lon="6.9389111224">
				<ele>2091.2</ele>
				<extensions>
					<swisstopo:routepoint_id>326727</swisstopo:routepoint_id>
				</extensions>
			</trkpt>
			<trkpt lat="46.1478628713" lon="6.9388417055">
				<ele>2093.0</ele>
				<extensions>
					<swisstopo:routepoint_id>1657984657</swisstopo:routepoint_id>
				</extensions>
			</trkpt>
			<trkpt lat="46.1478829131" lon="6.9387987200">
				<ele>2094.3</ele>
				<extensions>
					<swisstopo:routepoint_id>259478181</swisstopo:routepoint_id>
				</extensions>
			</trkpt>
			<trkpt lat="46.1478881205" lon="6.9387644253">
				<ele>2095.0</ele>
				<extensions>
					<swisstopo:routepoint_id>409145125</swisstopo:routepoint_id>
				</extensions>
			</trkpt>
			<trkpt lat="46.1478939202" lon="6.9387309800">
				<ele>2095.6</ele>
				<extensions>
					<swisstopo:routepoint_id>838471877</swisstopo:routepoint_id>
				</extensions>
			</trkpt>
			<trkpt lat="46.1479217451" lon="6.9386999079">
				<ele>2096.4</ele>
				<extensions>
					<swisstopo:routepoint_id>189920817</swisstopo:routepoint_id>
				</extensions>
			</trkpt>
			<trkpt lat="46.1479341358" lon="6.9386749705">
				<ele>2097.1</ele>
				<extensions>
					<swisstopo:routepoint_id>1062317425</swisstopo:routepoint_id>
				</extensions>
			</trkpt>
			<trkpt lat="46.1479584395" lon="6.9386541948">
				<ele>2097.6</ele>
				<extensions>
					<swisstopo:routepoint_id>2074971694</swisstopo:routepoint_id>
				</extensions>
			</trkpt>
			<trkpt lat="46.1479761069" lon="6.9386146608">
				<ele>2098.4</ele>
				<extensions>
					<swisstopo:routepoint_id>414491845</swisstopo:routepoint_id>
				</extensions>
			</trkpt>
			<trkpt lat="46.1479765392" lon="6.9385752708">
				<ele>2099.3</ele>
				<extensions>
					<swisstopo:routepoint_id>19062864</swisstopo:routepoint_id>
				</extensions>
			</trkpt>
			<trkpt lat="46.1479882179" lon="6.9385263696">
				<ele>2099.7</ele>
				<extensions>
					<swisstopo:routepoint_id>849437160</swisstopo:routepoint_id>
				</extensions>
			</trkpt>
			<trkpt lat="46.1479917276" lon="6.9385134845">
				<ele>2099.8</ele>
				<extensions>
					<swisstopo:routepoint_id>1283787567</swisstopo:routepoint_id>
				</extensions>
			</trkpt>
			<trkpt lat="46.1479904322" lon="6.9384886720">
				<ele>2100.2</ele>
				<extensions>
					<swisstopo:routepoint_id>1257747684</swisstopo:routepoint_id>
				</extensions>
			</trkpt>
			<trkpt lat="46.1479873106" lon="6.9384561748">
				<ele>2100.8</ele>
				<extensions>
					<swisstopo:routepoint_id>991466851</swisstopo:routepoint_id>
				</extensions>
			</trkpt>
			<trkpt lat="46.1480056295" lon="6.9384268982">
				<ele>2101.9</ele>
				<extensions>
					<swisstopo:routepoint_id>495052247</swisstopo:routepoint_id>
				</extensions>
			</trkpt>
			<trkpt lat="46.1480196886" lon="6.9383779615">
				<ele>2102.8</ele>
				<extensions>
					<swisstopo:routepoint_id>1379596358</swisstopo:routepoint_id>
				</extensions>
			</trkpt>
			<trkpt lat="46.1480260830" lon="6.9383419471">
				<ele>2103.2</ele>
				<extensions>
					<swisstopo:routepoint_id>1379265668</swisstopo:routepoint_id>
				</extensions>
			</trkpt>
			<trkpt lat="46.1480348492" lon="6.9383059119">
				<ele>2103.9</ele>
				<extensions>
					<swisstopo:routepoint_id>259844917</swisstopo:routepoint_id>
				</extensions>
			</trkpt>
			<trkpt lat="46.1480322643" lon="6.9382597028">
				<ele>2105.0</ele>
				<extensions>
					<swisstopo:routepoint_id>1910096560</swisstopo:routepoint_id>
				</extensions>
			</trkpt>
			<trkpt lat="46.1480433846" lon="6.9382176523">
				<ele>2105.8</ele>
				<extensions>
					<swisstopo:routepoint_id>90321506</swisstopo:routepoint_id>
				</extensions>
			</trkpt>
			<trkpt lat="46.1480556189" lon="6.9381593229">
				<ele>2107.2</ele>
				<extensions>
					<swisstopo:routepoint_id>2114140224</swisstopo:routepoint_id>
				</extensions>
			</trkpt>
			<trkpt lat="46.1480698949" lon="6.9381574844">
				<ele>2107.6</ele>
				<extensions>
					<swisstopo:routepoint_id>877544139</swisstopo:routepoint_id>
				</extensions>
			</trkpt>
			<trkpt lat="46.1480793101" lon="6.9381351359">
				<ele>2107.8</ele>
				<extensions>
					<swisstopo:routepoint_id>1211597399</swisstopo:routepoint_id>
				</extensions>
			</trkpt>
			<trkpt lat="46.1480706420" lon="6.9380581652">
				<ele>2108.4</ele>
				<extensions>
					<swisstopo:routepoint_id>142539172</swisstopo:routepoint_id>
				</extensions>
			</trkpt>
			<trkpt lat="46.1480566770" lon="6.9379932286">
				<ele>2108.8</ele>
				<extensions>
					<swisstopo:routepoint_id>1668214972</swisstopo:routepoint_id>
				</extensions>
			</trkpt>
			<trkpt lat="46.1480510309" lon="6.9379282152">
				<ele>2109.8</ele>
				<extensions>
					<swisstopo:routepoint_id>1295591415</swisstopo:routepoint_id>
				</extensions>
			</trkpt>
			<trkpt lat="46.1480411452" lon="6.9378461177">
				<ele>2110.4</ele>
				<extensions>
					<swisstopo:routepoint_id>56552827</swisstopo:routepoint_id>
				</extensions>
			</trkpt>
			<trkpt lat="46.1480326926" lon="6.9378179402">
				<ele>2110.6</ele>
				<extensions>
					<swisstopo:routepoint_id>1705391848</swisstopo:routepoint_id>
				</extensions>
			</trkpt>
			<trkpt lat="46.1480315879" lon="6.9377032236">
				<ele>2112.3</ele>
				<extensions>
					<swisstopo:routepoint_id>556553619</swisstopo:routepoint_id>
				</extensions>
			</trkpt>
			<trkpt lat="46.1480170052" lon="6.9376357297">
				<ele>2112.6</ele>
				<extensions>
					<swisstopo:routepoint_id>150422134</swisstopo:routepoint_id>
				</extensions>
			</trkpt>
			<trkpt lat="46.1480210567" lon="6.9376082922">
				<ele>2112.9</ele>
				<extensions>
					<swisstopo:routepoint_id>1635633283</swisstopo:routepoint_id>
				</extensions>
			</trkpt>
			<trkpt lat="46.1480441201" lon="6.9375772640">
				<ele>2114.1</ele>
				<extensions>
					<swisstopo:routepoint_id>365400808</swisstopo:routepoint_id>
				</extensions>
			</trkpt>
			<trkpt lat="46.1480599710" lon="6.9375283233">
				<ele>2115.0</ele>
				<extensions>
					<swisstopo:routepoint_id>1428909087</swisstopo:routepoint_id>
				</extensions>
			</trkpt>
			<trkpt lat="46.1480711970" lon="6.9375102299">
				<ele>2115.7</ele>
				<extensions>
					<swisstopo:routepoint_id>522805052</swisstopo:routepoint_id>
				</extensions>
			</trkpt>
			<trkpt lat="46.1480757537" lon="6.9374639683">
				<ele>2115.9</ele>
				<extensions>
					<swisstopo:routepoint_id>664579357</swisstopo:routepoint_id>
				</extensions>
			</trkpt>
			<trkpt lat="46.1480756059" lon="6.9374305769">
				<ele>2116.2</ele>
				<extensions>
					<swisstopo:routepoint_id>524931719</swisstopo:routepoint_id>
				</extensions>
			</trkpt>
			<trkpt lat="46.1480933563" lon="6.9374098606">
				<ele>2116.6</ele>
				<extensions>
					<swisstopo:routepoint_id>2111227300</swisstopo:routepoint_id>
				</extensions>
			</trkpt>
			<trkpt lat="46.1481219460" lon="6.9374147371">
				<ele>2117.6</ele>
				<extensions>
					<swisstopo:routepoint_id>1575185467</swisstopo:routepoint_id>
				</extensions>
			</trkpt>
			<trkpt lat="46.1481504248" lon="6.9373964983">
				<ele>2119.4</ele>
				<extensions>
					<swisstopo:routepoint_id>904983303</swisstopo:routepoint_id>
				</extensions>
			</trkpt>
			<trkpt lat="46.1481628265" lon="6.9373741226">
				<ele>2120.3</ele>
				<extensions>
					<swisstopo:routepoint_id>732577422</swisstopo:routepoint_id>
				</extensions>
			</trkpt>
			<trkpt lat="46.1482169929" lon="6.9373779109">
				<ele>2121.5</ele>
				<extensions>
					<swisstopo:routepoint_id>813575353</swisstopo:routepoint_id>
				</extensions>
			</trkpt>
			<trkpt lat="46.1482914151" lon="6.9373892144">
				<ele>2122.6</ele>
				<extensions>
					<swisstopo:routepoint_id>1226798600</swisstopo:routepoint_id>
				</extensions>
			</trkpt>
			<trkpt lat="46.1483186662" lon="6.9373615642">
				<ele>2123.8</ele>
				<extensions>
					<swisstopo:routepoint_id>1552900313</swisstopo:routepoint_id>
				</extensions>
			</trkpt>
			<trkpt lat="46.1483644128" lon="6.9373465972">
				<ele>2124.7</ele>
				<extensions>
					<swisstopo:routepoint_id>1559180601</swisstopo:routepoint_id>
				</extensions>
			</trkpt>
			<trkpt lat="46.1484024251" lon="6.9373308336">
				<ele>2125.6</ele>
				<extensions>
					<swisstopo:routepoint_id>1733591350</swisstopo:routepoint_id>
				</extensions>
			</trkpt>
			<trkpt lat="46.1484547628" lon="6.9373243613">
				<ele>2126.6</ele>
				<extensions>
					<swisstopo:routepoint_id>247727548</swisstopo:routepoint_id>
				</extensions>
			</trkpt>
			<trkpt lat="46.1485004449" lon="6.9372948338">
				<ele>2128.4</ele>
				<extensions>
					<swisstopo:routepoint_id>469836681</swisstopo:routepoint_id>
				</extensions>
			</trkpt>
			<trkpt lat="46.1485270229" lon="6.9372500788">
				<ele>2130.6</ele>
				<extensions>
					<swisstopo:routepoint_id>1881104545</swisstopo:routepoint_id>
				</extensions>
			</trkpt>
			<trkpt lat="46.1485315719" lon="6.9372020956">
				<ele>2132.0</ele>
				<extensions>
					<swisstopo:routepoint_id>799077548</swisstopo:routepoint_id>
				</extensions>
			</trkpt>
			<trkpt lat="46.1485124184" lon="6.9371757247">
				<ele>2132.9</ele>
				<extensions>
					<swisstopo:routepoint_id>1017505287</swisstopo:routepoint_id>
				</extensions>
			</trkpt>
			<trkpt lat="46.1484843666" lon="6.9371554410">
				<ele>2133.6</ele>
				<extensions>
					<swisstopo:routepoint_id>1814695083</swisstopo:routepoint_id>
				</extensions>
			</trkpt>
			<trkpt lat="46.1484561656" lon="6.9371034739">
				<ele>2135.2</ele>
				<extensions>
					<swisstopo:routepoint_id>1269534404</swisstopo:routepoint_id>
				</extensions>
			</trkpt>
			<trkpt lat="46.1484333610" lon="6.9370600129">
				<ele>2136.5</ele>
				<extensions>
					<swisstopo:routepoint_id>1045004510</swisstopo:routepoint_id>
				</extensions>
			</trkpt>
			<trkpt lat="46.1483969347" lon="6.9370312378">
				<ele>2137.4</ele>
				<extensions>
					<swisstopo:routepoint_id>724919363</swisstopo:routepoint_id>
				</extensions>
			</trkpt>
			<trkpt lat="46.1483807012" lon="6.9369937221">
				<ele>2138.4</ele>
				<extensions>
					<swisstopo:routepoint_id>997312714</swisstopo:routepoint_id>
				</extensions>
			</trkpt>
			<trkpt lat="46.1483555918" lon="6.9369674061">
				<ele>2139.2</ele>
				<extensions>
					<swisstopo:routepoint_id>916959598</swisstopo:routepoint_id>
				</extensions>
			</trkpt>
			<trkpt lat="46.1483465038" lon="6.9369306793">
				<ele>2140.4</ele>
				<extensions>
					<swisstopo:routepoint_id>1950511979</swisstopo:routepoint_id>
				</extensions>
			</trkpt>
			<trkpt lat="46.1483226118" lon="6.9369094902">
				<ele>2141.0</ele>
				<extensions>
					<swisstopo:routepoint_id>1826122408</swisstopo:routepoint_id>
				</extensions>
			</trkpt>
			<trkpt lat="46.1483123986" lon="6.9368864677">
				<ele>2141.4</ele>
				<extensions>
					<swisstopo:routepoint_id>2035151911</swisstopo:routepoint_id>
				</extensions>
			</trkpt>
			<trkpt lat="46.1483122279" lon="6.9368479505">
				<ele>2142.6</ele>
				<extensions>
					<swisstopo:routepoint_id>408611910</swisstopo:routepoint_id>
				</extensions>
			</trkpt>
			<trkpt lat="46.1482859050" lon="6.9368173746">
				<ele>2143.2</ele>
				<extensions>
					<swisstopo:routepoint_id>1273667258</swisstopo:routepoint_id>
				</extensions>
			</trkpt>
			<trkpt lat="46.1482809806" lon="6.9367805966">
				<ele>2143.8</ele>
				<extensions>
					<swisstopo:routepoint_id>239394927</swisstopo:routepoint_id>
				</extensions>
			</trkpt>
			<trkpt lat="46.1482772586" lon="6.9367455291">
				<ele>2144.8</ele>
				<extensions>
					<swisstopo:routepoint_id>970195914</swisstopo:routepoint_id>
				</extensions>
			</trkpt>
			<trkpt lat="46.1482782674" lon="6.9367035713">
				<ele>2145.6</ele>
				<extensions>
					<swisstopo:routepoint_id>1014960005</swisstopo:routepoint_id>
				</extensions>
			</trkpt>
			<trkpt lat="46.1482714992" lon="6.9366531294">
				<ele>2146.8</ele>
				<extensions>
					<swisstopo:routepoint_id>1615879881</swisstopo:routepoint_id>
				</extensions>
			</trkpt>
			<trkpt lat="46.1482654231" lon="6.9366240762">
				<ele>2147.3</ele>
				<extensions>
					<swisstopo:routepoint_id>1381068551</swisstopo:routepoint_id>
				</extensions>
			</trkpt>
			<trkpt lat="46.1482713170" lon="6.9366120369">
				<ele>2147.6</ele>
				<extensions>
					<swisstopo:routepoint_id>345964140</swisstopo:routepoint_id>
				</extensions>
			</trkpt>
			<trkpt lat="46.1482951558" lon="6.9366212277">
				<ele>2148.9</ele>
				<extensions>
					<swisstopo:routepoint_id>1056704690</swisstopo:routepoint_id>
				</extensions>
			</trkpt>
			<trkpt lat="46.1483279348" lon="6.9366337666">
				<ele>2150.0</ele>
				<extensions>
					<swisstopo:routepoint_id>715720391</swisstopo:routepoint_id>
				</extensions>
			</trkpt>
			<trkpt lat="46.1483894061" lon="6.9366742968">
				<ele>2151.3</ele>
				<extensions>
					<swisstopo:routepoint_id>51790718</swisstopo:routepoint_id>
				</extensions>
			</trkpt>
			<trkpt lat="46.1484174821" lon="6.9366980229">
				<ele>2152.0</ele>
				<extensions>
					<swisstopo:routepoint_id>185146403</swisstopo:routepoint_id>
				</extensions>
			</trkpt>
			<trkpt lat="46.1484305936" lon="6.9367030281">
				<ele>2152.4</ele>
				<extensions>
					<swisstopo:routepoint_id>1827167329</swisstopo:routepoint_id>
				</extensions>
			</trkpt>
			<trkpt lat="46.1484634031" lon="6.9367224266">
				<ele>2152.8</ele>
				<extensions>
					<swisstopo:routepoint_id>812107202</swisstopo:routepoint_id>
				</extensions>
			</trkpt>
			<trkpt lat="46.1484852537" lon="6.9366854029">
				<ele>2154.5</ele>
				<extensions>
					<swisstopo:routepoint_id>1258869578</swisstopo:routepoint_id>
				</extensions>
			</trkpt>
			<trkpt lat="46.1484706059" lon="6.9366033488">
				<ele>2156.3</ele>
				<extensions>
					<swisstopo:routepoint_id>1602733757</swisstopo:routepoint_id>
				</extensions>
			</trkpt>
			<trkpt lat="46.1484608343" lon="6.9365452330">
				<ele>2157.0</ele>
				<extensions>
					<swisstopo:routepoint_id>786028122</swisstopo:routepoint_id>
				</extensions>
			</trkpt>
			<trkpt lat="46.1484713338" lon="6.9364980365">
				<ele>2157.2</ele>
				<extensions>
					<swisstopo:routepoint_id>1722045763</swisstopo:routepoint_id>
				</extensions>
			</trkpt>
			<trkpt lat="46.1484764976" lon="6.9364560405">
				<ele>2157.7</ele>
				<extensions>
					<swisstopo:routepoint_id>2012018775</swisstopo:routepoint_id>
				</extensions>
			</trkpt>
			<trkpt lat="46.1484898839" lon="6.9363882896">
				<ele>2158.9</ele>
				<extensions>
					<swisstopo:routepoint_id>1532631099</swisstopo:routepoint_id>
				</extensions>
			</trkpt>
			<trkpt lat="46.1485110169" lon="6.9363221765">
				<ele>2159.7</ele>
				<extensions>
					<swisstopo:routepoint_id>171946102</swisstopo:routepoint_id>
				</extensions>
			</trkpt>
			<trkpt lat="46.1485172575" lon="6.9362536241">
				<ele>2160.4</ele>
				<extensions>
					<swisstopo:routepoint_id>1102053811</swisstopo:routepoint_id>
				</extensions>
			</trkpt>
			<trkpt lat="46.1485222997" lon="6.9361842285">
				<ele>2160.8</ele>
				<extensions>
					<swisstopo:routepoint_id>383129531</swisstopo:routepoint_id>
				</extensions>
			</trkpt>
			<trkpt lat="46.1485207795" lon="6.9361089002">
				<ele>2161.2</ele>
				<extensions>
					<swisstopo:routepoint_id>1551700157</swisstopo:routepoint_id>
				</extensions>
			</trkpt>
			<trkpt lat="46.1485277644" lon="6.9360754555">
				<ele>2161.1</ele>
				<extensions>
					<swisstopo:routepoint_id>1389114442</swisstopo:routepoint_id>
				</extensions>
			</trkpt>
			<trkpt lat="46.1485341504" lon="6.9360377197">
				<ele>2161.4</ele>
				<extensions>
					<swisstopo:routepoint_id>465815851</swisstopo:routepoint_id>
				</extensions>
			</trkpt>
			<trkpt lat="46.1485391088" lon="6.9359494922">
				<ele>2162.2</ele>
				<extensions>
					<swisstopo:routepoint_id>128311977</swisstopo:routepoint_id>
				</extensions>
			</trkpt>
			<trkpt lat="46.1485395287" lon="6.9359075396">
				<ele>2162.5</ele>
				<extensions>
					<swisstopo:routepoint_id>1545168564</swisstopo:routepoint_id>
				</extensions>
			</trkpt>
			<trkpt lat="46.1485434874" lon="6.9358612705">
				<ele>2162.7</ele>
				<extensions>
					<swisstopo:routepoint_id>2074872650</swisstopo:routepoint_id>
				</extensions>
			</trkpt>
			<trkpt lat="46.1485575949" lon="6.9358234762">
				<ele>2162.1</ele>
				<extensions>
					<swisstopo:routepoint_id>1682001673</swisstopo:routepoint_id>
				</extensions>
			</trkpt>
			<trkpt lat="46.1485918658" lon="6.9357683598">
				<ele>2162.5</ele>
				<extensions>
					<swisstopo:routepoint_id>1164369191</swisstopo:routepoint_id>
				</extensions>
			</trkpt>
			<trkpt lat="46.1486065479" lon="6.9357254222">
				<ele>2163.2</ele>
				<extensions>
					<swisstopo:routepoint_id>874037753</swisstopo:routepoint_id>
				</extensions>
			</trkpt>
			<trkpt lat="46.1486279453" lon="6.9357209410">
				<ele>2164.1</ele>
				<extensions>
					<swisstopo:routepoint_id>304918785</swisstopo:routepoint_id>
				</extensions>
			</trkpt>
			<trkpt lat="46.1486588043" lon="6.9357026796">
				<ele>2165.5</ele>
				<extensions>
					<swisstopo:routepoint_id>439685616</swisstopo:routepoint_id>
				</extensions>
			</trkpt>
			<trkpt lat="46.1486705058" lon="6.9356571931">
				<ele>2166.2</ele>
				<extensions>
					<swisstopo:routepoint_id>296204366</swisstopo:routepoint_id>
				</extensions>
			</trkpt>
			<trkpt lat="46.1486869483" lon="6.9356091003">
				<ele>2167.5</ele>
				<extensions>
					<swisstopo:routepoint_id>1261649892</swisstopo:routepoint_id>
				</extensions>
			</trkpt>
			<trkpt lat="46.1486814616" lon="6.9355783333">
				<ele>2168.1</ele>
				<extensions>
					<swisstopo:routepoint_id>1021621551</swisstopo:routepoint_id>
				</extensions>
			</trkpt>
			<trkpt lat="46.1486758065" lon="6.9355116114">
				<ele>2168.5</ele>
				<extensions>
					<swisstopo:routepoint_id>1532316625</swisstopo:routepoint_id>
				</extensions>
			</trkpt>
			<trkpt lat="46.1486816331" lon="6.9354824483">
				<ele>2169.0</ele>
				<extensions>
					<swisstopo:routepoint_id>339073388</swisstopo:routepoint_id>
				</extensions>
			</trkpt>
			<trkpt lat="46.1486867165" lon="6.9354224619">
				<ele>2169.8</ele>
				<extensions>
					<swisstopo:routepoint_id>1806349461</swisstopo:routepoint_id>
				</extensions>
			</trkpt>
			<trkpt lat="46.1486965966" lon="6.9353684370">
				<ele>2170.4</ele>
				<extensions>
					<swisstopo:routepoint_id>1416856371</swisstopo:routepoint_id>
				</extensions>
			</trkpt>
			<trkpt lat="46.1487056841" lon="6.9352724700">
				<ele>2171.1</ele>
				<extensions>
					<swisstopo:routepoint_id>1414149960</swisstopo:routepoint_id>
				</extensions>
			</trkpt>
			<trkpt lat="46.1487159711" lon="6.9351756249">
				<ele>2171.4</ele>
				<extensions>
					<swisstopo:routepoint_id>850797898</swisstopo:routepoint_id>
				</extensions>
			</trkpt>
			<trkpt lat="46.1487287936" lon="6.9351155803">
				<ele>2171.8</ele>
				<extensions>
					<swisstopo:routepoint_id>618217212</swisstopo:routepoint_id>
				</extensions>
			</trkpt>
			<trkpt lat="46.1487399659" lon="6.9350855139">
				<ele>2172.3</ele>
				<extensions>
					<swisstopo:routepoint_id>1018261165</swisstopo:routepoint_id>
				</extensions>
			</trkpt>
			<trkpt lat="46.1487456314" lon="6.9350221046">
				<ele>2173.1</ele>
				<extensions>
					<swisstopo:routepoint_id>840169170</swisstopo:routepoint_id>
				</extensions>
			</trkpt>
			<trkpt lat="46.1487630170" lon="6.9349174932">
				<ele>2174.1</ele>
				<extensions>
					<swisstopo:routepoint_id>1742237145</swisstopo:routepoint_id>
				</extensions>
			</trkpt>
			<trkpt lat="46.1487764099" lon="6.9348514500">
				<ele>2174.9</ele>
				<extensions>
					<swisstopo:routepoint_id>1403691920</swisstopo:routepoint_id>
				</extensions>
			</trkpt>
			<trkpt lat="46.1487778962" lon="6.9347846623">
				<ele>2175.9</ele>
				<extensions>
					<swisstopo:routepoint_id>43781942</swisstopo:routepoint_id>
				</extensions>
			</trkpt>
			<trkpt lat="46.1487901439" lon="6.9347297609">
				<ele>2177.0</ele>
				<extensions>
					<swisstopo:routepoint_id>2014985476</swisstopo:routepoint_id>
				</extensions>
			</trkpt>
			<trkpt lat="46.1488233567" lon="6.9347054713">
				<ele>2178.2</ele>
				<extensions>
					<swisstopo:routepoint_id>534978374</swisstopo:routepoint_id>
				</extensions>
			</trkpt>
			<trkpt lat="46.1488367469" lon="6.9346368653">
				<ele>2179.7</ele>
				<extensions>
					<swisstopo:routepoint_id>450815570</swisstopo:routepoint_id>
				</extensions>
			</trkpt>
			<trkpt lat="46.1488509112" lon="6.9346119097">
				<ele>2180.2</ele>
				<extensions>
					<swisstopo:routepoint_id>1289513642</swisstopo:routepoint_id>
				</extensions>
			</trkpt>
			<trkpt lat="46.1488572613" lon="6.9345681809">
				<ele>2181.0</ele>
				<extensions>
					<swisstopo:routepoint_id>1430625122</swisstopo:routepoint_id>
				</extensions>
			</trkpt>
			<trkpt lat="46.1488718297" lon="6.9344978426">
				<ele>2182.4</ele>
				<extensions>
					<swisstopo:routepoint_id>773368338</swisstopo:routepoint_id>
				</extensions>
			</trkpt>
			<trkpt lat="46.1489108447" lon="6.9344409730">
				<ele>2183.4</ele>
				<extensions>
					<swisstopo:routepoint_id>1562456322</swisstopo:routepoint_id>
				</extensions>
			</trkpt>
			<trkpt lat="46.1489368661" lon="6.9344056312">
				<ele>2184.1</ele>
				<extensions>
					<swisstopo:routepoint_id>352491364</swisstopo:routepoint_id>
				</extensions>
			</trkpt>
			<trkpt lat="46.1489754107" lon="6.9343753125">
				<ele>2185.1</ele>
				<extensions>
					<swisstopo:routepoint_id>623298490</swisstopo:routepoint_id>
				</extensions>
			</trkpt>
			<trkpt lat="46.1490031925" lon="6.9343348288">
				<ele>2186.1</ele>
				<extensions>
					<swisstopo:routepoint_id>1460228858</swisstopo:routepoint_id>
				</extensions>
			</trkpt>
			<trkpt lat="46.1490101474" lon="6.9342928026">
				<ele>2186.7</ele>
				<extensions>
					<swisstopo:routepoint_id>1211504295</swisstopo:routepoint_id>
				</extensions>
			</trkpt>
			<trkpt lat="46.1490181828" lon="6.9342250998">
				<ele>2188.3</ele>
				<extensions>
					<swisstopo:routepoint_id>710107582</swisstopo:routepoint_id>
				</extensions>
			</trkpt>
			<trkpt lat="46.1490353249" lon="6.9342001167">
				<ele>2189.2</ele>
				<extensions>
					<swisstopo:routepoint_id>1898623765</swisstopo:routepoint_id>
				</extensions>
			</trkpt>
			<trkpt lat="46.1490453835" lon="6.9341863172">
				<ele>2189.6</ele>
				<extensions>
					<swisstopo:routepoint_id>149096481</swisstopo:routepoint_id>
				</extensions>
			</trkpt>
			<trkpt lat="46.1490631561" lon="6.9341707508">
				<ele>2190.4</ele>
				<extensions>
					<swisstopo:routepoint_id>672351285</swisstopo:routepoint_id>
				</extensions>
			</trkpt>
			<trkpt lat="46.1490666017" lon="6.9341416095">
				<ele>2191.1</ele>
				<extensions>
					<swisstopo:routepoint_id>786611631</swisstopo:routepoint_id>
				</extensions>
			</trkpt>
			<trkpt lat="46.1490426205" lon="6.9341024443">
				<ele>2192.1</ele>
				<extensions>
					<swisstopo:routepoint_id>753014086</swisstopo:routepoint_id>
				</extensions>
			</trkpt>
			<trkpt lat="46.1489931313" lon="6.9340797839">
				<ele>2192.7</ele>
				<extensions>
					<swisstopo:routepoint_id>1319430544</swisstopo:routepoint_id>
				</extensions>
			</trkpt>
			<trkpt lat="46.1489453949" lon="6.9340502605">
				<ele>2193.1</ele>
				<extensions>
					<swisstopo:routepoint_id>853603272</swisstopo:routepoint_id>
				</extensions>
			</trkpt>
			<trkpt lat="46.1488845745" lon="6.9340200036">
				<ele>2194.0</ele>
				<extensions>
					<swisstopo:routepoint_id>1856339384</swisstopo:routepoint_id>
				</extensions>
			</trkpt>
			<trkpt lat="46.1488506233" lon="6.9340126024">
				<ele>2194.2</ele>
				<extensions>
					<swisstopo:routepoint_id>840346808</swisstopo:routepoint_id>
				</extensions>
			</trkpt>
			<trkpt lat="46.1488177296" lon="6.9339743867">
				<ele>2194.8</ele>
				<extensions>
					<swisstopo:routepoint_id>1378339171</swisstopo:routepoint_id>
				</extensions>
			</trkpt>
			<trkpt lat="46.1487215297" lon="6.9338862377">
				<ele>2196.2</ele>
				<extensions>
					<swisstopo:routepoint_id>1510871957</swisstopo:routepoint_id>
				</extensions>
			</trkpt>
			<trkpt lat="46.1486719756" lon="6.9338490173">
				<ele>2197.3</ele>
				<extensions>
					<swisstopo:routepoint_id>1311298153</swisstopo:routepoint_id>
				</extensions>
			</trkpt>
			<trkpt lat="46.1485908548" lon="6.9338052542">
				<ele>2197.8</ele>
				<extensions>
					<swisstopo:routepoint_id>1143520108</swisstopo:routepoint_id>
				</extensions>
			</trkpt>
			<trkpt lat="46.1485294065" lon="6.9337681434">
				<ele>2199.3</ele>
				<extensions>
					<swisstopo:routepoint_id>504133189</swisstopo:routepoint_id>
				</extensions>
			</trkpt>
			<trkpt lat="46.1484839590" lon="6.9337180587">
				<ele>2200.8</ele>
				<extensions>
					<swisstopo:routepoint_id>723609450</swisstopo:routepoint_id>
				</extensions>
			</trkpt>
			<trkpt lat="46.1484653868" lon="6.9336882537">
				<ele>2200.3</ele>
				<extensions>
					<swisstopo:routepoint_id>1281224617</swisstopo:routepoint_id>
				</extensions>
			</trkpt>
			<trkpt lat="46.1484662559" lon="6.9336171880">
				<ele>2200.6</ele>
				<extensions>
					<swisstopo:routepoint_id>229812389</swisstopo:routepoint_id>
				</extensions>
			</trkpt>
			<trkpt lat="46.1484616492" lon="6.9335179178">
				<ele>2201.3</ele>
				<extensions>
					<swisstopo:routepoint_id>506889834</swisstopo:routepoint_id>
				</extensions>
			</trkpt>
			<trkpt lat="46.1484470958" lon="6.9334555627">
				<ele>2201.6</ele>
				<extensions>
					<swisstopo:routepoint_id>44367449</swisstopo:routepoint_id>
				</extensions>
			</trkpt>
			<trkpt lat="46.1484312636" lon="6.9333743743">
				<ele>2204.4</ele>
				<extensions>
					<swisstopo:routepoint_id>381022229</swisstopo:routepoint_id>
				</extensions>
			</trkpt>
			<trkpt lat="46.1484166936" lon="6.9333102980">
				<ele>2206.0</ele>
				<extensions>
					<swisstopo:routepoint_id>1760225843</swisstopo:routepoint_id>
				</extensions>
			</trkpt>
			<trkpt lat="46.1484146888" lon="6.9332606537">
				<ele>2207.4</ele>
				<extensions>
					<swisstopo:routepoint_id>1076338132</swisstopo:routepoint_id>
				</extensions>
			</trkpt>
			<trkpt lat="46.1484286121" lon="6.9331817663">
				<ele>2209.2</ele>
				<extensions>
					<swisstopo:routepoint_id>2143714493</swisstopo:routepoint_id>
				</extensions>
			</trkpt>
			<trkpt lat="46.1484225924" lon="6.9331655524">
				<ele>2208.7</ele>
				<extensions>
					<swisstopo:routepoint_id>2091646548</swisstopo:routepoint_id>
				</extensions>
			</trkpt>
			<trkpt lat="46.1484283409" lon="6.9331209880">
				<ele>2209.0</ele>
				<extensions>
					<swisstopo:routepoint_id>858121279</swisstopo:routepoint_id>
				</extensions>
			</trkpt>
			<trkpt lat="46.1484103685" lon="6.9330937534">
				<ele>2208.8</ele>
				<extensions>
					<swisstopo:routepoint_id>1168920005</swisstopo:routepoint_id>
				</extensions>
			</trkpt>
			<trkpt lat="46.1483788095" lon="6.9330889065">
				<ele>2208.8</ele>
				<extensions>
					<swisstopo:routepoint_id>210128639</swisstopo:routepoint_id>
				</extensions>
			</trkpt>
			<trkpt lat="46.1483387889" lon="6.9330541746">
				<ele>2209.8</ele>
				<extensions>
					<swisstopo:routepoint_id>1380090498</swisstopo:routepoint_id>
				</extensions>
			</trkpt>
			<trkpt lat="46.1483148581" lon="6.9330244324">
				<ele>2209.9</ele>
				<extensions>
					<swisstopo:routepoint_id>1611429545</swisstopo:routepoint_id>
				</extensions>
			</trkpt>
			<trkpt lat="46.1482999860" lon="6.9330245698">
				<ele>2209.8</ele>
				<extensions>
					<swisstopo:routepoint_id>751657657</swisstopo:routepoint_id>
				</extensions>
			</trkpt>
			<trkpt lat="46.1482714392" lon="6.9330273963">
				<ele>2209.9</ele>
				<extensions>
					<swisstopo:routepoint_id>1023891124</swisstopo:routepoint_id>
				</extensions>
			</trkpt>
			<trkpt lat="46.1482416405" lon="6.9330174078">
				<ele>2210.6</ele>
				<extensions>
					<swisstopo:routepoint_id>790210196</swisstopo:routepoint_id>
				</extensions>
			</trkpt>
			<trkpt lat="46.1482158679" lon="6.9329765516">
				<ele>2212.0</ele>
				<extensions>
					<swisstopo:routepoint_id>365989372</swisstopo:routepoint_id>
				</extensions>
			</trkpt>
			<trkpt lat="46.1481787400" lon="6.9329246694">
				<ele>2211.6</ele>
				<extensions>
					<swisstopo:routepoint_id>1653789899</swisstopo:routepoint_id>
				</extensions>
			</trkpt>
			<trkpt lat="46.1481469259" lon="6.9328607529">
				<ele>2211.2</ele>
				<extensions>
					<swisstopo:routepoint_id>819507730</swisstopo:routepoint_id>
				</extensions>
			</trkpt>
			<trkpt lat="46.1481211379" lon="6.9328164673">
				<ele>2211.3</ele>
				<extensions>
					<swisstopo:routepoint_id>1619062581</swisstopo:routepoint_id>
				</extensions>
			</trkpt>
			<trkpt lat="46.1480899009" lon="6.9327499828">
				<ele>2212.3</ele>
				<extensions>
					<swisstopo:routepoint_id>1440611037</swisstopo:routepoint_id>
				</extensions>
			</trkpt>
			<trkpt lat="46.1480599147" lon="6.9326980349">
				<ele>2213.3</ele>
				<extensions>
					<swisstopo:routepoint_id>1020865560</swisstopo:routepoint_id>
				</extensions>
			</trkpt>
			<trkpt lat="46.1480465849" lon="6.9326442245">
				<ele>2214.3</ele>
				<extensions>
					<swisstopo:routepoint_id>205647769</swisstopo:routepoint_id>
				</extensions>
			</trkpt>
			<trkpt lat="46.1480434081" lon="6.9325997298">
				<ele>2214.1</ele>
				<extensions>
					<swisstopo:routepoint_id>626356309</swisstopo:routepoint_id>
				</extensions>
			</trkpt>
			<trkpt lat="46.1480550624" lon="6.9325439799">
				<ele>2215.3</ele>
				<extensions>
					<swisstopo:routepoint_id>272194117</swisstopo:routepoint_id>
				</extensions>
			</trkpt>
			<trkpt lat="46.1480793000" lon="6.9325086543">
				<ele>2216.4</ele>
				<extensions>
					<swisstopo:routepoint_id>2017043437</swisstopo:routepoint_id>
				</extensions>
			</trkpt>
			<trkpt lat="46.1480976671" lon="6.9324905064">
				<ele>2217.2</ele>
				<extensions>
					<swisstopo:routepoint_id>199190609</swisstopo:routepoint_id>
				</extensions>
			</trkpt>
			<trkpt lat="46.1480975713" lon="6.9324690996">
				<ele>2217.0</ele>
				<extensions>
					<swisstopo:routepoint_id>1059634740</swisstopo:routepoint_id>
				</extensions>
			</trkpt>
			<trkpt lat="46.1480855356" lon="6.9324375393">
				<ele>2217.1</ele>
				<extensions>
					<swisstopo:routepoint_id>242959841</swisstopo:routepoint_id>
				</extensions>
			</trkpt>
			<trkpt lat="46.1480681873" lon="6.9324162920">
				<ele>2217.0</ele>
				<extensions>
					<swisstopo:routepoint_id>38729726</swisstopo:routepoint_id>
				</extensions>
			</trkpt>
			<trkpt lat="46.1480471145" lon="6.9323616991">
				<ele>2216.7</ele>
				<extensions>
					<swisstopo:routepoint_id>1918516433</swisstopo:routepoint_id>
				</extensions>
			</trkpt>
			<trkpt lat="46.1480398733" lon="6.9323395040">
				<ele>2216.7</ele>
				<extensions>
					<swisstopo:routepoint_id>1191343402</swisstopo:routepoint_id>
				</extensions>
			</trkpt>
			<trkpt lat="46.1480105531" lon="6.9323029653">
				<ele>2216.6</ele>
				<extensions>
					<swisstopo:routepoint_id>374318495</swisstopo:routepoint_id>
				</extensions>
			</trkpt>
			<trkpt lat="46.1479890053" lon="6.9322757643">
				<ele>2216.8</ele>
				<extensions>
					<swisstopo:routepoint_id>1279287237</swisstopo:routepoint_id>
				</extensions>
			</trkpt>
			<trkpt lat="46.1479585720" lon="6.9322554926">
				<ele>2216.4</ele>
				<extensions>
					<swisstopo:routepoint_id>410994627</swisstopo:routepoint_id>
				</extensions>
			</trkpt>
			<trkpt lat="46.1479209968" lon="6.9322352996">
				<ele>2216.7</ele>
				<extensions>
					<swisstopo:routepoint_id>465885427</swisstopo:routepoint_id>
				</extensions>
			</trkpt>
			<trkpt lat="46.1479184363" lon="6.9321950836">
				<ele>2218.2</ele>
				<extensions>
					<swisstopo:routepoint_id>376575248</swisstopo:routepoint_id>
				</extensions>
			</trkpt>
			<trkpt lat="46.1479056604" lon="6.9321335543">
				<ele>2220.0</ele>
				<extensions>
					<swisstopo:routepoint_id>1570610196</swisstopo:routepoint_id>
				</extensions>
			</trkpt>
			<trkpt lat="46.1478827785" lon="6.9320712773">
				<ele>2219.8</ele>
				<extensions>
					<swisstopo:routepoint_id>322848474</swisstopo:routepoint_id>
				</extensions>
			</trkpt>
			<trkpt lat="46.1478573770" lon="6.9319799020">
				<ele>2220.5</ele>
				<extensions>
					<swisstopo:routepoint_id>1315188435</swisstopo:routepoint_id>
				</extensions>
			</trkpt>
			<trkpt lat="46.1478332544" lon="6.9319073599">
				<ele>2221.3</ele>
				<extensions>
					<swisstopo:routepoint_id>97441407</swisstopo:routepoint_id>
				</extensions>
			</trkpt>
			<trkpt lat="46.1478218148" lon="6.9318775028">
				<ele>2222.0</ele>
				<extensions>
					<swisstopo:routepoint_id>2065203524</swisstopo:routepoint_id>
				</extensions>
			</trkpt>
			<trkpt lat="46.1478032859" lon="6.9318614051">
				<ele>2223.1</ele>
				<extensions>
					<swisstopo:routepoint_id>159456019</swisstopo:routepoint_id>
				</extensions>
			</trkpt>
			<trkpt lat="46.1477616809" lon="6.9318712128">
				<ele>2223.3</ele>
				<extensions>
					<swisstopo:routepoint_id>1203632737</swisstopo:routepoint_id>
				</extensions>
			</trkpt>
			<trkpt lat="46.1477502757" lon="6.9318490566">
				<ele>2223.9</ele>
				<extensions>
					<swisstopo:routepoint_id>1450935946</swisstopo:routepoint_id>
				</extensions>
			</trkpt>
			<trkpt lat="46.1477507439" lon="6.9318182221">
				<ele>2225.6</ele>
				<extensions>
					<swisstopo:routepoint_id>836617265</swisstopo:routepoint_id>
				</extensions>
			</trkpt>
			<trkpt lat="46.1477434298" lon="6.9317797715">
				<ele>2226.7</ele>
				<extensions>
					<swisstopo:routepoint_id>1403254717</swisstopo:routepoint_id>
				</extensions>
			</trkpt>
			<trkpt lat="46.1477534411" lon="6.9317574169">
				<ele>2227.4</ele>
				<extensions>
					<swisstopo:routepoint_id>332293731</swisstopo:routepoint_id>
				</extensions>
			</trkpt>
			<trkpt lat="46.1477831403" lon="6.9317451566">
				<ele>2229.3</ele>
				<extensions>
					<swisstopo:routepoint_id>83200104</swisstopo:routepoint_id>
				</extensions>
			</trkpt>
			<trkpt lat="46.1477913186" lon="6.9317116880">
				<ele>2230.1</ele>
				<extensions>
					<swisstopo:routepoint_id>216324925</swisstopo:routepoint_id>
				</extensions>
			</trkpt>
			<trkpt lat="46.1478186860" lon="6.9317123016">
				<ele>2231.3</ele>
				<extensions>
					<swisstopo:routepoint_id>763202008</swisstopo:routepoint_id>
				</extensions>
			</trkpt>
			<trkpt lat="46.1478389817" lon="6.9317266615">
				<ele>2232.0</ele>
				<extensions>
					<swisstopo:routepoint_id>980065614</swisstopo:routepoint_id>
				</extensions>
			</trkpt>
			<trkpt lat="46.1478550332" lon="6.9317230829">
				<ele>2232.6</ele>
				<extensions>
					<swisstopo:routepoint_id>1236647040</swisstopo:routepoint_id>
				</extensions>
			</trkpt>
			<trkpt lat="46.1478567179" lon="6.9316990970">
				<ele>2233.3</ele>
				<extensions>
					<swisstopo:routepoint_id>1893671940</swisstopo:routepoint_id>
				</extensions>
			</trkpt>
			<trkpt lat="46.1478441383" lon="6.9316795272">
				<ele>2233.6</ele>
				<extensions>
					<swisstopo:routepoint_id>845459956</swisstopo:routepoint_id>
				</extensions>
			</trkpt>
			<trkpt lat="46.1478445123" lon="6.9316315829">
				<ele>2234.1</ele>
				<extensions>
					<swisstopo:routepoint_id>1405427387</swisstopo:routepoint_id>
				</extensions>
			</trkpt>
			<trkpt lat="46.1478633680" lon="6.9315911684">
				<ele>2235.3</ele>
				<extensions>
					<swisstopo:routepoint_id>1774597389</swisstopo:routepoint_id>
				</extensions>
			</trkpt>
			<trkpt lat="46.1478709768" lon="6.9315619891">
				<ele>2235.9</ele>
				<extensions>
					<swisstopo:routepoint_id>1584365106</swisstopo:routepoint_id>
				</extensions>
			</trkpt>
			<trkpt lat="46.1478884359" lon="6.9314745010">
				<ele>2237.5</ele>
				<extensions>
					<swisstopo:routepoint_id>143839083</swisstopo:routepoint_id>
				</extensions>
			</trkpt>
			<trkpt lat="46.1478977550" lon="6.9314290364">
				<ele>2238.8</ele>
				<extensions>
					<swisstopo:routepoint_id>701738801</swisstopo:routepoint_id>
				</extensions>
			</trkpt>
			<trkpt lat="46.1479077011" lon="6.9313921344">
				<ele>2239.6</ele>
				<extensions>
					<swisstopo:routepoint_id>456064192</swisstopo:routepoint_id>
				</extensions>
			</trkpt>
			<trkpt lat="46.1478931147" lon="6.9313246424">
				<ele>2239.8</ele>
				<extensions>
					<swisstopo:routepoint_id>1960195317</swisstopo:routepoint_id>
				</extensions>
			</trkpt>
			<trkpt lat="46.1478714254" lon="6.9312631968">
				<ele>2240.8</ele>
				<extensions>
					<swisstopo:routepoint_id>1149052963</swisstopo:routepoint_id>
				</extensions>
			</trkpt>
			<trkpt lat="46.1478586122" lon="6.9311922571">
				<ele>2243.2</ele>
				<extensions>
					<swisstopo:routepoint_id>1015865059</swisstopo:routepoint_id>
				</extensions>
			</trkpt>
			<trkpt lat="46.1478511597" lon="6.9311229788">
				<ele>2243.8</ele>
				<extensions>
					<swisstopo:routepoint_id>577084073</swisstopo:routepoint_id>
				</extensions>
			</trkpt>
			<trkpt lat="46.1478577491" lon="6.9309996354">
				<ele>2245.7</ele>
				<extensions>
					<swisstopo:routepoint_id>1534973412</swisstopo:routepoint_id>
				</extensions>
			</trkpt>
			<trkpt lat="46.1478484441" lon="6.9309166793">
				<ele>2245.9</ele>
				<extensions>
					<swisstopo:routepoint_id>1834530713</swisstopo:routepoint_id>
				</extensions>
			</trkpt>
			<trkpt lat="46.1478393333" lon="6.9308748160">
				<ele>2246.6</ele>
				<extensions>
					<swisstopo:routepoint_id>1349649361</swisstopo:routepoint_id>
				</extensions>
			</trkpt>
			<trkpt lat="46.1478362232" lon="6.9308431605">
				<ele>2247.3</ele>
				<extensions>
					<swisstopo:routepoint_id>1326876887</swisstopo:routepoint_id>
				</extensions>
			</trkpt>
			<trkpt lat="46.1478382402" lon="6.9307635294">
				<ele>2247.8</ele>
				<extensions>
					<swisstopo:routepoint_id>706664571</swisstopo:routepoint_id>
				</extensions>
			</trkpt>
			<trkpt lat="46.1478255738" lon="6.9307251151">
				<ele>2248.8</ele>
				<extensions>
					<swisstopo:routepoint_id>1756156477</swisstopo:routepoint_id>
				</extensions>
			</trkpt>
			<trkpt lat="46.1478050361" lon="6.9306568242">
				<ele>2249.7</ele>
				<extensions>
					<swisstopo:routepoint_id>652386516</swisstopo:routepoint_id>
				</extensions>
			</trkpt>
			<trkpt lat="46.1477834687" lon="6.9306236321">
				<ele>2250.0</ele>
				<extensions>
					<swisstopo:routepoint_id>1344595871</swisstopo:routepoint_id>
				</extensions>
			</trkpt>
			<trkpt lat="46.1477617735" lon="6.9305621854">
				<ele>2250.1</ele>
				<extensions>
					<swisstopo:routepoint_id>998755089</swisstopo:routepoint_id>
				</extensions>
			</trkpt>
			<trkpt lat="46.1477419181" lon="6.9305135761">
				<ele>2250.7</ele>
				<extensions>
					<swisstopo:routepoint_id>486236332</swisstopo:routepoint_id>
				</extensions>
			</trkpt>
			<trkpt lat="46.1477244273" lon="6.9304606585">
				<ele>2251.4</ele>
				<extensions>
					<swisstopo:routepoint_id>703803544</swisstopo:routepoint_id>
				</extensions>
			</trkpt>
			<trkpt lat="46.1477099045" lon="6.9304077149">
				<ele>2252.5</ele>
				<extensions>
					<swisstopo:routepoint_id>1420879512</swisstopo:routepoint_id>
				</extensions>
			</trkpt>
			<trkpt lat="46.1476900720" lon="6.9303642293">
				<ele>2252.3</ele>
				<extensions>
					<swisstopo:routepoint_id>723280676</swisstopo:routepoint_id>
				</extensions>
			</trkpt>
			<trkpt lat="46.1476821326" lon="6.9303189379">
				<ele>2251.5</ele>
				<extensions>
					<swisstopo:routepoint_id>31475234</swisstopo:routepoint_id>
				</extensions>
			</trkpt>
			<trkpt lat="46.1476831747" lon="6.9302846812">
				<ele>2251.5</ele>
				<extensions>
					<swisstopo:routepoint_id>909619061</swisstopo:routepoint_id>
				</extensions>
			</trkpt>
			<trkpt lat="46.1476811581" lon="6.9302341842">
				<ele>2251.7</ele>
				<extensions>
					<swisstopo:routepoint_id>1894291348</swisstopo:routepoint_id>
				</extensions>
			</trkpt>
			<trkpt lat="46.1476839208" lon="6.9301862166">
				<ele>2253.7</ele>
				<extensions>
					<swisstopo:routepoint_id>1635353722</swisstopo:routepoint_id>
				</extensions>
			</trkpt>
			<trkpt lat="46.1476804447" lon="6.9301594055">
				<ele>2253.7</ele>
				<extensions>
					<swisstopo:routepoint_id>1596367499</swisstopo:routepoint_id>
				</extensions>
			</trkpt>
			<trkpt lat="46.1476425746" lon="6.9301215368">
				<ele>2252.8</ele>
				<extensions>
					<swisstopo:routepoint_id>1913370411</swisstopo:routepoint_id>
				</extensions>
			</trkpt>
			<trkpt lat="46.1476287506" lon="6.9300899937">
				<ele>2253.2</ele>
				<extensions>
					<swisstopo:routepoint_id>1315666389</swisstopo:routepoint_id>
				</extensions>
			</trkpt>
			<trkpt lat="46.1476241538" lon="6.9300620682">
				<ele>2253.7</ele>
				<extensions>
					<swisstopo:routepoint_id>471177954</swisstopo:routepoint_id>
				</extensions>
			</trkpt>
			<trkpt lat="46.1476407443" lon="6.9300464984">
				<ele>2254.5</ele>
				<extensions>
					<swisstopo:routepoint_id>526581263</swisstopo:routepoint_id>
				</extensions>
			</trkpt>
			<trkpt lat="46.1476531440" lon="6.9300232670">
				<ele>2255.0</ele>
				<extensions>
					<swisstopo:routepoint_id>437654434</swisstopo:routepoint_id>
				</extensions>
			</trkpt>
			<trkpt lat="46.1476565505" lon="6.9299885617">
				<ele>2255.4</ele>
				<extensions>
					<swisstopo:routepoint_id>2033919340</swisstopo:routepoint_id>
				</extensions>
			</trkpt>
			<trkpt lat="46.1476542950" lon="6.9299492103">
				<ele>2255.6</ele>
				<extensions>
					<swisstopo:routepoint_id>121122207</swisstopo:routepoint_id>
				</extensions>
			</trkpt>
			<trkpt lat="46.1476536986" lon="6.9298824299">
				<ele>2255.7</ele>
				<extensions>
					<swisstopo:routepoint_id>1213341217</swisstopo:routepoint_id>
				</extensions>
			</trkpt>
			<trkpt lat="46.1476586002" lon="6.9298481373">
				<ele>2255.9</ele>
				<extensions>
					<swisstopo:routepoint_id>2058497941</swisstopo:routepoint_id>
				</extensions>
			</trkpt>
			<trkpt lat="46.1476679267" lon="6.9298056748">
				<ele>2256.4</ele>
				<extensions>
					<swisstopo:routepoint_id>1781408224</swisstopo:routepoint_id>
				</extensions>
			</trkpt>
			<trkpt lat="46.1476757622" lon="6.9296955868">
				<ele>2256.8</ele>
				<extensions>
					<swisstopo:routepoint_id>1590243077</swisstopo:routepoint_id>
				</extensions>
			</trkpt>
			<trkpt lat="46.1476841704" lon="6.9296450056">
				<ele>2257.4</ele>
				<extensions>
					<swisstopo:routepoint_id>170544025</swisstopo:routepoint_id>
				</extensions>
			</trkpt>
			<trkpt lat="46.1476833483" lon="6.9295962180">
				<ele>2257.1</ele>
				<extensions>
					<swisstopo:routepoint_id>172503925</swisstopo:routepoint_id>
				</extensions>
			</trkpt>
			<trkpt lat="46.1476865458" lon="6.9295131334">
				<ele>2256.9</ele>
				<extensions>
					<swisstopo:routepoint_id>1871248320</swisstopo:routepoint_id>
				</extensions>
			</trkpt>
			<trkpt lat="46.1476954587" lon="6.9293765017">
				<ele>2256.3</ele>
				<extensions>
					<swisstopo:routepoint_id>301911562</swisstopo:routepoint_id>
				</extensions>
			</trkpt>
			<trkpt lat="46.1476986754" lon="6.9292977144">
				<ele>2255.8</ele>
				<extensions>
					<swisstopo:routepoint_id>1010575955</swisstopo:routepoint_id>
				</extensions>
			</trkpt>
			<trkpt lat="46.1477153949" lon="6.9292449069">
				<ele>2256.2</ele>
				<extensions>
					<swisstopo:routepoint_id>2099628837</swisstopo:routepoint_id>
				</extensions>
			</trkpt>
			<trkpt lat="46.1477306248" lon="6.9291929680">
				<ele>2256.2</ele>
				<extensions>
					<swisstopo:routepoint_id>646146067</swisstopo:routepoint_id>
				</extensions>
			</trkpt>
			<trkpt lat="46.1477425832" lon="6.9291397766">
				<ele>2256.8</ele>
				<extensions>
					<swisstopo:routepoint_id>78746717</swisstopo:routepoint_id>
				</extensions>
			</trkpt>
			<trkpt lat="46.1477412479" lon="6.9291068233">
				<ele>2257.4</ele>
				<extensions>
					<swisstopo:routepoint_id>1879164678</swisstopo:routepoint_id>
				</extensions>
			</trkpt>
			<trkpt lat="46.1477296831" lon="6.9290495677">
				<ele>2257.2</ele>
				<extensions>
					<swisstopo:routepoint_id>485905396</swisstopo:routepoint_id>
				</extensions>
			</trkpt>
			<trkpt lat="46.1477163112" lon="6.9289867770">
				<ele>2257.4</ele>
				<extensions>
					<swisstopo:routepoint_id>1188191607</swisstopo:routepoint_id>
				</extensions>
			</trkpt>
			<trkpt lat="46.1477160569" lon="6.9289302709">
				<ele>2257.6</ele>
				<extensions>
					<swisstopo:routepoint_id>848740083</swisstopo:routepoint_id>
				</extensions>
			</trkpt>
			<trkpt lat="46.1477325259" lon="6.9288877415">
				<ele>2258.2</ele>
				<extensions>
					<swisstopo:routepoint_id>316416865</swisstopo:routepoint_id>
				</extensions>
			</trkpt>
			<trkpt lat="46.1477533330" lon="6.9288177723">
				<ele>2259.0</ele>
				<extensions>
					<swisstopo:routepoint_id>1099890263</swisstopo:routepoint_id>
				</extensions>
			</trkpt>
			<trkpt lat="46.1477718073" lon="6.9287572475">
				<ele>2259.3</ele>
				<extensions>
					<swisstopo:routepoint_id>2113178107</swisstopo:routepoint_id>
				</extensions>
			</trkpt>
			<trkpt lat="46.1477885669" lon="6.9287134215">
				<ele>2258.9</ele>
				<extensions>
					<swisstopo:routepoint_id>122021335</swisstopo:routepoint_id>
				</extensions>
			</trkpt>
			<trkpt lat="46.1478062760" lon="6.9286807299">
				<ele>2258.8</ele>
				<extensions>
					<swisstopo:routepoint_id>1254612004</swisstopo:routepoint_id>
				</extensions>
			</trkpt>
			<trkpt lat="46.1478170461" lon="6.9286292590">
				<ele>2258.6</ele>
				<extensions>
					<swisstopo:routepoint_id>163496531</swisstopo:routepoint_id>
				</extensions>
			</trkpt>
			<trkpt lat="46.1478298573" lon="6.9285657849">
				<ele>2259.0</ele>
				<extensions>
					<swisstopo:routepoint_id>2021125711</swisstopo:routepoint_id>
				</extensions>
			</trkpt>
			<trkpt lat="46.1478281615" lon="6.9285208494">
				<ele>2258.8</ele>
				<extensions>
					<swisstopo:routepoint_id>1058720958</swisstopo:routepoint_id>
				</extensions>
			</trkpt>
			<trkpt lat="46.1478184133" lon="6.9284695824">
				<ele>2258.4</ele>
				<extensions>
					<swisstopo:routepoint_id>830844136</swisstopo:routepoint_id>
				</extensions>
			</trkpt>
			<trkpt lat="46.1478215605" lon="6.9284412986">
				<ele>2258.6</ele>
				<extensions>
					<swisstopo:routepoint_id>1382427347</swisstopo:routepoint_id>
				</extensions>
			</trkpt>
			<trkpt lat="46.1478277431" lon="6.9284279742">
				<ele>2259.1</ele>
				<extensions>
					<swisstopo:routepoint_id>1865826063</swisstopo:routepoint_id>
				</extensions>
			</trkpt>
			<trkpt lat="46.1478296416" lon="6.9283859960">
				<ele>2259.5</ele>
				<extensions>
					<swisstopo:routepoint_id>2076552780</swisstopo:routepoint_id>
				</extensions>
			</trkpt>
			<trkpt lat="46.1478256188" lon="6.9283517991">
				<ele>2259.5</ele>
				<extensions>
					<swisstopo:routepoint_id>317512104</swisstopo:routepoint_id>
				</extensions>
			</trkpt>
			<trkpt lat="46.1478299772" lon="6.9283286421">
				<ele>2259.7</ele>
				<extensions>
					<swisstopo:routepoint_id>915002553</swisstopo:routepoint_id>
				</extensions>
			</trkpt>
			<trkpt lat="46.1478333437" lon="6.9282832328">
				<ele>2260.1</ele>
				<extensions>
					<swisstopo:routepoint_id>1227699047</swisstopo:routepoint_id>
				</extensions>
			</trkpt>
			<trkpt lat="46.1478391488" lon="6.9282519335">
				<ele>2260.4</ele>
				<extensions>
					<swisstopo:routepoint_id>746779445</swisstopo:routepoint_id>
				</extensions>
			</trkpt>
			<trkpt lat="46.1478503514" lon="6.9282287127">
				<ele>2260.9</ele>
				<extensions>
					<swisstopo:routepoint_id>371353261</swisstopo:routepoint_id>
				</extensions>
			</trkpt>
			<trkpt lat="46.1478692916" lon="6.9282058479">
				<ele>2261.6</ele>
				<extensions>
					<swisstopo:routepoint_id>1459830548</swisstopo:routepoint_id>
				</extensions>
			</trkpt>
			<trkpt lat="46.1479102021" lon="6.9281733537">
				<ele>2262.8</ele>
				<extensions>
					<swisstopo:routepoint_id>185996819</swisstopo:routepoint_id>
				</extensions>
			</trkpt>
			<trkpt lat="46.1479460607" lon="6.9281439100">
				<ele>2263.7</ele>
				<extensions>
					<swisstopo:routepoint_id>259262826</swisstopo:routepoint_id>
				</extensions>
			</trkpt>
			<trkpt lat="46.1479581345" lon="6.9281164103">
				<ele>2263.6</ele>
				<extensions>
					<swisstopo:routepoint_id>1805322527</swisstopo:routepoint_id>
				</extensions>
			</trkpt>
			<trkpt lat="46.1479613163" lon="6.9280958269">
				<ele>2263.3</ele>
				<extensions>
					<swisstopo:routepoint_id>1546418303</swisstopo:routepoint_id>
				</extensions>
			</trkpt>
			<trkpt lat="46.1479465838" lon="6.9280604359">
				<ele>2263.5</ele>
				<extensions>
					<swisstopo:routepoint_id>1580135015</swisstopo:routepoint_id>
				</extensions>
			</trkpt>
			<trkpt lat="46.1479431821" lon="6.9280322133">
				<ele>2264.0</ele>
				<extensions>
					<swisstopo:routepoint_id>1121175799</swisstopo:routepoint_id>
				</extensions>
			</trkpt>
			<trkpt lat="46.1479475277" lon="6.9280064937">
				<ele>2264.5</ele>
				<extensions>
					<swisstopo:routepoint_id>851291559</swisstopo:routepoint_id>
				</extensions>
			</trkpt>
			<trkpt lat="46.1479537125" lon="6.9279914484">
				<ele>2265.0</ele>
				<extensions>
					<swisstopo:routepoint_id>882963247</swisstopo:routepoint_id>
				</extensions>
			</trkpt>
			<trkpt lat="46.1479562085" lon="6.9279524792">
				<ele>2265.6</ele>
				<extensions>
					<swisstopo:routepoint_id>1215814236</swisstopo:routepoint_id>
				</extensions>
			</trkpt>
			<trkpt lat="46.1479683439" lon="6.9279386598">
				<ele>2266.2</ele>
				<extensions>
					<swisstopo:routepoint_id>1299653239</swisstopo:routepoint_id>
				</extensions>
			</trkpt>
			<trkpt lat="46.1479814057" lon="6.9279325451">
				<ele>2267.1</ele>
				<extensions>
					<swisstopo:routepoint_id>939721211</swisstopo:routepoint_id>
				</extensions>
			</trkpt>
			<trkpt lat="46.1479947573" lon="6.9279230110">
				<ele>2267.5</ele>
				<extensions>
					<swisstopo:routepoint_id>1726910288</swisstopo:routepoint_id>
				</extensions>
			</trkpt>
			<trkpt lat="46.1480071506" lon="6.9279006330">
				<ele>2268.5</ele>
				<extensions>
					<swisstopo:routepoint_id>865254875</swisstopo:routepoint_id>
				</extensions>
			</trkpt>
			<trkpt lat="46.1480195353" lon="6.9278761196">
				<ele>2269.1</ele>
				<extensions>
					<swisstopo:routepoint_id>1295799186</swisstopo:routepoint_id>
				</extensions>
			</trkpt>
			<trkpt lat="46.1480268183" lon="6.9278413778">
				<ele>2269.1</ele>
				<extensions>
					<swisstopo:routepoint_id>126700309</swisstopo:routepoint_id>
				</extensions>
			</trkpt>
			<trkpt lat="46.1480254806" lon="6.9278101458">
				<ele>2268.1</ele>
				<extensions>
					<swisstopo:routepoint_id>521322067</swisstopo:routepoint_id>
				</extensions>
			</trkpt>
			<trkpt lat="46.1480211747" lon="6.9277789281">
				<ele>2268.6</ele>
				<extensions>
					<swisstopo:routepoint_id>1347015763</swisstopo:routepoint_id>
				</extensions>
			</trkpt>
			<trkpt lat="46.1480097571" lon="6.9277525016">
				<ele>2269.7</ele>
				<extensions>
					<swisstopo:routepoint_id>701938162</swisstopo:routepoint_id>
				</extensions>
			</trkpt>
			<trkpt lat="46.1480021961" lon="6.9277255992">
				<ele>2270.5</ele>
				<extensions>
					<swisstopo:routepoint_id>1039987585</swisstopo:routepoint_id>
				</extensions>
			</trkpt>
			<trkpt lat="46.1480041550" lon="6.9276990478">
				<ele>2271.4</ele>
				<extensions>
					<swisstopo:routepoint_id>1218251269</swisstopo:routepoint_id>
				</extensions>
			</trkpt>
			<trkpt lat="46.1480215622" lon="6.9276654920">
				<ele>2272.4</ele>
				<extensions>
					<swisstopo:routepoint_id>868035620</swisstopo:routepoint_id>
				</extensions>
			</trkpt>
			<trkpt lat="46.1480372474" lon="6.9276486493">
				<ele>2273.3</ele>
				<extensions>
					<swisstopo:routepoint_id>1833085526</swisstopo:routepoint_id>
				</extensions>
			</trkpt>
			<trkpt lat="46.1480572829" lon="6.9276052321">
				<ele>2275.2</ele>
				<extensions>
					<swisstopo:routepoint_id>1205010048</swisstopo:routepoint_id>
				</extensions>
			</trkpt>
			<trkpt lat="46.1480915653" lon="6.9275535411">
				<ele>2276.9</ele>
				<extensions>
					<swisstopo:routepoint_id>2101429230</swisstopo:routepoint_id>
				</extensions>
			</trkpt>
			<trkpt lat="46.1481009005" lon="6.9275132138">
				<ele>2277.0</ele>
				<extensions>
					<swisstopo:routepoint_id>309847194</swisstopo:routepoint_id>
				</extensions>
			</trkpt>
			<trkpt lat="46.1480964623" lon="6.9274524749">
				<ele>2278.1</ele>
				<extensions>
					<swisstopo:routepoint_id>1452671591</swisstopo:routepoint_id>
				</extensions>
			</trkpt>
			<trkpt lat="46.1480964942" lon="6.9273938296">
				<ele>2279.0</ele>
				<extensions>
					<swisstopo:routepoint_id>1878352013</swisstopo:routepoint_id>
				</extensions>
			</trkpt>
			<trkpt lat="46.1481083918" lon="6.9273273592">
				<ele>2280.0</ele>
				<extensions>
					<swisstopo:routepoint_id>1637908237</swisstopo:routepoint_id>
				</extensions>
			</trkpt>
			<trkpt lat="46.1481381635" lon="6.9272645918">
				<ele>2280.6</ele>
				<extensions>
					<swisstopo:routepoint_id>158408410</swisstopo:routepoint_id>
				</extensions>
			</trkpt>
			<trkpt lat="46.1481593917" lon="6.9272224454">
				<ele>2280.7</ele>
				<extensions>
					<swisstopo:routepoint_id>309603813</swisstopo:routepoint_id>
				</extensions>
			</trkpt>
			<trkpt lat="46.1481806990" lon="6.9271978350">
				<ele>2280.8</ele>
				<extensions>
					<swisstopo:routepoint_id>567842383</swisstopo:routepoint_id>
				</extensions>
			</trkpt>
			<trkpt lat="46.1482053724" lon="6.9271278419">
				<ele>2280.8</ele>
				<extensions>
					<swisstopo:routepoint_id>1280448710</swisstopo:routepoint_id>
				</extensions>
			</trkpt>
			<trkpt lat="46.1482365106" lon="6.9270389288">
				<ele>2281.0</ele>
				<extensions>
					<swisstopo:routepoint_id>1154506765</swisstopo:routepoint_id>
				</extensions>
			</trkpt>
			<trkpt lat="46.1482635774" lon="6.9269710484">
				<ele>2282.1</ele>
				<extensions>
					<swisstopo:routepoint_id>892819822</swisstopo:routepoint_id>
				</extensions>
			</trkpt>
			<trkpt lat="46.1482940201" lon="6.9269275335">
				<ele>2283.5</ele>
				<extensions>
					<swisstopo:routepoint_id>478691412</swisstopo:routepoint_id>
				</extensions>
			</trkpt>
			<trkpt lat="46.1483171680" lon="6.9268485453">
				<ele>2283.9</ele>
				<extensions>
					<swisstopo:routepoint_id>225931444</swisstopo:routepoint_id>
				</extensions>
			</trkpt>
			<trkpt lat="46.1483231582" lon="6.9267924202">
				<ele>2283.8</ele>
				<extensions>
					<swisstopo:routepoint_id>285714248</swisstopo:routepoint_id>
				</extensions>
			</trkpt>
			<trkpt lat="46.1483411110" lon="6.9267481552">
				<ele>2284.7</ele>
				<extensions>
					<swisstopo:routepoint_id>130473405</swisstopo:routepoint_id>
				</extensions>
			</trkpt>
			<trkpt lat="46.1483545606" lon="6.9266966583">
				<ele>2285.0</ele>
				<extensions>
					<swisstopo:routepoint_id>542149318</swisstopo:routepoint_id>
				</extensions>
			</trkpt>
			<trkpt lat="46.1483970723" lon="6.9266226394">
				<ele>2285.7</ele>
				<extensions>
					<swisstopo:routepoint_id>1951128544</swisstopo:routepoint_id>
				</extensions>
			</trkpt>
			<trkpt lat="46.1484322520" lon="6.9265743691">
				<ele>2285.2</ele>
				<extensions>
					<swisstopo:routepoint_id>1352339535</swisstopo:routepoint_id>
				</extensions>
			</trkpt>
			<trkpt lat="46.1484523784" lon="6.9265630499">
				<ele>2285.6</ele>
				<extensions>
					<swisstopo:routepoint_id>1107234970</swisstopo:routepoint_id>
				</extensions>
			</trkpt>
			<trkpt lat="46.1484681359" lon="6.9265326412">
				<ele>2285.9</ele>
				<extensions>
					<swisstopo:routepoint_id>962197840</swisstopo:routepoint_id>
				</extensions>
			</trkpt>
			<trkpt lat="46.1484836001" lon="6.9264969936">
				<ele>2286.1</ele>
				<extensions>
					<swisstopo:routepoint_id>1058785726</swisstopo:routepoint_id>
				</extensions>
			</trkpt>
			<trkpt lat="46.1484726459" lon="6.9264696307">
				<ele>2287.1</ele>
				<extensions>
					<swisstopo:routepoint_id>1836546751</swisstopo:routepoint_id>
				</extensions>
			</trkpt>
			<trkpt lat="46.1484679819" lon="6.9264288906">
				<ele>2288.2</ele>
				<extensions>
					<swisstopo:routepoint_id>1969093803</swisstopo:routepoint_id>
				</extensions>
			</trkpt>
			<trkpt lat="46.1484578370" lon="6.9264055584">
				<ele>2288.6</ele>
				<extensions>
					<swisstopo:routepoint_id>422535255</swisstopo:routepoint_id>
				</extensions>
			</trkpt>
			<trkpt lat="46.1484510684" lon="6.9263668572">
				<ele>2289.1</ele>
				<extensions>
					<swisstopo:routepoint_id>1648171244</swisstopo:routepoint_id>
				</extensions>
			</trkpt>
			<trkpt lat="46.1484564790" lon="6.9263320929">
				<ele>2289.8</ele>
				<extensions>
					<swisstopo:routepoint_id>396450434</swisstopo:routepoint_id>
				</extensions>
			</trkpt>
			<trkpt lat="46.1484690506" lon="6.9262992935">
				<ele>2290.7</ele>
				<extensions>
					<swisstopo:routepoint_id>1618654090</swisstopo:routepoint_id>
				</extensions>
			</trkpt>
			<trkpt lat="46.1484704786" lon="6.9262609294">
				<ele>2291.5</ele>
				<extensions>
					<swisstopo:routepoint_id>1161426639</swisstopo:routepoint_id>
				</extensions>
			</trkpt>
			<trkpt lat="46.1484524292" lon="6.9262461369">
				<ele>2291.9</ele>
				<extensions>
					<swisstopo:routepoint_id>1197431468</swisstopo:routepoint_id>
				</extensions>
			</trkpt>
			<trkpt lat="46.1484271956" lon="6.9262200982">
				<ele>2292.8</ele>
				<extensions>
					<swisstopo:routepoint_id>1294924538</swisstopo:routepoint_id>
				</extensions>
			</trkpt>
			<trkpt lat="46.1484336808" lon="6.9261881584">
				<ele>2293.8</ele>
				<extensions>
					<swisstopo:routepoint_id>1495789760</swisstopo:routepoint_id>
				</extensions>
			</trkpt>
			<trkpt lat="46.1484467124" lon="6.9261517183">
				<ele>2294.8</ele>
				<extensions>
					<swisstopo:routepoint_id>337793483</swisstopo:routepoint_id>
				</extensions>
			</trkpt>
			<trkpt lat="46.1484704457" lon="6.9260727368">
				<ele>2296.2</ele>
				<extensions>
					<swisstopo:routepoint_id>510857227</swisstopo:routepoint_id>
				</extensions>
			</trkpt>
			<trkpt lat="46.1484741528" lon="6.9260371732">
				<ele>2296.5</ele>
				<extensions>
					<swisstopo:routepoint_id>1818498133</swisstopo:routepoint_id>
				</extensions>
			</trkpt>
			<trkpt lat="46.1484636040" lon="6.9260060273">
				<ele>2296.9</ele>
				<extensions>
					<swisstopo:routepoint_id>1005810810</swisstopo:routepoint_id>
				</extensions>
			</trkpt>
			<trkpt lat="46.1484429234" lon="6.9259724009">
				<ele>2297.5</ele>
				<extensions>
					<swisstopo:routepoint_id>364468922</swisstopo:routepoint_id>
				</extensions>
			</trkpt>
			<trkpt lat="46.1484240630" lon="6.9259473249">
				<ele>2298.1</ele>
				<extensions>
					<swisstopo:routepoint_id>1620824331</swisstopo:routepoint_id>
				</extensions>
			</trkpt>
			<trkpt lat="46.1484075110" lon="6.9259055191">
				<ele>2299.4</ele>
				<extensions>
					<swisstopo:routepoint_id>2779674</swisstopo:routepoint_id>
				</extensions>
			</trkpt>
			<trkpt lat="46.1484041145" lon="6.9258785903">
				<ele>2301.0</ele>
				<extensions>
					<swisstopo:routepoint_id>448739534</swisstopo:routepoint_id>
				</extensions>
			</trkpt>
			<trkpt lat="46.1483915403" lon="6.9258611570">
				<ele>2301.1</ele>
				<extensions>
					<swisstopo:routepoint_id>1249776063</swisstopo:routepoint_id>
				</extensions>
			</trkpt>
			<trkpt lat="46.1483842813" lon="6.9258333970">
				<ele>2301.8</ele>
				<extensions>
					<swisstopo:routepoint_id>948534592</swisstopo:routepoint_id>
				</extensions>
			</trkpt>
			<trkpt lat="46.1483922676" lon="6.9258230452">
				<ele>2302.4</ele>
				<extensions>
					<swisstopo:routepoint_id>172039122</swisstopo:routepoint_id>
				</extensions>
			</trkpt>
			<trkpt lat="46.1484036508" lon="6.9258417845">
				<ele>2302.7</ele>
				<extensions>
					<swisstopo:routepoint_id>401217986</swisstopo:routepoint_id>
				</extensions>
			</trkpt>
			<trkpt lat="46.1484176655" lon="6.9258476452">
				<ele>2303.3</ele>
				<extensions>
					<swisstopo:routepoint_id>755674392</swisstopo:routepoint_id>
				</extensions>
			</trkpt>
			<trkpt lat="46.1484326613" lon="6.9258098278">
				<ele>2305.7</ele>
				<extensions>
					<swisstopo:routepoint_id>37993593</swisstopo:routepoint_id>
				</extensions>
			</trkpt>
			<trkpt lat="46.1484478378" lon="6.9258101122">
				<ele>2306.4</ele>
				<extensions>
					<swisstopo:routepoint_id>447080578</swisstopo:routepoint_id>
				</extensions>
			</trkpt>
			<trkpt lat="46.1484662273" lon="6.9257966736">
				<ele>2307.3</ele>
				<extensions>
					<swisstopo:routepoint_id>1694043272</swisstopo:routepoint_id>
				</extensions>
			</trkpt>
			<trkpt lat="46.1484849897" lon="6.9258020632">
				<ele>2308.3</ele>
				<extensions>
					<swisstopo:routepoint_id>1988634619</swisstopo:routepoint_id>
				</extensions>
			</trkpt>
			<trkpt lat="46.1484975073" lon="6.9258070840">
				<ele>2309.0</ele>
				<extensions>
					<swisstopo:routepoint_id>977838609</swisstopo:routepoint_id>
				</extensions>
			</trkpt>
			<trkpt lat="46.1485067247" lon="6.9258044222">
				<ele>2309.9</ele>
				<extensions>
					<swisstopo:routepoint_id>589603581</swisstopo:routepoint_id>
				</extensions>
			</trkpt>
			<trkpt lat="46.1484976802" lon="6.9257796817">
				<ele>2309.8</ele>
				<extensions>
					<swisstopo:routepoint_id>1664536150</swisstopo:routepoint_id>
				</extensions>
			</trkpt>
			<trkpt lat="46.1485035516" lon="6.9257612215">
				<ele>2310.0</ele>
				<extensions>
					<swisstopo:routepoint_id>569328505</swisstopo:routepoint_id>
				</extensions>
			</trkpt>
			<trkpt lat="46.1485198601" lon="6.9257490837">
				<ele>2310.7</ele>
				<extensions>
					<swisstopo:routepoint_id>1254383072</swisstopo:routepoint_id>
				</extensions>
			</trkpt>
			<trkpt lat="46.1485364668" lon="6.9257373698">
				<ele>2311.5</ele>
				<extensions>
					<swisstopo:routepoint_id>2133503233</swisstopo:routepoint_id>
				</extensions>
			</trkpt>
			<trkpt lat="46.1485479387" lon="6.9257081528">
				<ele>2312.5</ele>
				<extensions>
					<swisstopo:routepoint_id>122533637</swisstopo:routepoint_id>
				</extensions>
			</trkpt>
			<trkpt lat="46.1485477100" lon="6.9256576376">
				<ele>2314.2</ele>
				<extensions>
					<swisstopo:routepoint_id>1923632346</swisstopo:routepoint_id>
				</extensions>
			</trkpt>
			<trkpt lat="46.1485523074" lon="6.9256220655">
				<ele>2315.2</ele>
				<extensions>
					<swisstopo:routepoint_id>57484607</swisstopo:routepoint_id>
				</extensions>
			</trkpt>
			<trkpt lat="46.1485633432" lon="6.9255620352">
				<ele>2315.9</ele>
				<extensions>
					<swisstopo:routepoint_id>476086247</swisstopo:routepoint_id>
				</extensions>
			</trkpt>
			<trkpt lat="46.1486054921" lon="6.9254755936">
				<ele>2317.9</ele>
				<extensions>
					<swisstopo:routepoint_id>1428404580</swisstopo:routepoint_id>
				</extensions>
			</trkpt>
			<trkpt lat="46.1486192703" lon="6.9254292445">
				<ele>2318.7</ele>
				<extensions>
					<swisstopo:routepoint_id>1202047187</swisstopo:routepoint_id>
				</extensions>
			</trkpt>
			<trkpt lat="46.1486472253" lon="6.9253609145">
				<ele>2320.3</ele>
				<extensions>
					<swisstopo:routepoint_id>1214938809</swisstopo:routepoint_id>
				</extensions>
			</trkpt>
			<trkpt lat="46.1486604005" lon="6.9253145576">
				<ele>2321.4</ele>
				<extensions>
					<swisstopo:routepoint_id>1305019660</swisstopo:routepoint_id>
				</extensions>
			</trkpt>
			<trkpt lat="46.1486789146" lon="6.9252651612">
				<ele>2322.9</ele>
				<extensions>
					<swisstopo:routepoint_id>161071840</swisstopo:routepoint_id>
				</extensions>
			</trkpt>
			<trkpt lat="46.1486982834" lon="6.9252059064">
				<ele>2324.1</ele>
				<extensions>
					<swisstopo:routepoint_id>712089453</swisstopo:routepoint_id>
				</extensions>
			</trkpt>
			<trkpt lat="46.1487143996" lon="6.9251513809">
				<ele>2325.9</ele>
				<extensions>
					<swisstopo:routepoint_id>1461767419</swisstopo:routepoint_id>
				</extensions>
			</trkpt>
			<trkpt lat="46.1487102304" lon="6.9250850735">
				<ele>2326.1</ele>
				<extensions>
					<swisstopo:routepoint_id>756759679</swisstopo:routepoint_id>
				</extensions>
			</trkpt>
			<trkpt lat="46.1486964806" lon="6.9250702141">
				<ele>2326.2</ele>
				<extensions>
					<swisstopo:routepoint_id>834914911</swisstopo:routepoint_id>
				</extensions>
			</trkpt>
			<trkpt lat="46.1486933033" lon="6.9250261592">
				<ele>2326.6</ele>
				<extensions>
					<swisstopo:routepoint_id>948382135</swisstopo:routepoint_id>
				</extensions>
			</trkpt>
			<trkpt lat="46.1486918872" lon="6.9249756551">
				<ele>2327.4</ele>
				<extensions>
					<swisstopo:routepoint_id>885396714</swisstopo:routepoint_id>
				</extensions>
			</trkpt>
			<trkpt lat="46.1486853114" lon="6.9249221839">
				<ele>2328.5</ele>
				<extensions>
					<swisstopo:routepoint_id>1824781303</swisstopo:routepoint_id>
				</extensions>
			</trkpt>
			<trkpt lat="46.1486828316" lon="6.9248018096">
				<ele>2331.9</ele>
				<extensions>
					<swisstopo:routepoint_id>1508726376</swisstopo:routepoint_id>
				</extensions>
			</trkpt>
			<trkpt lat="46.1486850383" lon="6.9247647976">
				<ele>2333.2</ele>
				<extensions>
					<swisstopo:routepoint_id>1711611363</swisstopo:routepoint_id>
				</extensions>
			</trkpt>
			<trkpt lat="46.1486843940" lon="6.9247278251">
				<ele>2334.3</ele>
				<extensions>
					<swisstopo:routepoint_id>1282688907</swisstopo:routepoint_id>
				</extensions>
			</trkpt>
			<trkpt lat="46.1486922967" lon="6.9246852842">
				<ele>2336.0</ele>
				<extensions>
					<swisstopo:routepoint_id>437954968</swisstopo:routepoint_id>
				</extensions>
			</trkpt>
			<trkpt lat="46.1487070771" lon="6.9246913056">
				<ele>2336.7</ele>
				<extensions>
					<swisstopo:routepoint_id>407494693</swisstopo:routepoint_id>
				</extensions>
			</trkpt>
			<trkpt lat="46.1487199283" lon="6.9246904993">
				<ele>2337.6</ele>
				<extensions>
					<swisstopo:routepoint_id>182867650</swisstopo:routepoint_id>
				</extensions>
			</trkpt>
			<trkpt lat="46.1487353789" lon="6.9246341937">
				<ele>2339.8</ele>
				<extensions>
					<swisstopo:routepoint_id>1503517757</swisstopo:routepoint_id>
				</extensions>
			</trkpt>
			<trkpt lat="46.1487276011" lon="6.9245972881">
				<ele>2340.3</ele>
				<extensions>
					<swisstopo:routepoint_id>1027769054</swisstopo:routepoint_id>
				</extensions>
			</trkpt>
			<trkpt lat="46.1487373773" lon="6.9245492415">
				<ele>2342.1</ele>
				<extensions>
					<swisstopo:routepoint_id>292917254</swisstopo:routepoint_id>
				</extensions>
			</trkpt>
			<trkpt lat="46.1487428501" lon="6.9244964597">
				<ele>2343.9</ele>
				<extensions>
					<swisstopo:routepoint_id>906951380</swisstopo:routepoint_id>
				</extensions>
			</trkpt>
			<trkpt lat="46.1487511957" lon="6.9244484392">
				<ele>2346.4</ele>
				<extensions>
					<swisstopo:routepoint_id>346319250</swisstopo:routepoint_id>
				</extensions>
			</trkpt>
			<trkpt lat="46.1487452105" lon="6.9243882191">
				<ele>2348.4</ele>
				<extensions>
					<swisstopo:routepoint_id>730244265</swisstopo:routepoint_id>
				</extensions>
			</trkpt>
			<trkpt lat="46.1487640732" lon="6.9243483195">
				<ele>2350.3</ele>
				<extensions>
					<swisstopo:routepoint_id>792237095</swisstopo:routepoint_id>
				</extensions>
			</trkpt>
			<trkpt lat="46.1487724404" lon="6.9243050876">
				<ele>2351.9</ele>
				<extensions>
					<swisstopo:routepoint_id>1829247821</swisstopo:routepoint_id>
				</extensions>
			</trkpt>
			<trkpt lat="46.1487822316" lon="6.9242584263">
				<ele>2353.0</ele>
				<extensions>
					<swisstopo:routepoint_id>660823894</swisstopo:routepoint_id>
				</extensions>
			</trkpt>
			<trkpt lat="46.1487663395" lon="6.9242195257">
				<ele>2354.0</ele>
				<extensions>
					<swisstopo:routepoint_id>1456653442</swisstopo:routepoint_id>
				</extensions>
			</trkpt>
			<trkpt lat="46.1487529184" lon="6.9241977391">
				<ele>2354.5</ele>
				<extensions>
					<swisstopo:routepoint_id>1996542431</swisstopo:routepoint_id>
				</extensions>
			</trkpt>
			<trkpt lat="46.1487251280" lon="6.9241575916">
				<ele>2354.6</ele>
				<extensions>
					<swisstopo:routepoint_id>1357580937</swisstopo:routepoint_id>
				</extensions>
			</trkpt>
			<trkpt lat="46.1487054559" lon="6.9241242146">
				<ele>2353.8</ele>
				<extensions>
					<swisstopo:routepoint_id>242594249</swisstopo:routepoint_id>
				</extensions>
			</trkpt>
			<trkpt lat="46.1486813776" lon="6.9240634791">
				<ele>2353.2</ele>
				<extensions>
					<swisstopo:routepoint_id>455014688</swisstopo:routepoint_id>
				</extensions>
			</trkpt>
			<trkpt lat="46.1486621754" lon="6.9240266811">
				<ele>2353.5</ele>
				<extensions>
					<swisstopo:routepoint_id>692940967</swisstopo:routepoint_id>
				</extensions>
			</trkpt>
			<trkpt lat="46.1486472803" lon="6.9239973624">
				<ele>2354.1</ele>
				<extensions>
					<swisstopo:routepoint_id>11924134</swisstopo:routepoint_id>
				</extensions>
			</trkpt>
			<trkpt lat="46.1486133511" lon="6.9239682355">
				<ele>2356.1</ele>
				<extensions>
					<swisstopo:routepoint_id>2138795781</swisstopo:routepoint_id>
				</extensions>
			</trkpt>
			<trkpt lat="46.1485985339" lon="6.9239539955">
				<ele>2357.2</ele>
				<extensions>
					<swisstopo:routepoint_id>1916469241</swisstopo:routepoint_id>
				</extensions>
			</trkpt>
			<trkpt lat="46.1485779206" lon="6.9239233712">
				<ele>2359.4</ele>
				<extensions>
					<swisstopo:routepoint_id>1713679994</swisstopo:routepoint_id>
				</extensions>
			</trkpt>
			<trkpt lat="46.1485616757" lon="6.9239098176">
				<ele>2361.3</ele>
				<extensions>
					<swisstopo:routepoint_id>1359864024</swisstopo:routepoint_id>
				</extensions>
			</trkpt>
			<trkpt lat="46.1485379147" lon="6.9239189460">
				<ele>2364.3</ele>
				<extensions>
					<swisstopo:routepoint_id>437320694</swisstopo:routepoint_id>
				</extensions>
			</trkpt>
			<trkpt lat="46.1485269391" lon="6.9239128881">
				<ele>2364.9</ele>
				<extensions>
					<swisstopo:routepoint_id>319458942</swisstopo:routepoint_id>
				</extensions>
			</trkpt>
			<trkpt lat="46.1485277589" lon="6.9238834217">
				<ele>2365.7</ele>
				<extensions>
					<swisstopo:routepoint_id>144274915</swisstopo:routepoint_id>
				</extensions>
			</trkpt>
			<trkpt lat="46.1485332313" lon="6.9238306402">
				<ele>2368.3</ele>
				<extensions>
					<swisstopo:routepoint_id>1075858665</swisstopo:routepoint_id>
				</extensions>
			</trkpt>
			<trkpt lat="46.1485431412" lon="6.9238120509">
				<ele>2369.1</ele>
				<extensions>
					<swisstopo:routepoint_id>110971123</swisstopo:routepoint_id>
				</extensions>
			</trkpt>
			<trkpt lat="46.1485716762" lon="6.9238063070">
				<ele>2370.2</ele>
				<extensions>
					<swisstopo:routepoint_id>122924391</swisstopo:routepoint_id>
				</extensions>
			</trkpt>
			<trkpt lat="46.1485930751" lon="6.9238019899">
				<ele>2371.3</ele>
				<extensions>
					<swisstopo:routepoint_id>880747766</swisstopo:routepoint_id>
				</extensions>
			</trkpt>
			<trkpt lat="46.1485920374" lon="6.9237814592">
				<ele>2372.1</ele>
				<extensions>
					<swisstopo:routepoint_id>547049339</swisstopo:routepoint_id>
				</extensions>
			</trkpt>
			<trkpt lat="46.1485771485" lon="6.9237535128">
				<ele>2373.7</ele>
				<extensions>
					<swisstopo:routepoint_id>57658248</swisstopo:routepoint_id>
				</extensions>
			</trkpt>
			<trkpt lat="46.1485617920" lon="6.9237255834">
				<ele>2375.1</ele>
				<extensions>
					<swisstopo:routepoint_id>34374413</swisstopo:routepoint_id>
				</extensions>
			</trkpt>
			<trkpt lat="46.1485379775" lon="6.9237230632">
				<ele>2375.9</ele>
				<extensions>
					<swisstopo:routepoint_id>519272203</swisstopo:routepoint_id>
				</extensions>
			</trkpt>
			<trkpt lat="46.1485117704" lon="6.9237164630">
				<ele>2377.3</ele>
				<extensions>
					<swisstopo:routepoint_id>800274252</swisstopo:routepoint_id>
				</extensions>
			</trkpt>
			<trkpt lat="46.1484889444" lon="6.9237214666">
				<ele>2377.7</ele>
				<extensions>
					<swisstopo:routepoint_id>1642060607</swisstopo:routepoint_id>
				</extensions>
			</trkpt>
			<trkpt lat="46.1484576325" lon="6.9237457319">
				<ele>2379.8</ele>
				<extensions>
					<swisstopo:routepoint_id>966318403</swisstopo:routepoint_id>
				</extensions>
			</trkpt>
			<trkpt lat="46.1484414815" lon="6.9237527315">
				<ele>2379.9</ele>
				<extensions>
					<swisstopo:routepoint_id>770913022</swisstopo:routepoint_id>
				</extensions>
			</trkpt>
			<trkpt lat="46.1484138126" lon="6.9237392974">
				<ele>2379.7</ele>
				<extensions>
					<swisstopo:routepoint_id>879508589</swisstopo:routepoint_id>
				</extensions>
			</trkpt>
			<trkpt lat="46.1483914849" lon="6.9237490988">
				<ele>2379.7</ele>
				<extensions>
					<swisstopo:routepoint_id>1896972793</swisstopo:routepoint_id>
				</extensions>
			</trkpt>
			<trkpt lat="46.1483705159" lon="6.9237451803">
				<ele>2379.4</ele>
				<extensions>
					<swisstopo:routepoint_id>1704606939</swisstopo:routepoint_id>
				</extensions>
			</trkpt>
			<trkpt lat="46.1483618037" lon="6.9237123862">
				<ele>2379.3</ele>
				<extensions>
					<swisstopo:routepoint_id>1873894942</swisstopo:routepoint_id>
				</extensions>
			</trkpt>
			<trkpt lat="46.1483517220" lon="6.9236933129">
				<ele>2379.4</ele>
				<extensions>
					<swisstopo:routepoint_id>1444203848</swisstopo:routepoint_id>
				</extensions>
			</trkpt>
			<trkpt lat="46.1483339847" lon="6.9236660792">
				<ele>2379.8</ele>
				<extensions>
					<swisstopo:routepoint_id>1168699330</swisstopo:routepoint_id>
				</extensions>
			</trkpt>
			<trkpt lat="46.1483062420" lon="6.9236382666">
				<ele>2381.1</ele>
				<extensions>
					<swisstopo:routepoint_id>1040143130</swisstopo:routepoint_id>
				</extensions>
			</trkpt>
			<trkpt lat="46.1482841579" lon="6.9235966938">
				<ele>2382.0</ele>
				<extensions>
					<swisstopo:routepoint_id>904568149</swisstopo:routepoint_id>
				</extensions>
			</trkpt>
			<trkpt lat="46.1482507482" lon="6.9235771409">
				<ele>2382.2</ele>
				<extensions>
					<swisstopo:routepoint_id>1310112120</swisstopo:routepoint_id>
				</extensions>
			</trkpt>
			<trkpt lat="46.1482274275" lon="6.9235780462">
				<ele>2382.1</ele>
				<extensions>
					<swisstopo:routepoint_id>192121023</swisstopo:routepoint_id>
				</extensions>
			</trkpt>
			<trkpt lat="46.1482122379" lon="6.9235870939">
				<ele>2382.3</ele>
				<extensions>
					<swisstopo:routepoint_id>71181086</swisstopo:routepoint_id>
				</extensions>
			</trkpt>
			<trkpt lat="46.1482057067" lon="6.9236166011">
				<ele>2382.9</ele>
				<extensions>
					<swisstopo:routepoint_id>1240937250</swisstopo:routepoint_id>
				</extensions>
			</trkpt>
			<trkpt lat="46.1481992533" lon="6.9236632440">
				<ele>2384.3</ele>
				<extensions>
					<swisstopo:routepoint_id>1014337248</swisstopo:routepoint_id>
				</extensions>
			</trkpt>
			<trkpt lat="46.1481842235" lon="6.9237072105">
				<ele>2386.4</ele>
				<extensions>
					<swisstopo:routepoint_id>242318280</swisstopo:routepoint_id>
				</extensions>
			</trkpt>
			<trkpt lat="46.1481656400" lon="6.9237450628">
				<ele>2386.6</ele>
				<extensions>
					<swisstopo:routepoint_id>737776694</swisstopo:routepoint_id>
				</extensions>
			</trkpt>
			<trkpt lat="46.1481427801" lon="6.9237507011">
				<ele>2387.3</ele>
				<extensions>
					<swisstopo:routepoint_id>1572803831</swisstopo:routepoint_id>
				</extensions>
			</trkpt>
			<trkpt lat="46.1481310198" lon="6.9237184155">
				<ele>2388.4</ele>
				<extensions>
					<swisstopo:routepoint_id>845696411</swisstopo:routepoint_id>
				</extensions>
			</trkpt>
			<trkpt lat="46.1481241184" lon="6.9236409121">
				<ele>2390.1</ele>
				<extensions>
					<swisstopo:routepoint_id>147628328</swisstopo:routepoint_id>
				</extensions>
			</trkpt>
			<trkpt lat="46.1481073096" lon="6.9236080531">
				<ele>2391.6</ele>
				<extensions>
					<swisstopo:routepoint_id>36551910</swisstopo:routepoint_id>
				</extensions>
			</trkpt>
			<trkpt lat="46.1480894330" lon="6.9235977888">
				<ele>2393.2</ele>
				<extensions>
					<swisstopo:routepoint_id>32712106</swisstopo:routepoint_id>
				</extensions>
			</trkpt>
			<trkpt lat="46.1480704326" lon="6.9235972946">
				<ele>2393.5</ele>
				<extensions>
					<swisstopo:routepoint_id>1859484871</swisstopo:routepoint_id>
				</extensions>
			</trkpt>
			<trkpt lat="46.1480544634" lon="6.9235790794">
				<ele>2394.0</ele>
				<extensions>
					<swisstopo:routepoint_id>584289565</swisstopo:routepoint_id>
				</extensions>
			</trkpt>
			<trkpt lat="46.1480132988" lon="6.9235653065">
				<ele>2394.7</ele>
				<extensions>
					<swisstopo:routepoint_id>1398128777</swisstopo:routepoint_id>
				</extensions>
			</trkpt>
			<trkpt lat="46.1479836094" lon="6.9235563709">
				<ele>2395.5</ele>
				<extensions>
					<swisstopo:routepoint_id>2098885257</swisstopo:routepoint_id>
				</extensions>
			</trkpt>
			<trkpt lat="46.1479479073" lon="6.9235567069">
				<ele>2396.4</ele>
				<extensions>
					<swisstopo:routepoint_id>219255866</swisstopo:routepoint_id>
				</extensions>
			</trkpt>
			<trkpt lat="46.1479245698" lon="6.9235541830">
				<ele>2397.1</ele>
				<extensions>
					<swisstopo:routepoint_id>400198610</swisstopo:routepoint_id>
				</extensions>
			</trkpt>
			<trkpt lat="46.1479140645" lon="6.9235467486">
				<ele>2397.4</ele>
				<extensions>
					<swisstopo:routepoint_id>1474015086</swisstopo:routepoint_id>
				</extensions>
			</trkpt>
			<trkpt lat="46.1479192253" lon="6.9235302623">
				<ele>2397.9</ele>
				<extensions>
					<swisstopo:routepoint_id>968991641</swisstopo:routepoint_id>
				</extensions>
			</trkpt>
			<trkpt lat="46.1479381993" lon="6.9235150180">
				<ele>2398.5</ele>
				<extensions>
					<swisstopo:routepoint_id>1497048099</swisstopo:routepoint_id>
				</extensions>
			</trkpt>
			<trkpt lat="46.1479680248" lon="6.9234804899">
				<ele>2399.4</ele>
				<extensions>
					<swisstopo:routepoint_id>499937709</swisstopo:routepoint_id>
				</extensions>
			</trkpt>
			<trkpt lat="46.1479901405" lon="6.9234220641">
				<ele>2401.4</ele>
				<extensions>
					<swisstopo:routepoint_id>700610030</swisstopo:routepoint_id>
				</extensions>
			</trkpt>
			<trkpt lat="46.1479937209" lon="6.9233727176">
				<ele>2403.4</ele>
				<extensions>
					<swisstopo:routepoint_id>106348962</swisstopo:routepoint_id>
				</extensions>
			</trkpt>
			<trkpt lat="46.1479907547" lon="6.9233494608">
				<ele>2404.9</ele>
				<extensions>
					<swisstopo:routepoint_id>771117401</swisstopo:routepoint_id>
				</extensions>
			</trkpt>
			<trkpt lat="46.1479852647" lon="6.9232933528">
				<ele>2407.2</ele>
				<extensions>
					<swisstopo:routepoint_id>2112902999</swisstopo:routepoint_id>
				</extensions>
			</trkpt>
			<trkpt lat="46.1479756096" lon="6.9232632997">
				<ele>2408.5</ele>
				<extensions>
					<swisstopo:routepoint_id>1233903433</swisstopo:routepoint_id>
				</extensions>
			</trkpt>
			<trkpt lat="46.1479449466" lon="6.9232204494">
				<ele>2410.0</ele>
				<extensions>
					<swisstopo:routepoint_id>1322909032</swisstopo:routepoint_id>
				</extensions>
			</trkpt>
			<trkpt lat="46.1479343208" lon="6.9231863023">
				<ele>2410.5</ele>
				<extensions>
					<swisstopo:routepoint_id>1420788575</swisstopo:routepoint_id>
				</extensions>
			</trkpt>
			<trkpt lat="46.1479322359" lon="6.9231472860">
				<ele>2411.3</ele>
				<extensions>
					<swisstopo:routepoint_id>152645699</swisstopo:routepoint_id>
				</extensions>
			</trkpt>
			<trkpt lat="46.1479110983" lon="6.9231043324">
				<ele>2411.0</ele>
				<extensions>
					<swisstopo:routepoint_id>301937080</swisstopo:routepoint_id>
				</extensions>
			</trkpt>
			<trkpt lat="46.1479003405" lon="6.9230414275">
				<ele>2411.4</ele>
				<extensions>
					<swisstopo:routepoint_id>1153298586</swisstopo:routepoint_id>
				</extensions>
			</trkpt>
			<trkpt lat="46.1478920929" lon="6.9230079438">
				<ele>2411.7</ele>
				<extensions>
					<swisstopo:routepoint_id>546682236</swisstopo:routepoint_id>
				</extensions>
			</trkpt>
			<trkpt lat="46.1478905088" lon="6.9229723402">
				<ele>2412.2</ele>
				<extensions>
					<swisstopo:routepoint_id>1630290387</swisstopo:routepoint_id>
				</extensions>
			</trkpt>
			<trkpt lat="46.1479021101" lon="6.9229064801">
				<ele>2413.5</ele>
				<extensions>
					<swisstopo:routepoint_id>400154792</swisstopo:routepoint_id>
				</extensions>
			</trkpt>
			<trkpt lat="46.1479123816" lon="6.9228625450">
				<ele>2414.7</ele>
				<extensions>
					<swisstopo:routepoint_id>2056021867</swisstopo:routepoint_id>
				</extensions>
			</trkpt>
			<trkpt lat="46.1479108510" lon="6.9228406470">
				<ele>2415.1</ele>
				<extensions>
					<swisstopo:routepoint_id>1349279220</swisstopo:routepoint_id>
				</extensions>
			</trkpt>
			<trkpt lat="46.1479021787" lon="6.9228188163">
				<ele>2415.8</ele>
				<extensions>
					<swisstopo:routepoint_id>2016724203</swisstopo:routepoint_id>
				</extensions>
			</trkpt>
			<trkpt lat="46.1479010876" lon="6.9227866247">
				<ele>2416.8</ele>
				<extensions>
					<swisstopo:routepoint_id>2120260182</swisstopo:routepoint_id>
				</extensions>
			</trkpt>
			<trkpt lat="46.1479151639" lon="6.9227426672">
				<ele>2418.3</ele>
				<extensions>
					<swisstopo:routepoint_id>139910000</swisstopo:routepoint_id>
				</extensions>
			</trkpt>
			<trkpt lat="46.1479064816" lon="6.9227167200">
				<ele>2419.0</ele>
				<extensions>
					<swisstopo:routepoint_id>1571618300</swisstopo:routepoint_id>
				</extensions>
			</trkpt>
			<trkpt lat="46.1478844164" lon="6.9226813095">
				<ele>2419.7</ele>
				<extensions>
					<swisstopo:routepoint_id>26031463</swisstopo:routepoint_id>
				</extensions>
			</trkpt>
			<trkpt lat="46.1478819103" lon="6.9226525732">
				<ele>2420.4</ele>
				<extensions>
					<swisstopo:routepoint_id>1735672273</swisstopo:routepoint_id>
				</extensions>
			</trkpt>
			<trkpt lat="46.1478877963" lon="6.9225860813">
				<ele>2422.5</ele>
				<extensions>
					<swisstopo:routepoint_id>1214842786</swisstopo:routepoint_id>
				</extensions>
			</trkpt>
			<trkpt lat="46.1478879951" lon="6.9225251183">
				<ele>2424.2</ele>
				<extensions>
					<swisstopo:routepoint_id>999641781</swisstopo:routepoint_id>
				</extensions>
			</trkpt>
			<trkpt lat="46.1478834397" lon="6.9224669431">
				<ele>2425.7</ele>
				<extensions>
					<swisstopo:routepoint_id>943025463</swisstopo:routepoint_id>
				</extensions>
			</trkpt>
			<trkpt lat="46.1478689391" lon="6.9224177671">
				<ele>2426.2</ele>
				<extensions>
					<swisstopo:routepoint_id>539131108</swisstopo:routepoint_id>
				</extensions>
			</trkpt>
			<trkpt lat="46.1478411331" lon="6.9223742046">
				<ele>2426.7</ele>
				<extensions>
					<swisstopo:routepoint_id>404561930</swisstopo:routepoint_id>
				</extensions>
			</trkpt>
			<trkpt lat="46.1478161402" lon="6.9223223840">
				<ele>2427.0</ele>
				<extensions>
					<swisstopo:routepoint_id>2001335213</swisstopo:routepoint_id>
				</extensions>
			</trkpt>
			<trkpt lat="46.1477954072" lon="6.9222636758">
				<ele>2428.5</ele>
				<extensions>
					<swisstopo:routepoint_id>1100757153</swisstopo:routepoint_id>
				</extensions>
			</trkpt>
			<trkpt lat="46.1477737373" lon="6.9222104645">
				<ele>2429.7</ele>
				<extensions>
					<swisstopo:routepoint_id>2087751298</swisstopo:routepoint_id>
				</extensions>
			</trkpt>
			<trkpt lat="46.1477601814" lon="6.9221592218">
				<ele>2431.3</ele>
				<extensions>
					<swisstopo:routepoint_id>771618612</swisstopo:routepoint_id>
				</extensions>
			</trkpt>
			<trkpt lat="46.1477457250" lon="6.9221216812">
				<ele>2432.2</ele>
				<extensions>
					<swisstopo:routepoint_id>294946384</swisstopo:routepoint_id>
				</extensions>
			</trkpt>
			<trkpt lat="46.1477240482" lon="6.9220650406">
				<ele>2433.2</ele>
				<extensions>
					<swisstopo:routepoint_id>1129021268</swisstopo:routepoint_id>
				</extensions>
			</trkpt>
			<trkpt lat="46.1477291920" lon="6.9220451376">
				<ele>2434.2</ele>
				<extensions>
					<swisstopo:routepoint_id>1490541189</swisstopo:routepoint_id>
				</extensions>
			</trkpt>
			<trkpt lat="46.1477701422" lon="6.9220474819">
				<ele>2436.0</ele>
				<extensions>
					<swisstopo:routepoint_id>591678457</swisstopo:routepoint_id>
				</extensions>
			</trkpt>
			<trkpt lat="46.1478116001" lon="6.9220566808">
				<ele>2437.7</ele>
				<extensions>
					<swisstopo:routepoint_id>886525449</swisstopo:routepoint_id>
				</extensions>
			</trkpt>
			<trkpt lat="46.1478497087" lon="6.9220631678">
				<ele>2439.0</ele>
				<extensions>
					<swisstopo:routepoint_id>890248414</swisstopo:routepoint_id>
				</extensions>
			</trkpt>
			<trkpt lat="46.1479034471" lon="6.9220510249">
				<ele>2441.4</ele>
				<extensions>
					<swisstopo:routepoint_id>1115512732</swisstopo:routepoint_id>
				</extensions>
			</trkpt>
			<trkpt lat="46.1479728511" lon="6.9220318746">
				<ele>2444.3</ele>
				<extensions>
					<swisstopo:routepoint_id>221241727</swisstopo:routepoint_id>
				</extensions>
			</trkpt>
			<trkpt lat="46.1480137357" lon="6.9220198523">
				<ele>2446.3</ele>
				<extensions>
					<swisstopo:routepoint_id>924835359</swisstopo:routepoint_id>
				</extensions>
			</trkpt>
			<trkpt lat="46.1480446081" lon="6.9220037967">
				<ele>2447.9</ele>
				<extensions>
					<swisstopo:routepoint_id>1358667130</swisstopo:routepoint_id>
				</extensions>
			</trkpt>
			<trkpt lat="46.1480792843" lon="6.9219877171">
				<ele>2449.7</ele>
				<extensions>
					<swisstopo:routepoint_id>789591249</swisstopo:routepoint_id>
				</extensions>
			</trkpt>
			<trkpt lat="46.1480997174" lon="6.9219806774">
				<ele>2450.6</ele>
				<extensions>
					<swisstopo:routepoint_id>2122614859</swisstopo:routepoint_id>
				</extensions>
			</trkpt>
			<trkpt lat="46.1480972205" lon="6.9219539869">
				<ele>2451.5</ele>
				<extensions>
					<swisstopo:routepoint_id>965963676</swisstopo:routepoint_id>
				</extensions>
			</trkpt>
			<trkpt lat="46.1480683925" lon="6.9218953677">
				<ele>2453.1</ele>
				<extensions>
					<swisstopo:routepoint_id>1219269050</swisstopo:routepoint_id>
				</extensions>
			</trkpt>
			<trkpt lat="46.1480395351" lon="6.9218305631">
				<ele>2454.7</ele>
				<extensions>
					<swisstopo:routepoint_id>1172774688</swisstopo:routepoint_id>
				</extensions>
			</trkpt>
			<trkpt lat="46.1480246084" lon="6.9217944116">
				<ele>2455.8</ele>
				<extensions>
					<swisstopo:routepoint_id>948913330</swisstopo:routepoint_id>
				</extensions>
			</trkpt>
			<trkpt lat="46.1480135388" lon="6.9217678014">
				<ele>2456.6</ele>
				<extensions>
					<swisstopo:routepoint_id>211009961</swisstopo:routepoint_id>
				</extensions>
			</trkpt>
			<trkpt lat="46.1480157571" lon="6.9217314888">
				<ele>2456.9</ele>
				<extensions>
					<swisstopo:routepoint_id>1753827069</swisstopo:routepoint_id>
				</extensions>
			</trkpt>
			<trkpt lat="46.1480290079" lon="6.9217155987">
				<ele>2457.4</ele>
				<extensions>
					<swisstopo:routepoint_id>1644800579</swisstopo:routepoint_id>
				</extensions>
			</trkpt>
			<trkpt lat="46.1480523442" lon="6.9217181219">
				<ele>2458.4</ele>
				<extensions>
					<swisstopo:routepoint_id>2084717112</swisstopo:routepoint_id>
				</extensions>
			</trkpt>
			<trkpt lat="46.1480819296" lon="6.9217335946">
				<ele>2459.3</ele>
				<extensions>
					<swisstopo:routepoint_id>773535029</swisstopo:routepoint_id>
				</extensions>
			</trkpt>
			<trkpt lat="46.1481027050" lon="6.9216971058">
				<ele>2460.1</ele>
				<extensions>
					<swisstopo:routepoint_id>1701090220</swisstopo:routepoint_id>
				</extensions>
			</trkpt>
			<trkpt lat="46.1481168958" lon="6.9216764180">
				<ele>2460.8</ele>
				<extensions>
					<swisstopo:routepoint_id>347516459</swisstopo:routepoint_id>
				</extensions>
			</trkpt>
			<trkpt lat="46.1481334586" lon="6.9216550347">
				<ele>2461.5</ele>
				<extensions>
					<swisstopo:routepoint_id>1414597428</swisstopo:routepoint_id>
				</extensions>
			</trkpt>
			<trkpt lat="46.1481501641" lon="6.9216651411">
				<ele>2462.1</ele>
				<extensions>
					<swisstopo:routepoint_id>2096714093</swisstopo:routepoint_id>
				</extensions>
			</trkpt>
			<trkpt lat="46.1481878768" lon="6.9216873964">
				<ele>2463.3</ele>
				<extensions>
					<swisstopo:routepoint_id>1319638266</swisstopo:routepoint_id>
				</extensions>
			</trkpt>
			<trkpt lat="46.1482159200" lon="6.9216782260">
				<ele>2464.2</ele>
				<extensions>
					<swisstopo:routepoint_id>667054458</swisstopo:routepoint_id>
				</extensions>
			</trkpt>
			<trkpt lat="46.1482354114" lon="6.9216739261">
				<ele>2465.1</ele>
				<extensions>
					<swisstopo:routepoint_id>1381906509</swisstopo:routepoint_id>
				</extensions>
			</trkpt>
			<trkpt lat="46.1482657218" lon="6.9216393924">
				<ele>2466.6</ele>
				<extensions>
					<swisstopo:routepoint_id>436938686</swisstopo:routepoint_id>
				</extensions>
			</trkpt>
			<trkpt lat="46.1482907101" lon="6.9215857398">
				<ele>2468.2</ele>
				<extensions>
					<swisstopo:routepoint_id>1381637271</swisstopo:routepoint_id>
				</extensions>
			</trkpt>
			<trkpt lat="46.1483128213" lon="6.9215286852">
				<ele>2469.5</ele>
				<extensions>
					<swisstopo:routepoint_id>1095737128</swisstopo:routepoint_id>
				</extensions>
			</trkpt>
			<trkpt lat="46.1483341149" lon="6.9215010834">
				<ele>2470.3</ele>
				<extensions>
					<swisstopo:routepoint_id>321670261</swisstopo:routepoint_id>
				</extensions>
			</trkpt>
			<trkpt lat="46.1483640143" lon="6.9214809460">
				<ele>2471.5</ele>
				<extensions>
					<swisstopo:routepoint_id>396754828</swisstopo:routepoint_id>
				</extensions>
			</trkpt>
			<trkpt lat="46.1483948393" lon="6.9214566842">
				<ele>2472.6</ele>
				<extensions>
					<swisstopo:routepoint_id>491822533</swisstopo:routepoint_id>
				</extensions>
			</trkpt>
			<trkpt lat="46.1484205262" lon="6.9214516390">
				<ele>2473.6</ele>
				<extensions>
					<swisstopo:routepoint_id>1944609118</swisstopo:routepoint_id>
				</extensions>
			</trkpt>
			<trkpt lat="46.1484434459" lon="6.9214671748">
				<ele>2474.4</ele>
				<extensions>
					<swisstopo:routepoint_id>914588271</swisstopo:routepoint_id>
				</extensions>
			</trkpt>
			<trkpt lat="46.1484729751" lon="6.9214703250">
				<ele>2475.3</ele>
				<extensions>
					<swisstopo:routepoint_id>938931661</swisstopo:routepoint_id>
				</extensions>
			</trkpt>
			<trkpt lat="46.1484977427" lon="6.9214748806">
				<ele>2476.0</ele>
				<extensions>
					<swisstopo:routepoint_id>513065138</swisstopo:routepoint_id>
				</extensions>
			</trkpt>
			<trkpt lat="46.1485105533" lon="6.9214651683">
				<ele>2476.5</ele>
				<extensions>
					<swisstopo:routepoint_id>38745797</swisstopo:routepoint_id>
				</extensions>
			</trkpt>
			<trkpt lat="46.1485345624" lon="6.9214060501">
				<ele>2477.9</ele>
				<extensions>
					<swisstopo:routepoint_id>955362288</swisstopo:routepoint_id>
				</extensions>
			</trkpt>
			<trkpt lat="46.1485648175" lon="6.9213612396">
				<ele>2479.2</ele>
				<extensions>
					<swisstopo:routepoint_id>1030547449</swisstopo:routepoint_id>
				</extensions>
			</trkpt>
			<trkpt lat="46.1485838224" lon="6.9213528409">
				<ele>2479.9</ele>
				<extensions>
					<swisstopo:routepoint_id>2061553621</swisstopo:routepoint_id>
				</extensions>
			</trkpt>
			<trkpt lat="46.1485976743" lon="6.9213623012">
				<ele>2480.5</ele>
				<extensions>
					<swisstopo:routepoint_id>344343577</swisstopo:routepoint_id>
				</extensions>
			</trkpt>
			<trkpt lat="46.1486287281" lon="6.9213880362">
				<ele>2481.4</ele>
				<extensions>
					<swisstopo:routepoint_id>723088850</swisstopo:routepoint_id>
				</extensions>
			</trkpt>
			<trkpt lat="46.1486420152" lon="6.9213783193">
				<ele>2481.8</ele>
				<extensions>
					<swisstopo:routepoint_id>2019497955</swisstopo:routepoint_id>
				</extensions>
			</trkpt>
			<trkpt lat="46.1486595086" lon="6.9213521254">
				<ele>2482.5</ele>
				<extensions>
					<swisstopo:routepoint_id>689839723</swisstopo:routepoint_id>
				</extensions>
			</trkpt>
			<trkpt lat="46.1486846533" lon="6.9213347638">
				<ele>2483.3</ele>
				<extensions>
					<swisstopo:routepoint_id>948245730</swisstopo:routepoint_id>
				</extensions>
			</trkpt>
			<trkpt lat="46.1487108136" lon="6.9213290419">
				<ele>2484.2</ele>
				<extensions>
					<swisstopo:routepoint_id>1807024572</swisstopo:routepoint_id>
				</extensions>
			</trkpt>
			<trkpt lat="46.1487355406" lon="6.9213226335">
				<ele>2485.0</ele>
				<extensions>
					<swisstopo:routepoint_id>820794579</swisstopo:routepoint_id>
				</extensions>
			</trkpt>
			<trkpt lat="46.1487592452" lon="6.9213032407">
				<ele>2485.8</ele>
				<extensions>
					<swisstopo:routepoint_id>330598024</swisstopo:routepoint_id>
				</extensions>
			</trkpt>
			<trkpt lat="46.1488022914" lon="6.9212425573">
				<ele>2487.4</ele>
				<extensions>
					<swisstopo:routepoint_id>2018580190</swisstopo:routepoint_id>
				</extensions>
			</trkpt>
			<trkpt lat="46.1488198385" lon="6.9212280112">
				<ele>2488.0</ele>
				<extensions>
					<swisstopo:routepoint_id>1580035335</swisstopo:routepoint_id>
				</extensions>
			</trkpt>
			<trkpt lat="46.1488393305" lon="6.9212237110">
				<ele>2488.6</ele>
				<extensions>
					<swisstopo:routepoint_id>459310779</swisstopo:routepoint_id>
				</extensions>
			</trkpt>
			<trkpt lat="46.1488640538" lon="6.9212166303">
				<ele>2489.4</ele>
				<extensions>
					<swisstopo:routepoint_id>1960067737</swisstopo:routepoint_id>
				</extensions>
			</trkpt>
			<trkpt lat="46.1488829655" lon="6.9211876914">
				<ele>2490.2</ele>
				<extensions>
					<swisstopo:routepoint_id>1627307926</swisstopo:routepoint_id>
				</extensions>
			</trkpt>
			<trkpt lat="46.1488999515" lon="6.9211546552">
				<ele>2491.2</ele>
				<extensions>
					<swisstopo:routepoint_id>2061844674</swisstopo:routepoint_id>
				</extensions>
			</trkpt>
			<trkpt lat="46.1489197511" lon="6.9211133729">
				<ele>2492.3</ele>
				<extensions>
					<swisstopo:routepoint_id>1290631682</swisstopo:routepoint_id>
				</extensions>
			</trkpt>
			<trkpt lat="46.1489414924" lon="6.9210796055">
				<ele>2493.6</ele>
				<extensions>
					<swisstopo:routepoint_id>1398426350</swisstopo:routepoint_id>
				</extensions>
			</trkpt>
			<trkpt lat="46.1489609494" lon="6.9210657147">
				<ele>2494.4</ele>
				<extensions>
					<swisstopo:routepoint_id>606622437</swisstopo:routepoint_id>
				</extensions>
			</trkpt>
			<trkpt lat="46.1489733048" lon="6.9210608085">
				<ele>2495.1</ele>
				<extensions>
					<swisstopo:routepoint_id>1134022966</swisstopo:routepoint_id>
				</extensions>
			</trkpt>
			<trkpt lat="46.1489803501" lon="6.9210395151">
				<ele>2495.7</ele>
				<extensions>
					<swisstopo:routepoint_id>333810990</swisstopo:routepoint_id>
				</extensions>
			</trkpt>
			<trkpt lat="46.1489864517" lon="6.9210223334">
				<ele>2496.3</ele>
				<extensions>
					<swisstopo:routepoint_id>754648196</swisstopo:routepoint_id>
				</extensions>
			</trkpt>
			<trkpt lat="46.1489978664" lon="6.9210201675">
				<ele>2496.9</ele>
				<extensions>
					<swisstopo:routepoint_id>1798580024</swisstopo:routepoint_id>
				</extensions>
			</trkpt>
			<trkpt lat="46.1490097672" lon="6.9210200549">
				<ele>2497.4</ele>
				<extensions>
					<swisstopo:routepoint_id>837787908</swisstopo:routepoint_id>
				</extensions>
			</trkpt>
			<trkpt lat="46.1490209341" lon="6.9209637882">
				<ele>2499.2</ele>
				<extensions>
					<swisstopo:routepoint_id>2020654738</swisstopo:routepoint_id>
				</extensions>
			</trkpt>
			<trkpt lat="46.1490289080" lon="6.9209369979">
				<ele>2500.1</ele>
				<extensions>
					<swisstopo:routepoint_id>792952739</swisstopo:routepoint_id>
				</extensions>
			</trkpt>
			<trkpt lat="46.1490355267" lon="6.9209266582">
				<ele>2500.6</ele>
				<extensions>
					<swisstopo:routepoint_id>2112009886</swisstopo:routepoint_id>
				</extensions>
			</trkpt>
			<trkpt lat="46.1490450561" lon="6.9209293121">
				<ele>2501.1</ele>
				<extensions>
					<swisstopo:routepoint_id>841767525</swisstopo:routepoint_id>
				</extensions>
			</trkpt>
			<trkpt lat="46.1490570007" lon="6.9209387900">
				<ele>2501.6</ele>
				<extensions>
					<swisstopo:routepoint_id>1304486364</swisstopo:routepoint_id>
				</extensions>
			</trkpt>
			<trkpt lat="46.1490822730" lon="6.9209474562">
				<ele>2502.6</ele>
				<extensions>
					<swisstopo:routepoint_id>391063512</swisstopo:routepoint_id>
				</extensions>
			</trkpt>
			<trkpt lat="46.1490964732" lon="6.9209308835">
				<ele>2503.6</ele>
				<extensions>
					<swisstopo:routepoint_id>1496374847</swisstopo:routepoint_id>
				</extensions>
			</trkpt>
			<trkpt lat="46.1490968156" lon="6.9209014214">
				<ele>2504.5</ele>
				<extensions>
					<swisstopo:routepoint_id>184976808</swisstopo:routepoint_id>
				</extensions>
			</trkpt>
			<trkpt lat="46.1491019347" lon="6.9208760302">
				<ele>2505.2</ele>
				<extensions>
					<swisstopo:routepoint_id>455905672</swisstopo:routepoint_id>
				</extensions>
			</trkpt>
			<trkpt lat="46.1491142907" lon="6.9208711243">
				<ele>2506.0</ele>
				<extensions>
					<swisstopo:routepoint_id>2027915087</swisstopo:routepoint_id>
				</extensions>
			</trkpt>
			<trkpt lat="46.1491324552" lon="6.9208873904">
				<ele>2506.7</ele>
				<extensions>
					<swisstopo:routepoint_id>228834631</swisstopo:routepoint_id>
				</extensions>
			</trkpt>
			<trkpt lat="46.1491458024" lon="6.9208927391">
				<ele>2507.1</ele>
				<extensions>
					<swisstopo:routepoint_id>425242721</swisstopo:routepoint_id>
				</extensions>
			</trkpt>
			<trkpt lat="46.1491518502" lon="6.9208618637">
				<ele>2508.2</ele>
				<extensions>
					<swisstopo:routepoint_id>1252074582</swisstopo:routepoint_id>
				</extensions>
			</trkpt>
			<trkpt lat="46.1491531269" lon="6.9208282898">
				<ele>2508.7</ele>
				<extensions>
					<swisstopo:routepoint_id>470151985</swisstopo:routepoint_id>
				</extensions>
			</trkpt>
			<trkpt lat="46.1491595918" lon="6.9207843893">
				<ele>2509.2</ele>
				<extensions>
					<swisstopo:routepoint_id>1854783291</swisstopo:routepoint_id>
				</extensions>
			</trkpt>
			<trkpt lat="46.1491569019" lon="6.9207233745">
				<ele>2509.4</ele>
				<extensions>
					<swisstopo:routepoint_id>783998748</swisstopo:routepoint_id>
				</extensions>
			</trkpt>
			<trkpt lat="46.1491596009" lon="6.9207270816">
				<ele>2509.5</ele>
				<extensions>
					<swisstopo:routepoint_id>1624171395</swisstopo:routepoint_id>
				</extensions>
			</trkpt>
			<trkpt lat="46.1491752755" lon="6.9207292799">
				<ele>2509.8</ele>
				<extensions>
					<swisstopo:routepoint_id>471287933</swisstopo:routepoint_id>
				</extensions>
			</trkpt>
			<trkpt lat="46.1491974105" lon="6.9207818025">
				<ele>2510.2</ele>
				<extensions>
					<swisstopo:routepoint_id>1191768386</swisstopo:routepoint_id>
				</extensions>
			</trkpt>
			<trkpt lat="46.1492184757" lon="6.9208069471">
				<ele>2510.6</ele>
				<extensions>
					<swisstopo:routepoint_id>1024556176</swisstopo:routepoint_id>
				</extensions>
			</trkpt>
			<trkpt lat="46.1492462161" lon="6.9208361447">
				<ele>2510.9</ele>
				<extensions>
					<swisstopo:routepoint_id>878373722</swisstopo:routepoint_id>
				</extensions>
			</trkpt>
			<trkpt lat="46.1492729064" lon="6.9208441119">
				<ele>2511.1</ele>
				<extensions>
					<swisstopo:routepoint_id>1692918975</swisstopo:routepoint_id>
				</extensions>
			</trkpt>
			<trkpt lat="46.1493029150" lon="6.9208479317">
				<ele>2511.7</ele>
				<extensions>
					<swisstopo:routepoint_id>1016280738</swisstopo:routepoint_id>
				</extensions>
			</trkpt>
			<trkpt lat="46.1493519734" lon="6.9208550019">
				<ele>2512.9</ele>
				<extensions>
					<swisstopo:routepoint_id>295599807</swisstopo:routepoint_id>
				</extensions>
			</trkpt>
			<trkpt lat="46.1493997510" lon="6.9208929154">
				<ele>2514.3</ele>
				<extensions>
					<swisstopo:routepoint_id>1609192875</swisstopo:routepoint_id>
				</extensions>
			</trkpt>
			<trkpt lat="46.1494379716" lon="6.9209240595">
				<ele>2515.6</ele>
				<extensions>
					<swisstopo:routepoint_id>1362796590</swisstopo:routepoint_id>
				</extensions>
			</trkpt>
			<trkpt lat="46.1494961882" lon="6.9209550145">
				<ele>2517.5</ele>
				<extensions>
					<swisstopo:routepoint_id>479358241</swisstopo:routepoint_id>
				</extensions>
			</trkpt>
			<trkpt lat="46.1495396400" lon="6.9209833652">
				<ele>2519.0</ele>
				<extensions>
					<swisstopo:routepoint_id>2085158862</swisstopo:routepoint_id>
				</extensions>
			</trkpt>
			<trkpt lat="46.1495596746" lon="6.9209934530">
				<ele>2519.6</ele>
				<extensions>
					<swisstopo:routepoint_id>1691074180</swisstopo:routepoint_id>
				</extensions>
			</trkpt>
			<trkpt lat="46.1495734196" lon="6.9209796294">
				<ele>2520.1</ele>
				<extensions>
					<swisstopo:routepoint_id>189971546</swisstopo:routepoint_id>
				</extensions>
			</trkpt>
			<trkpt lat="46.1495907982" lon="6.9209280926">
				<ele>2521.4</ele>
				<extensions>
					<swisstopo:routepoint_id>835136734</swisstopo:routepoint_id>
				</extensions>
			</trkpt>
			<trkpt lat="46.1496026146" lon="6.9209094847">
				<ele>2522.0</ele>
				<extensions>
					<swisstopo:routepoint_id>1223861100</swisstopo:routepoint_id>
				</extensions>
			</trkpt>
			<trkpt lat="46.1496201805" lon="6.9208990548">
				<ele>2522.6</ele>
				<extensions>
					<swisstopo:routepoint_id>994659164</swisstopo:routepoint_id>
				</extensions>
			</trkpt>
			<trkpt lat="46.1496377839" lon="6.9208988887">
				<ele>2523.2</ele>
				<extensions>
					<swisstopo:routepoint_id>1259135986</swisstopo:routepoint_id>
				</extensions>
			</trkpt>
			<trkpt lat="46.1496798155" lon="6.9209293109">
				<ele>2524.6</ele>
				<extensions>
					<swisstopo:routepoint_id>800190500</swisstopo:routepoint_id>
				</extensions>
			</trkpt>
			<trkpt lat="46.1497323295" lon="6.9209623779">
				<ele>2526.2</ele>
				<extensions>
					<swisstopo:routepoint_id>582693260</swisstopo:routepoint_id>
				</extensions>
			</trkpt>
			<trkpt lat="46.1497600447" lon="6.9209860881">
				<ele>2527.3</ele>
				<extensions>
					<swisstopo:routepoint_id>1355707990</swisstopo:routepoint_id>
				</extensions>
			</trkpt>
			<trkpt lat="46.1497771653" lon="6.9209824963">
				<ele>2528.0</ele>
				<extensions>
					<swisstopo:routepoint_id>156602795</swisstopo:routepoint_id>
				</extensions>
			</trkpt>
			<trkpt lat="46.1497837649" lon="6.9209680539">
				<ele>2528.6</ele>
				<extensions>
					<swisstopo:routepoint_id>593132367</swisstopo:routepoint_id>
				</extensions>
			</trkpt>
			<trkpt lat="46.1497930855" lon="6.9209248119">
				<ele>2529.9</ele>
				<extensions>
					<swisstopo:routepoint_id>886142216</swisstopo:routepoint_id>
				</extensions>
			</trkpt>
			<trkpt lat="46.1498010873" lon="6.9209041950">
				<ele>2530.7</ele>
				<extensions>
					<swisstopo:routepoint_id>1977470284</swisstopo:routepoint_id>
				</extensions>
			</trkpt>
			<trkpt lat="46.1498139197" lon="6.9208992722">
				<ele>2531.3</ele>
				<extensions>
					<swisstopo:routepoint_id>480544772</swisstopo:routepoint_id>
				</extensions>
			</trkpt>
			<trkpt lat="46.1498267990" lon="6.9209066834">
				<ele>2531.9</ele>
				<extensions>
					<swisstopo:routepoint_id>1832551378</swisstopo:routepoint_id>
				</extensions>
			</trkpt>
			<trkpt lat="46.1498444117" lon="6.9209065173">
				<ele>2532.7</ele>
				<extensions>
					<swisstopo:routepoint_id>390072746</swisstopo:routepoint_id>
				</extensions>
			</trkpt>
			<trkpt lat="46.1498686465" lon="6.9208967106">
				<ele>2533.8</ele>
				<extensions>
					<swisstopo:routepoint_id>1945369703</swisstopo:routepoint_id>
				</extensions>
			</trkpt>
			<trkpt lat="46.1499005057" lon="6.9208881907">
				<ele>2535.0</ele>
				<extensions>
					<swisstopo:routepoint_id>888650363</swisstopo:routepoint_id>
				</extensions>
			</trkpt>
			<trkpt lat="46.1499223096" lon="6.9208681168">
				<ele>2535.7</ele>
				<extensions>
					<swisstopo:routepoint_id>2137825760</swisstopo:routepoint_id>
				</extensions>
			</trkpt>
			<trkpt lat="46.1499360334" lon="6.9208515486">
				<ele>2536.2</ele>
				<extensions>
					<swisstopo:routepoint_id>994713544</swisstopo:routepoint_id>
				</extensions>
			</trkpt>
			<trkpt lat="46.1499526831" lon="6.9208493337">
				<ele>2536.5</ele>
				<extensions>
					<swisstopo:routepoint_id>1532315024</swisstopo:routepoint_id>
				</extensions>
			</trkpt>
			<trkpt lat="46.1499937392" lon="6.9208749760">
				<ele>2537.5</ele>
				<extensions>
					<swisstopo:routepoint_id>1506025738</swisstopo:routepoint_id>
				</extensions>
			</trkpt>
			<trkpt lat="46.1500538251" lon="6.9208976944">
				<ele>2539.2</ele>
				<extensions>
					<swisstopo:routepoint_id>1589460053</swisstopo:routepoint_id>
				</extensions>
			</trkpt>
			<trkpt lat="46.1500772779" lon="6.9209255610">
				<ele>2540.0</ele>
				<extensions>
					<swisstopo:routepoint_id>669242656</swisstopo:routepoint_id>
				</extensions>
			</trkpt>
			<trkpt lat="46.1501274704" lon="6.9209723447">
				<ele>2541.7</ele>
				<extensions>
					<swisstopo:routepoint_id>1996623354</swisstopo:routepoint_id>
				</extensions>
			</trkpt>
			<trkpt lat="46.1501676446" lon="6.9210137477">
				<ele>2543.3</ele>
				<extensions>
					<swisstopo:routepoint_id>1533396822</swisstopo:routepoint_id>
				</extensions>
			</trkpt>
			<trkpt lat="46.1501906583" lon="6.9210498374">
				<ele>2544.3</ele>
				<extensions>
					<swisstopo:routepoint_id>65511098</swisstopo:routepoint_id>
				</extensions>
			</trkpt>
			<trkpt lat="46.1502190004" lon="6.9211064186">
				<ele>2545.3</ele>
				<extensions>
					<swisstopo:routepoint_id>1211676857</swisstopo:routepoint_id>
				</extensions>
			</trkpt>
			<trkpt lat="46.1502587474" lon="6.9211587763">
				<ele>2546.8</ele>
				<extensions>
					<swisstopo:routepoint_id>1803334824</swisstopo:routepoint_id>
				</extensions>
			</trkpt>
			<trkpt lat="46.1502936861" lon="6.9212002291">
				<ele>2548.2</ele>
				<extensions>
					<swisstopo:routepoint_id>93509483</swisstopo:routepoint_id>
				</extensions>
			</trkpt>
			<trkpt lat="46.1503094326" lon="6.9212089856">
				<ele>2548.7</ele>
				<extensions>
					<swisstopo:routepoint_id>191793090</swisstopo:routepoint_id>
				</extensions>
			</trkpt>
			<trkpt lat="46.1503312865" lon="6.9211998745">
				<ele>2549.7</ele>
				<extensions>
					<swisstopo:routepoint_id>1561782853</swisstopo:routepoint_id>
				</extensions>
			</trkpt>
			<trkpt lat="46.1503479794" lon="6.9212052053">
				<ele>2550.3</ele>
				<extensions>
					<swisstopo:routepoint_id>1661782984</swisstopo:routepoint_id>
				</extensions>
			</trkpt>
			<trkpt lat="46.1503714820" lon="6.9212460797">
				<ele>2551.2</ele>
				<extensions>
					<swisstopo:routepoint_id>146654699</swisstopo:routepoint_id>
				</extensions>
			</trkpt>
			<trkpt lat="46.1503912669" lon="6.9212684928">
				<ele>2551.7</ele>
				<extensions>
					<swisstopo:routepoint_id>1162489015</swisstopo:routepoint_id>
				</extensions>
			</trkpt>
			<trkpt lat="46.1504161311" lon="6.9212942885">
				<ele>2552.4</ele>
				<extensions>
					<swisstopo:routepoint_id>1616016432</swisstopo:routepoint_id>
				</extensions>
			</trkpt>
			<trkpt lat="46.1504334419" lon="6.9213324777">
				<ele>2553.0</ele>
				<extensions>
					<swisstopo:routepoint_id>1969336228</swisstopo:routepoint_id>
				</extensions>
			</trkpt>
			<trkpt lat="46.1504538122" lon="6.9214144780">
				<ele>2553.3</ele>
				<extensions>
					<swisstopo:routepoint_id>2040399132</swisstopo:routepoint_id>
				</extensions>
			</trkpt>
			<trkpt lat="46.1504740427" lon="6.9214677187">
				<ele>2554.0</ele>
				<extensions>
					<swisstopo:routepoint_id>313804531</swisstopo:routepoint_id>
				</extensions>
			</trkpt>
			<trkpt lat="46.1504942014" lon="6.9215031365">
				<ele>2554.8</ele>
				<extensions>
					<swisstopo:routepoint_id>1691607652</swisstopo:routepoint_id>
				</extensions>
			</trkpt>
			<trkpt lat="46.1505382144" lon="6.9215520382">
				<ele>2557.0</ele>
				<extensions>
					<swisstopo:routepoint_id>750512469</swisstopo:routepoint_id>
				</extensions>
			</trkpt>
			<trkpt lat="46.1505755717" lon="6.9216010018">
				<ele>2558.6</ele>
				<extensions>
					<swisstopo:routepoint_id>2059875908</swisstopo:routepoint_id>
				</extensions>
			</trkpt>
			<trkpt lat="46.1506216037" lon="6.9216745411">
				<ele>2560.1</ele>
				<extensions>
					<swisstopo:routepoint_id>302561651</swisstopo:routepoint_id>
				</extensions>
			</trkpt>
			<trkpt lat="46.1506609081" lon="6.9217344497">
				<ele>2560.9</ele>
				<extensions>
					<swisstopo:routepoint_id>547398257</swisstopo:routepoint_id>
				</extensions>
			</trkpt>
			<trkpt lat="46.1507335935" lon="6.9218077391">
				<ele>2563.0</ele>
				<extensions>
					<swisstopo:routepoint_id>31336996</swisstopo:routepoint_id>
				</extensions>
			</trkpt>
			<trkpt lat="46.1507804107" lon="6.9218442784">
				<ele>2563.1</ele>
				<extensions>
					<swisstopo:routepoint_id>687165966</swisstopo:routepoint_id>
				</extensions>
			</trkpt>
			<trkpt lat="46.1508496292" lon="6.9219010062">
				<ele>2563.7</ele>
				<extensions>
					<swisstopo:routepoint_id>1929671280</swisstopo:routepoint_id>
				</extensions>
			</trkpt>
			<trkpt lat="46.1508910182" lon="6.9219880519">
				<ele>2564.4</ele>
				<extensions>
					<swisstopo:routepoint_id>850061932</swisstopo:routepoint_id>
				</extensions>
			</trkpt>
			<trkpt lat="46.1509390258" lon="6.9220766409">
				<ele>2565.9</ele>
				<extensions>
					<swisstopo:routepoint_id>153122834</swisstopo:routepoint_id>
				</extensions>
			</trkpt>
			<trkpt lat="46.1509621756" lon="6.9221150988">
				<ele>2567.1</ele>
				<extensions>
					<swisstopo:routepoint_id>986929066</swisstopo:routepoint_id>
				</extensions>
			</trkpt>
			<trkpt lat="46.1509947606" lon="6.9221909541">
				<ele>2568.7</ele>
				<extensions>
					<swisstopo:routepoint_id>124765334</swisstopo:routepoint_id>
				</extensions>
			</trkpt>
			<trkpt lat="46.1510247181" lon="6.9222369072">
				<ele>2570.5</ele>
				<extensions>
					<swisstopo:routepoint_id>1731461633</swisstopo:routepoint_id>
				</extensions>
			</trkpt>
			<trkpt lat="46.1510629853" lon="6.9222785109">
				<ele>2572.7</ele>
				<extensions>
					<swisstopo:routepoint_id>353523605</swisstopo:routepoint_id>
				</extensions>
			</trkpt>
			<trkpt lat="46.1511024572" lon="6.9223217990">
				<ele>2574.7</ele>
				<extensions>
					<swisstopo:routepoint_id>2087451292</swisstopo:routepoint_id>
				</extensions>
			</trkpt>
			<trkpt lat="46.1511234717" lon="6.9223635527">
				<ele>2575.9</ele>
				<extensions>
					<swisstopo:routepoint_id>474673750</swisstopo:routepoint_id>
				</extensions>
			</trkpt>
			<trkpt lat="46.1511365989" lon="6.9223719980">
				<ele>2576.5</ele>
				<extensions>
					<swisstopo:routepoint_id>1965307351</swisstopo:routepoint_id>
				</extensions>
			</trkpt>
			<trkpt lat="46.1511472692" lon="6.9223624749">
				<ele>2577.1</ele>
				<extensions>
					<swisstopo:routepoint_id>687025489</swisstopo:routepoint_id>
				</extensions>
			</trkpt>
			<trkpt lat="46.1511525244" lon="6.9223410157">
				<ele>2577.7</ele>
				<extensions>
					<swisstopo:routepoint_id>276925334</swisstopo:routepoint_id>
				</extensions>
			</trkpt>
			<trkpt lat="46.1511547909" lon="6.9223153142">
				<ele>2578.1</ele>
				<extensions>
					<swisstopo:routepoint_id>1975772985</swisstopo:routepoint_id>
				</extensions>
			</trkpt>
			<trkpt lat="46.1511630741" lon="6.9223049589">
				<ele>2578.7</ele>
				<extensions>
					<swisstopo:routepoint_id>1219584679</swisstopo:routepoint_id>
				</extensions>
			</trkpt>
			<trkpt lat="46.1511875000" lon="6.9223115762">
				<ele>2580.1</ele>
				<extensions>
					<swisstopo:routepoint_id>1227461623</swisstopo:routepoint_id>
				</extensions>
			</trkpt>
			<trkpt lat="46.1512303977" lon="6.9223248803">
				<ele>2582.3</ele>
				<extensions>
					<swisstopo:routepoint_id>1617681349</swisstopo:routepoint_id>
				</extensions>
			</trkpt>
			<trkpt lat="46.1512697094" lon="6.9223330658">
				<ele>2584.6</ele>
				<extensions>
					<swisstopo:routepoint_id>321573543</swisstopo:routepoint_id>
				</extensions>
			</trkpt>
			<trkpt lat="46.1512983164" lon="6.9223430741">
				<ele>2586.3</ele>
				<extensions>
					<swisstopo:routepoint_id>1008404981</swisstopo:routepoint_id>
				</extensions>
			</trkpt>
			<trkpt lat="46.1513776963" lon="6.9223971193">
				<ele>2590.6</ele>
				<extensions>
					<swisstopo:routepoint_id>75701715</swisstopo:routepoint_id>
				</extensions>
			</trkpt>
			<trkpt lat="46.1514124014" lon="6.9224387438">
				<ele>2592.1</ele>
				<extensions>
					<swisstopo:routepoint_id>2105706325</swisstopo:routepoint_id>
				</extensions>
			</trkpt>
			<trkpt lat="46.1514404571" lon="6.9224581809">
				<ele>2593.5</ele>
				<extensions>
					<swisstopo:routepoint_id>1811054408</swisstopo:routepoint_id>
				</extensions>
			</trkpt>
			<trkpt lat="46.1514720477" lon="6.9224715781">
				<ele>2595.3</ele>
				<extensions>
					<swisstopo:routepoint_id>1369197259</swisstopo:routepoint_id>
				</extensions>
			</trkpt>
			<trkpt lat="46.1514888245" lon="6.9224953925">
				<ele>2596.1</ele>
				<extensions>
					<swisstopo:routepoint_id>284121220</swisstopo:routepoint_id>
				</extensions>
			</trkpt>
			<trkpt lat="46.1515043767" lon="6.9225149472">
				<ele>2596.8</ele>
				<extensions>
					<swisstopo:routepoint_id>250707862</swisstopo:routepoint_id>
				</extensions>
			</trkpt>
			<trkpt lat="46.1515294356" lon="6.9225301149">
				<ele>2598.0</ele>
				<extensions>
					<swisstopo:routepoint_id>182602775</swisstopo:routepoint_id>
				</extensions>
			</trkpt>
			<trkpt lat="46.1515450516" lon="6.9225616549">
				<ele>2598.8</ele>
				<extensions>
					<swisstopo:routepoint_id>2053836779</swisstopo:routepoint_id>
				</extensions>
			</trkpt>
			<trkpt lat="46.1515928914" lon="6.9226134210">
				<ele>2600.8</ele>
				<extensions>
					<swisstopo:routepoint_id>2038359789</swisstopo:routepoint_id>
				</extensions>
			</trkpt>
			<trkpt lat="46.1516174146" lon="6.9226414469">
				<ele>2601.7</ele>
				<extensions>
					<swisstopo:routepoint_id>889550308</swisstopo:routepoint_id>
				</extensions>
			</trkpt>
			<trkpt lat="46.1516294125" lon="6.9226627433">
				<ele>2601.8</ele>
				<extensions>
					<swisstopo:routepoint_id>1199970755</swisstopo:routepoint_id>
				</extensions>
			</trkpt>
			<trkpt lat="46.1516505669" lon="6.9227353156">
				<ele>2602.1</ele>
				<extensions>
					<swisstopo:routepoint_id>2080857450</swisstopo:routepoint_id>
				</extensions>
			</trkpt>
			<trkpt lat="46.1516789064" lon="6.9228172433">
				<ele>2603.0</ele>
				<extensions>
					<swisstopo:routepoint_id>597591146</swisstopo:routepoint_id>
				</extensions>
			</trkpt>
			<trkpt lat="46.1517096087" lon="6.9228965866">
				<ele>2604.0</ele>
				<extensions>
					<swisstopo:routepoint_id>210477965</swisstopo:routepoint_id>
				</extensions>
			</trkpt>
			<trkpt lat="46.1517475465" lon="6.9229964032">
				<ele>2605.0</ele>
				<extensions>
					<swisstopo:routepoint_id>160367850</swisstopo:routepoint_id>
				</extensions>
			</trkpt>
			<trkpt lat="46.1517811538" lon="6.9230577272">
				<ele>2606.2</ele>
				<extensions>
					<swisstopo:routepoint_id>869505955</swisstopo:routepoint_id>
				</extensions>
			</trkpt>
			<trkpt lat="46.1518147173" lon="6.9231113629">
				<ele>2607.3</ele>
				<extensions>
					<swisstopo:routepoint_id>971000044</swisstopo:routepoint_id>
				</extensions>
			</trkpt>
			<trkpt lat="46.1518469294" lon="6.9231290393">
				<ele>2608.9</ele>
				<extensions>
					<swisstopo:routepoint_id>510767129</swisstopo:routepoint_id>
				</extensions>
			</trkpt>
			<trkpt lat="46.1518725234" lon="6.9231313618">
				<ele>2610.3</ele>
				<extensions>
					<swisstopo:routepoint_id>1172860306</swisstopo:routepoint_id>
				</extensions>
			</trkpt>
			<trkpt lat="46.1518899124" lon="6.9231611640">
				<ele>2610.9</ele>
				<extensions>
					<swisstopo:routepoint_id>213578749</swisstopo:routepoint_id>
				</extensions>
			</trkpt>
			<trkpt lat="46.1519066687" lon="6.9231824159">
				<ele>2611.5</ele>
				<extensions>
					<swisstopo:routepoint_id>232687648</swisstopo:routepoint_id>
				</extensions>
			</trkpt>
			<trkpt lat="46.1519722344" lon="6.9232074811">
				<ele>2614.3</ele>
				<extensions>
					<swisstopo:routepoint_id>1026287936</swisstopo:routepoint_id>
				</extensions>
			</trkpt>
			<trkpt lat="46.1519990986" lon="6.9232260752">
				<ele>2615.8</ele>
				<extensions>
					<swisstopo:routepoint_id>588328732</swisstopo:routepoint_id>
				</extensions>
			</trkpt>
			<trkpt lat="46.1520301228" lon="6.9232454717">
				<ele>2617.4</ele>
				<extensions>
					<swisstopo:routepoint_id>823149758</swisstopo:routepoint_id>
				</extensions>
			</trkpt>
			<trkpt lat="46.1520586747" lon="6.9232434947">
				<ele>2619.0</ele>
				<extensions>
					<swisstopo:routepoint_id>1288385837</swisstopo:routepoint_id>
				</extensions>
			</trkpt>
			<trkpt lat="46.1520956740" lon="6.9232653987">
				<ele>2620.8</ele>
				<extensions>
					<swisstopo:routepoint_id>1539743341</swisstopo:routepoint_id>
				</extensions>
			</trkpt>
			<trkpt lat="46.1521195442" lon="6.9232822996">
				<ele>2622.2</ele>
				<extensions>
					<swisstopo:routepoint_id>1240257989</swisstopo:routepoint_id>
				</extensions>
			</trkpt>
			<trkpt lat="46.1521612864" lon="6.9233007541">
				<ele>2624.3</ele>
				<extensions>
					<swisstopo:routepoint_id>906368880</swisstopo:routepoint_id>
				</extensions>
			</trkpt>
			<trkpt lat="46.1521850790" lon="6.9233005306">
				<ele>2625.6</ele>
				<extensions>
					<swisstopo:routepoint_id>27269613</swisstopo:routepoint_id>
				</extensions>
			</trkpt>
			<trkpt lat="46.1522005892" lon="6.9233089404">
				<ele>2626.5</ele>
				<extensions>
					<swisstopo:routepoint_id>2105447897</swisstopo:routepoint_id>
				</extensions>
			</trkpt>
			<trkpt lat="46.1522251478" lon="6.9233446688">
				<ele>2628.1</ele>
				<extensions>
					<swisstopo:routepoint_id>241616561</swisstopo:routepoint_id>
				</extensions>
			</trkpt>
			<trkpt lat="46.1522717959" lon="6.9233956059">
				<ele>2629.8</ele>
				<extensions>
					<swisstopo:routepoint_id>126509813</swisstopo:routepoint_id>
				</extensions>
			</trkpt>
			<trkpt lat="46.1523118870" lon="6.9234466047">
				<ele>2632.1</ele>
				<extensions>
					<swisstopo:routepoint_id>2114014604</swisstopo:routepoint_id>
				</extensions>
			</trkpt>
			<trkpt lat="46.1523327109" lon="6.9234464093">
				<ele>2633.0</ele>
				<extensions>
					<swisstopo:routepoint_id>886232707</swisstopo:routepoint_id>
				</extensions>
			</trkpt>
			<trkpt lat="46.1523456332" lon="6.9234077532">
				<ele>2634.5</ele>
				<extensions>
					<swisstopo:routepoint_id>1789388185</swisstopo:routepoint_id>
				</extensions>
			</trkpt>
			<trkpt lat="46.1523717198" lon="6.9233878204">
				<ele>2636.3</ele>
				<extensions>
					<swisstopo:routepoint_id>1366257187</swisstopo:routepoint_id>
				</extensions>
			</trkpt>
			<trkpt lat="46.1523883865" lon="6.9233893726">
				<ele>2637.1</ele>
				<extensions>
					<swisstopo:routepoint_id>1985548560</swisstopo:routepoint_id>
				</extensions>
			</trkpt>
			<trkpt lat="46.1524057794" lon="6.9234200291">
				<ele>2638.0</ele>
				<extensions>
					<swisstopo:routepoint_id>1437182967</swisstopo:routepoint_id>
				</extensions>
			</trkpt>
			<trkpt lat="46.1524291459" lon="6.9234549148">
				<ele>2639.4</ele>
				<extensions>
					<swisstopo:routepoint_id>525616554</swisstopo:routepoint_id>
				</extensions>
			</trkpt>
			<trkpt lat="46.1524502067" lon="6.9235069465">
				<ele>2641.1</ele>
				<extensions>
					<swisstopo:routepoint_id>1705547530</swisstopo:routepoint_id>
				</extensions>
			</trkpt>
			<trkpt lat="46.1524712598" lon="6.9235572703">
				<ele>2642.4</ele>
				<extensions>
					<swisstopo:routepoint_id>1968574916</swisstopo:routepoint_id>
				</extensions>
			</trkpt>
			<trkpt lat="46.1524994821" lon="6.9236135067">
				<ele>2644.0</ele>
				<extensions>
					<swisstopo:routepoint_id>887374012</swisstopo:routepoint_id>
				</extensions>
			</trkpt>
			<trkpt lat="46.1525140500" lon="6.9236758771">
				<ele>2644.6</ele>
				<extensions>
					<swisstopo:routepoint_id>89494016</swisstopo:routepoint_id>
				</extensions>
			</trkpt>
			<trkpt lat="46.1525476205" lon="6.9237312221">
				<ele>2646.7</ele>
				<extensions>
					<swisstopo:routepoint_id>1553215964</swisstopo:routepoint_id>
				</extensions>
			</trkpt>
			<trkpt lat="46.1525698221" lon="6.9237729663">
				<ele>2648.2</ele>
				<extensions>
					<swisstopo:routepoint_id>370506831</swisstopo:routepoint_id>
				</extensions>
			</trkpt>
			<trkpt lat="46.1525826112" lon="6.9238379165">
				<ele>2649.5</ele>
				<extensions>
					<swisstopo:routepoint_id>506003793</swisstopo:routepoint_id>
				</extensions>
			</trkpt>
			<trkpt lat="46.1526025431" lon="6.9239028007">
				<ele>2651.1</ele>
				<extensions>
					<swisstopo:routepoint_id>1157271696</swisstopo:routepoint_id>
				</extensions>
			</trkpt>
			<trkpt lat="46.1526205730" lon="6.9239411538">
				<ele>2652.2</ele>
				<extensions>
					<swisstopo:routepoint_id>1241512964</swisstopo:routepoint_id>
				</extensions>
			</trkpt>
			<trkpt lat="46.1526434965" lon="6.9239616878">
				<ele>2653.7</ele>
				<extensions>
					<swisstopo:routepoint_id>844526741</swisstopo:routepoint_id>
				</extensions>
			</trkpt>
			<trkpt lat="46.1526615802" lon="6.9239601459">
				<ele>2655.2</ele>
				<extensions>
					<swisstopo:routepoint_id>1252866168</swisstopo:routepoint_id>
				</extensions>
			</trkpt>
			<trkpt lat="46.1526873286" lon="6.9239688107">
				<ele>2657.0</ele>
				<extensions>
					<swisstopo:routepoint_id>823700390</swisstopo:routepoint_id>
				</extensions>
			</trkpt>
			<trkpt lat="46.1527101954" lon="6.9239727123">
				<ele>2658.9</ele>
				<extensions>
					<swisstopo:routepoint_id>542701657</swisstopo:routepoint_id>
				</extensions>
			</trkpt>
			<trkpt lat="46.1527375638" lon="6.9240251903">
				<ele>2660.0</ele>
				<extensions>
					<swisstopo:routepoint_id>1075882371</swisstopo:routepoint_id>
				</extensions>
			</trkpt>
			<trkpt lat="46.1527597929" lon="6.9240989584">
				<ele>2660.0</ele>
				<extensions>
					<swisstopo:routepoint_id>753542390</swisstopo:routepoint_id>
				</extensions>
			</trkpt>
			<trkpt lat="46.1527876725" lon="6.9241589784">
				<ele>2661.0</ele>
				<extensions>
					<swisstopo:routepoint_id>532347856</swisstopo:routepoint_id>
				</extensions>
			</trkpt>
			<trkpt lat="46.1528055583" lon="6.9242190918">
				<ele>2660.8</ele>
				<extensions>
					<swisstopo:routepoint_id>1849037199</swisstopo:routepoint_id>
				</extensions>
			</trkpt>
			<trkpt lat="46.1528153010" lon="6.9242669465">
				<ele>2660.9</ele>
				<extensions>
					<swisstopo:routepoint_id>273544597</swisstopo:routepoint_id>
				</extensions>
			</trkpt>
			<trkpt lat="46.1528229978" lon="6.9242860578">
				<ele>2661.4</ele>
				<extensions>
					<swisstopo:routepoint_id>1080849510</swisstopo:routepoint_id>
				</extensions>
			</trkpt>
			<trkpt lat="46.1528380194" lon="6.9243434543">
				<ele>2662.7</ele>
				<extensions>
					<swisstopo:routepoint_id>781908329</swisstopo:routepoint_id>
				</extensions>
			</trkpt>
			<trkpt lat="46.1528524503" lon="6.9243775696">
				<ele>2664.0</ele>
				<extensions>
					<swisstopo:routepoint_id>1441966732</swisstopo:routepoint_id>
				</extensions>
			</trkpt>
			<trkpt lat="46.1528721960" lon="6.9244273753">
				<ele>2664.7</ele>
				<extensions>
					<swisstopo:routepoint_id>1021121187</swisstopo:routepoint_id>
				</extensions>
			</trkpt>
			<trkpt lat="46.1528762271" lon="6.9244773410">
				<ele>2665.7</ele>
				<extensions>
					<swisstopo:routepoint_id>1651784508</swisstopo:routepoint_id>
				</extensions>
			</trkpt>
			<trkpt lat="46.1528981929" lon="6.9244928881">
				<ele>2666.4</ele>
				<extensions>
					<swisstopo:routepoint_id>448709875</swisstopo:routepoint_id>
				</extensions>
			</trkpt>
			<trkpt lat="46.1529278273" lon="6.9245193278">
				<ele>2667.5</ele>
				<extensions>
					<swisstopo:routepoint_id>187214390</swisstopo:routepoint_id>
				</extensions>
			</trkpt>
			<trkpt lat="46.1529588825" lon="6.9245436953">
				<ele>2668.6</ele>
				<extensions>
					<swisstopo:routepoint_id>1598453480</swisstopo:routepoint_id>
				</extensions>
			</trkpt>
			<trkpt lat="46.1529803743" lon="6.9245599334">
				<ele>2669.2</ele>
				<extensions>
					<swisstopo:routepoint_id>1854978197</swisstopo:routepoint_id>
				</extensions>
			</trkpt>
			<trkpt lat="46.1530122903" lon="6.9245657963">
				<ele>2670.1</ele>
				<extensions>
					<swisstopo:routepoint_id>819136381</swisstopo:routepoint_id>
				</extensions>
			</trkpt>
			<trkpt lat="46.1530323425" lon="6.9245779443">
				<ele>2670.1</ele>
				<extensions>
					<swisstopo:routepoint_id>494658674</swisstopo:routepoint_id>
				</extensions>
			</trkpt>
			<trkpt lat="46.1530587634" lon="6.9246318039">
				<ele>2670.6</ele>
				<extensions>
					<swisstopo:routepoint_id>583313947</swisstopo:routepoint_id>
				</extensions>
			</trkpt>
			<trkpt lat="46.1530727261" lon="6.9246659239">
				<ele>2671.0</ele>
				<extensions>
					<swisstopo:routepoint_id>825704923</swisstopo:routepoint_id>
				</extensions>
			</trkpt>
			<trkpt lat="46.1530690544" lon="6.9246954195">
				<ele>2671.2</ele>
				<extensions>
					<swisstopo:routepoint_id>12443126</swisstopo:routepoint_id>
				</extensions>
			</trkpt>
			<trkpt lat="46.1530595874" lon="6.9247085172">
				<ele>2671.0</ele>
				<extensions>
					<swisstopo:routepoint_id>1303670381</swisstopo:routepoint_id>
				</extensions>
			</trkpt>
			<trkpt lat="46.1530554543" lon="6.9247414344">
				<ele>2671.5</ele>
				<extensions>
					<swisstopo:routepoint_id>1647712578</swisstopo:routepoint_id>
				</extensions>
			</trkpt>
			<trkpt lat="46.1530569777" lon="6.9247619758">
				<ele>2671.8</ele>
				<extensions>
					<swisstopo:routepoint_id>660940866</swisstopo:routepoint_id>
				</extensions>
			</trkpt>
			<trkpt lat="46.1530822529" lon="6.9247733758">
				<ele>2672.8</ele>
				<extensions>
					<swisstopo:routepoint_id>1942063717</swisstopo:routepoint_id>
				</extensions>
			</trkpt>
			<trkpt lat="46.1531118158" lon="6.9247840634">
				<ele>2673.5</ele>
				<extensions>
					<swisstopo:routepoint_id>705934535</swisstopo:routepoint_id>
				</extensions>
			</trkpt>
			<trkpt lat="46.1531409174" lon="6.9247981716">
				<ele>2674.1</ele>
				<extensions>
					<swisstopo:routepoint_id>1546736210</swisstopo:routepoint_id>
				</extensions>
			</trkpt>
			<trkpt lat="46.1531796848" lon="6.9248450684">
				<ele>2674.3</ele>
				<extensions>
					<swisstopo:routepoint_id>2129942979</swisstopo:routepoint_id>
				</extensions>
			</trkpt>
			<trkpt lat="46.1531969570" lon="6.9248750538">
				<ele>2673.8</ele>
				<extensions>
					<swisstopo:routepoint_id>266278240</swisstopo:routepoint_id>
				</extensions>
			</trkpt>
			<trkpt lat="46.1532052137" lon="6.9249105869">
				<ele>2674.7</ele>
				<extensions>
					<swisstopo:routepoint_id>1112153504</swisstopo:routepoint_id>
				</extensions>
			</trkpt>
			<trkpt lat="46.1532229907" lon="6.9249467294">
				<ele>2674.8</ele>
				<extensions>
					<swisstopo:routepoint_id>1826455846</swisstopo:routepoint_id>
				</extensions>
			</trkpt>
			<trkpt lat="46.1532483154" lon="6.9249690927">
				<ele>2675.5</ele>
				<extensions>
					<swisstopo:routepoint_id>1685436768</swisstopo:routepoint_id>
				</extensions>
			</trkpt>
			<trkpt lat="46.1532675596" lon="6.9250134413">
				<ele>2676.1</ele>
				<extensions>
					<swisstopo:routepoint_id>1428348762</swisstopo:routepoint_id>
				</extensions>
			</trkpt>
			<trkpt lat="46.1532811135" lon="6.9250626324">
				<ele>2676.8</ele>
				<extensions>
					<swisstopo:routepoint_id>1766421270</swisstopo:routepoint_id>
				</extensions>
			</trkpt>
			<trkpt lat="46.1533028470" lon="6.9251322904">
				<ele>2678.5</ele>
				<extensions>
					<swisstopo:routepoint_id>298199903</swisstopo:routepoint_id>
				</extensions>
			</trkpt>
			<trkpt lat="46.1533220323" lon="6.9251636177">
				<ele>2679.8</ele>
				<extensions>
					<swisstopo:routepoint_id>980165720</swisstopo:routepoint_id>
				</extensions>
			</trkpt>
			<trkpt lat="46.1533408185" lon="6.9252141316">
				<ele>2681.1</ele>
				<extensions>
					<swisstopo:routepoint_id>273492900</swisstopo:routepoint_id>
				</extensions>
			</trkpt>
			<trkpt lat="46.1533666848" lon="6.9252488270">
				<ele>2682.7</ele>
				<extensions>
					<swisstopo:routepoint_id>181326399</swisstopo:routepoint_id>
				</extensions>
			</trkpt>
			<trkpt lat="46.1534024672" lon="6.9252663034">
				<ele>2685.0</ele>
				<extensions>
					<swisstopo:routepoint_id>1320802034</swisstopo:routepoint_id>
				</extensions>
			</trkpt>
			<trkpt lat="46.1534154672" lon="6.9253004326">
				<ele>2685.4</ele>
				<extensions>
					<swisstopo:routepoint_id>66392861</swisstopo:routepoint_id>
				</extensions>
			</trkpt>
			<trkpt lat="46.1534184607" lon="6.9253298534">
				<ele>2686.3</ele>
				<extensions>
					<swisstopo:routepoint_id>1748196445</swisstopo:routepoint_id>
				</extensions>
			</trkpt>
			<trkpt lat="46.1534300022" lon="6.9253557765">
				<ele>2687.0</ele>
				<extensions>
					<swisstopo:routepoint_id>1892424645</swisstopo:routepoint_id>
				</extensions>
			</trkpt>
			<trkpt lat="46.1534687012" lon="6.9253876073">
				<ele>2689.8</ele>
				<extensions>
					<swisstopo:routepoint_id>1433983097</swisstopo:routepoint_id>
				</extensions>
			</trkpt>
			<trkpt lat="46.1534878463" lon="6.9254100288">
				<ele>2690.9</ele>
				<extensions>
					<swisstopo:routepoint_id>580431053</swisstopo:routepoint_id>
				</extensions>
			</trkpt>
			<trkpt lat="46.1535240313" lon="6.9254110628">
				<ele>2693.5</ele>
				<extensions>
					<swisstopo:routepoint_id>848065056</swisstopo:routepoint_id>
				</extensions>
			</trkpt>
			<trkpt lat="46.1535655415" lon="6.9254339617">
				<ele>2696.2</ele>
				<extensions>
					<swisstopo:routepoint_id>1045746072</swisstopo:routepoint_id>
				</extensions>
			</trkpt>
			<trkpt lat="46.1536070237" lon="6.9254486537">
				<ele>2698.9</ele>
				<extensions>
					<swisstopo:routepoint_id>1580488545</swisstopo:routepoint_id>
				</extensions>
			</trkpt>
			<trkpt lat="46.1536370446" lon="6.9254552205">
				<ele>2701.1</ele>
				<extensions>
					<swisstopo:routepoint_id>1458113666</swisstopo:routepoint_id>
				</extensions>
			</trkpt>
			<trkpt lat="46.1536661554" lon="6.9254713879">
				<ele>2702.8</ele>
				<extensions>
					<swisstopo:routepoint_id>1633922265</swisstopo:routepoint_id>
				</extensions>
			</trkpt>
			<trkpt lat="46.1537242164" lon="6.9254681009">
				<ele>2706.5</ele>
				<extensions>
					<swisstopo:routepoint_id>1504115186</swisstopo:routepoint_id>
				</extensions>
			</trkpt>
			<trkpt lat="46.1537513861" lon="6.9254767525">
				<ele>2708.1</ele>
				<extensions>
					<swisstopo:routepoint_id>1281782149</swisstopo:routepoint_id>
				</extensions>
			</trkpt>
			<trkpt lat="46.1537743145" lon="6.9254943495">
				<ele>2709.3</ele>
				<extensions>
					<swisstopo:routepoint_id>1534376475</swisstopo:routepoint_id>
				</extensions>
			</trkpt>
			<trkpt lat="46.1537995617" lon="6.9254995893">
				<ele>2710.8</ele>
				<extensions>
					<swisstopo:routepoint_id>520383637</swisstopo:routepoint_id>
				</extensions>
			</trkpt>
			<trkpt lat="46.1538358241" lon="6.9255177480">
				<ele>2712.9</ele>
				<extensions>
					<swisstopo:routepoint_id>258004990</swisstopo:routepoint_id>
				</extensions>
			</trkpt>
			<trkpt lat="46.1538715570" lon="6.9255242616">
				<ele>2715.2</ele>
				<extensions>
					<swisstopo:routepoint_id>1035105791</swisstopo:routepoint_id>
				</extensions>
			</trkpt>
			<trkpt lat="46.1539186616" lon="6.9255190316">
				<ele>2718.5</ele>
				<extensions>
					<swisstopo:routepoint_id>558302562</swisstopo:routepoint_id>
				</extensions>
			</trkpt>
			<trkpt lat="46.1539662643" lon="6.9255206312">
				<ele>2721.4</ele>
				<extensions>
					<swisstopo:routepoint_id>865951983</swisstopo:routepoint_id>
				</extensions>
			</trkpt>
			<trkpt lat="46.1540109912" lon="6.9255167959">
				<ele>2724.4</ele>
				<extensions>
					<swisstopo:routepoint_id>804000301</swisstopo:routepoint_id>
				</extensions>
			</trkpt>
			<trkpt lat="46.1540401051" lon="6.9255336492">
				<ele>2725.5</ele>
				<extensions>
					<swisstopo:routepoint_id>931258691</swisstopo:routepoint_id>
				</extensions>
			</trkpt>
			<trkpt lat="46.1540538880" lon="6.9255280316">
				<ele>2726.8</ele>
				<extensions>
					<swisstopo:routepoint_id>330221277</swisstopo:routepoint_id>
				</extensions>
			</trkpt>
			<trkpt lat="46.1540666217" lon="6.9255012082">
				<ele>2728.8</ele>
				<extensions>
					<swisstopo:routepoint_id>50873369</swisstopo:routepoint_id>
				</extensions>
			</trkpt>
			<trkpt lat="46.1540660148" lon="6.9254724377">
				<ele>2729.7</ele>
				<extensions>
					<swisstopo:routepoint_id>405938384</swisstopo:routepoint_id>
				</extensions>
			</trkpt>
			<trkpt lat="46.1540576779" lon="6.9254190933">
				<ele>2731.2</ele>
				<extensions>
					<swisstopo:routepoint_id>1010965464</swisstopo:routepoint_id>
				</extensions>
			</trkpt>
			<trkpt lat="46.1540469877" lon="6.9253705611">
				<ele>2732.2</ele>
				<extensions>
					<swisstopo:routepoint_id>845535209</swisstopo:routepoint_id>
				</extensions>
			</trkpt>
			<trkpt lat="46.1540547770" lon="6.9253026715">
				<ele>2734.7</ele>
				<extensions>
					<swisstopo:routepoint_id>101885524</swisstopo:routepoint_id>
				</extensions>
			</trkpt>
			<trkpt lat="46.1540459135" lon="6.9252383682">
				<ele>2736.1</ele>
				<extensions>
					<swisstopo:routepoint_id>1494696590</swisstopo:routepoint_id>
				</extensions>
			</trkpt>
			<trkpt lat="46.1540501365" lon="6.9252253067">
				<ele>2736.7</ele>
				<extensions>
					<swisstopo:routepoint_id>1018568861</swisstopo:routepoint_id>
				</extensions>
			</trkpt>
			<trkpt lat="46.1540803246" lon="6.9252688671">
				<ele>2737.3</ele>
				<extensions>
					<swisstopo:routepoint_id>708179505</swisstopo:routepoint_id>
				</extensions>
			</trkpt>
			<trkpt lat="46.1541104665" lon="6.9253021505">
				<ele>2738.6</ele>
				<extensions>
					<swisstopo:routepoint_id>196173950</swisstopo:routepoint_id>
				</extensions>
			</trkpt>
			<trkpt lat="46.1541333389" lon="6.9253074118">
				<ele>2740.2</ele>
				<extensions>
					<swisstopo:routepoint_id>976709774</swisstopo:routepoint_id>
				</extensions>
			</trkpt>
			<trkpt lat="46.1541393916" lon="6.9252772201">
				<ele>2741.8</ele>
				<extensions>
					<swisstopo:routepoint_id>342873525</swisstopo:routepoint_id>
				</extensions>
			</trkpt>
			<trkpt lat="46.1541330851" lon="6.9252512478">
				<ele>2744.8</ele>
				<extensions>
					<swisstopo:routepoint_id>525806990</swisstopo:routepoint_id>
				</extensions>
			</trkpt>
			<trkpt lat="46.1541186895" lon="6.9252267235">
				<ele>2747.8</ele>
				<extensions>
					<swisstopo:routepoint_id>1551580873</swisstopo:routepoint_id>
				</extensions>
			</trkpt>
			<trkpt lat="46.1541157572" lon="6.9252089387">
				<ele>2748.3</ele>
				<extensions>
					<swisstopo:routepoint_id>1939689019</swisstopo:routepoint_id>
				</extensions>
			</trkpt>
			<trkpt lat="46.1541285466" lon="6.9251944380">
				<ele>2749.1</ele>
				<extensions>
					<swisstopo:routepoint_id>354047087</swisstopo:routepoint_id>
				</extensions>
			</trkpt>
			<trkpt lat="46.1541452057" lon="6.9251942823">
				<ele>2749.7</ele>
				<extensions>
					<swisstopo:routepoint_id>1677682771</swisstopo:routepoint_id>
				</extensions>
			</trkpt>
			<trkpt lat="46.1541627441" lon="6.9251776782">
				<ele>2750.7</ele>
				<extensions>
					<swisstopo:routepoint_id>700169012</swisstopo:routepoint_id>
				</extensions>
			</trkpt>
			<trkpt lat="46.1541801555" lon="6.9251329858">
				<ele>2752.3</ele>
				<extensions>
					<swisstopo:routepoint_id>963706898</swisstopo:routepoint_id>
				</extensions>
			</trkpt>
			<trkpt lat="46.1541888923" lon="6.9250657738">
				<ele>2754.5</ele>
				<extensions>
					<swisstopo:routepoint_id>95759443</swisstopo:routepoint_id>
				</extensions>
			</trkpt>
			<trkpt lat="46.1541987404" lon="6.9250334884">
				<ele>2755.9</ele>
				<extensions>
					<swisstopo:routepoint_id>877935140</swisstopo:routepoint_id>
				</extensions>
			</trkpt>
			<trkpt lat="46.1542104831" lon="6.9249984539">
				<ele>2757.4</ele>
				<extensions>
					<swisstopo:routepoint_id>2120064652</swisstopo:routepoint_id>
				</extensions>
			</trkpt>
			<trkpt lat="46.1542239873" lon="6.9249311964">
				<ele>2760.0</ele>
				<extensions>
					<swisstopo:routepoint_id>35135990</swisstopo:routepoint_id>
				</extensions>
			</trkpt>
			<trkpt lat="46.1542298476" lon="6.9248585351">
				<ele>2762.3</ele>
				<extensions>
					<swisstopo:routepoint_id>1044547745</swisstopo:routepoint_id>
				</extensions>
			</trkpt>
			<trkpt lat="46.1542349279" lon="6.9248242362">
				<ele>2763.5</ele>
				<extensions>
					<swisstopo:routepoint_id>1218762633</swisstopo:routepoint_id>
				</extensions>
			</trkpt>
			<trkpt lat="46.1542414725" lon="6.9247974576">
				<ele>2764.5</ele>
				<extensions>
					<swisstopo:routepoint_id>1838472867</swisstopo:routepoint_id>
				</extensions>
			</trkpt>
			<trkpt lat="46.1542489246" lon="6.9247624500">
				<ele>2765.5</ele>
				<extensions>
					<swisstopo:routepoint_id>585949366</swisstopo:routepoint_id>
				</extensions>
			</trkpt>
			<trkpt lat="46.1542468592" lon="6.9247254865">
				<ele>2766.2</ele>
				<extensions>
					<swisstopo:routepoint_id>734986130</swisstopo:routepoint_id>
				</extensions>
			</trkpt>
			<trkpt lat="46.1542362531" lon="6.9246697559">
				<ele>2766.6</ele>
				<extensions>
					<swisstopo:routepoint_id>259806583</swisstopo:routepoint_id>
				</extensions>
			</trkpt>
			<trkpt lat="46.1542307022" lon="6.9246278543">
				<ele>2767.1</ele>
				<extensions>
					<swisstopo:routepoint_id>1989060376</swisstopo:routepoint_id>
				</extensions>
			</trkpt>
			<trkpt lat="46.1542297093" lon="6.9245396721">
				<ele>2768.5</ele>
				<extensions>
					<swisstopo:routepoint_id>988188261</swisstopo:routepoint_id>
				</extensions>
			</trkpt>
			<trkpt lat="46.1542366151" lon="6.9244873761">
				<ele>2769.7</ele>
				<extensions>
					<swisstopo:routepoint_id>520095593</swisstopo:routepoint_id>
				</extensions>
			</trkpt>
			<trkpt lat="46.1542411026" lon="6.9244274005">
				<ele>2771.1</ele>
				<extensions>
					<swisstopo:routepoint_id>174058001</swisstopo:routepoint_id>
				</extensions>
			</trkpt>
			<trkpt lat="46.1542455238" lon="6.9243528629">
				<ele>2772.8</ele>
				<extensions>
					<swisstopo:routepoint_id>1616468714</swisstopo:routepoint_id>
				</extensions>
			</trkpt>
			<trkpt lat="46.1542405018" lon="6.9242946853">
				<ele>2773.4</ele>
				<extensions>
					<swisstopo:routepoint_id>166456844</swisstopo:routepoint_id>
				</extensions>
			</trkpt>
			<trkpt lat="46.1542390506" lon="6.9242364742">
				<ele>2773.8</ele>
				<extensions>
					<swisstopo:routepoint_id>296826975</swisstopo:routepoint_id>
				</extensions>
			</trkpt>
			<trkpt lat="46.1542209509" lon="6.9241827030">
				<ele>2774.3</ele>
				<extensions>
					<swisstopo:routepoint_id>457445605</swisstopo:routepoint_id>
				</extensions>
			</trkpt>
			<trkpt lat="46.1542047238" lon="6.9241451742">
				<ele>2774.3</ele>
				<extensions>
					<swisstopo:routepoint_id>170732171</swisstopo:routepoint_id>
				</extensions>
			</trkpt>
			<trkpt lat="46.1541853435" lon="6.9240708723">
				<ele>2774.9</ele>
				<extensions>
					<swisstopo:routepoint_id>1958645062</swisstopo:routepoint_id>
				</extensions>
			</trkpt>
			<trkpt lat="46.1541701319" lon="6.9239973728">
				<ele>2775.8</ele>
				<extensions>
					<swisstopo:routepoint_id>691113834</swisstopo:routepoint_id>
				</extensions>
			</trkpt>
			<trkpt lat="46.1541693480" lon="6.9239554272">
				<ele>2777.0</ele>
				<extensions>
					<swisstopo:routepoint_id>158607623</swisstopo:routepoint_id>
				</extensions>
			</trkpt>
			<trkpt lat="46.1541792543" lon="6.9239082419">
				<ele>2779.1</ele>
				<extensions>
					<swisstopo:routepoint_id>863244965</swisstopo:routepoint_id>
				</extensions>
			</trkpt>
			<trkpt lat="46.1541797006" lon="6.9238757078">
				<ele>2780.6</ele>
				<extensions>
					<swisstopo:routepoint_id>479200745</swisstopo:routepoint_id>
				</extensions>
			</trkpt>
			<trkpt lat="46.1541770413" lon="6.9238149318">
				<ele>2782.9</ele>
				<extensions>
					<swisstopo:routepoint_id>505115848</swisstopo:routepoint_id>
				</extensions>
			</trkpt>
			<trkpt lat="46.1541774527" lon="6.9237746831">
				<ele>2784.2</ele>
				<extensions>
					<swisstopo:routepoint_id>2112759399</swisstopo:routepoint_id>
				</extensions>
			</trkpt>
			<trkpt lat="46.1541784007" lon="6.9237198801">
				<ele>2785.7</ele>
				<extensions>
					<swisstopo:routepoint_id>1452395543</swisstopo:routepoint_id>
				</extensions>
			</trkpt>
			<trkpt lat="46.1541631966" lon="6.9236481023">
				<ele>2787.1</ele>
				<extensions>
					<swisstopo:routepoint_id>476297016</swisstopo:routepoint_id>
				</extensions>
			</trkpt>
			<trkpt lat="46.1541488306" lon="6.9236302573">
				<ele>2787.4</ele>
				<extensions>
					<swisstopo:routepoint_id>1908831707</swisstopo:routepoint_id>
				</extensions>
			</trkpt>
			<trkpt lat="46.1541272536" lon="6.9235953545">
				<ele>2789.0</ele>
				<extensions>
					<swisstopo:routepoint_id>75371970</swisstopo:routepoint_id>
				</extensions>
			</trkpt>
			<trkpt lat="46.1541042267" lon="6.9235560117">
				<ele>2789.5</ele>
				<extensions>
					<swisstopo:routepoint_id>1948673081</swisstopo:routepoint_id>
				</extensions>
			</trkpt>
			<trkpt lat="46.1540977831" lon="6.9234999058">
				<ele>2791.1</ele>
				<extensions>
					<swisstopo:routepoint_id>2046786561</swisstopo:routepoint_id>
				</extensions>
			</trkpt>
			<trkpt lat="46.1541050076" lon="6.9234128373">
				<ele>2794.3</ele>
				<extensions>
					<swisstopo:routepoint_id>485659823</swisstopo:routepoint_id>
				</extensions>
			</trkpt>
			<trkpt lat="46.1541101511" lon="6.9232874335">
				<ele>2798.7</ele>
				<extensions>
					<swisstopo:routepoint_id>609379138</swisstopo:routepoint_id>
				</extensions>
			</trkpt>
			<trkpt lat="46.1541236991" lon="6.9231270270">
				<ele>2804.8</ele>
				<extensions>
					<swisstopo:routepoint_id>1975281673</swisstopo:routepoint_id>
				</extensions>
			</trkpt>
			<trkpt lat="46.1541370157" lon="6.9230186720">
				<ele>2808.8</ele>
				<extensions>
					<swisstopo:routepoint_id>463295264</swisstopo:routepoint_id>
				</extensions>
			</trkpt>
			<trkpt lat="46.1541460155" lon="6.9230096816">
				<ele>2809.2</ele>
				<extensions>
					<swisstopo:routepoint_id>1195217786</swisstopo:routepoint_id>
				</extensions>
			</trkpt>
			<trkpt lat="46.1541604119" lon="6.9230342061">
				<ele>2809.8</ele>
				<extensions>
					<swisstopo:routepoint_id>1153862828</swisstopo:routepoint_id>
				</extensions>
			</trkpt>
			<trkpt lat="46.1541766563" lon="6.9230477487">
				<ele>2810.6</ele>
				<extensions>
					<swisstopo:routepoint_id>583353169</swisstopo:routepoint_id>
				</extensions>
			</trkpt>
			<trkpt lat="46.1541928295" lon="6.9230455513">
				<ele>2811.2</ele>
				<extensions>
					<swisstopo:routepoint_id>928434553</swisstopo:routepoint_id>
				</extensions>
			</trkpt>
			<trkpt lat="46.1541968999" lon="6.9229989253">
				<ele>2812.8</ele>
				<extensions>
					<swisstopo:routepoint_id>1637212852</swisstopo:routepoint_id>
				</extensions>
			</trkpt>
			<trkpt lat="46.1542273612" lon="6.9228924678">
				<ele>2817.0</ele>
				<extensions>
					<swisstopo:routepoint_id>1568640832</swisstopo:routepoint_id>
				</extensions>
			</trkpt>
			<trkpt lat="46.1542330174" lon="6.9228800911">
				<ele>2817.4</ele>
				<extensions>
					<swisstopo:routepoint_id>1505005714</swisstopo:routepoint_id>
				</extensions>
			</trkpt>
			<trkpt lat="46.1542435469" lon="6.9228930016">
				<ele>2818.0</ele>
				<extensions>
					<swisstopo:routepoint_id>666171075</swisstopo:routepoint_id>
				</extensions>
			</trkpt>
			<trkpt lat="46.1542584199" lon="6.9229175209">
				<ele>2818.9</ele>
				<extensions>
					<swisstopo:routepoint_id>1036280035</swisstopo:routepoint_id>
				</extensions>
			</trkpt>
			<trkpt lat="46.1542822928" lon="6.9229330505">
				<ele>2820.1</ele>
				<extensions>
					<swisstopo:routepoint_id>11689016</swisstopo:routepoint_id>
				</extensions>
			</trkpt>
			<trkpt lat="46.1542992828" lon="6.9229006977">
				<ele>2821.5</ele>
				<extensions>
					<swisstopo:routepoint_id>2117585421</swisstopo:routepoint_id>
				</extensions>
			</trkpt>
			<trkpt lat="46.1543075694" lon="6.9228396502">
				<ele>2823.4</ele>
				<extensions>
					<swisstopo:routepoint_id>857867276</swisstopo:routepoint_id>
				</extensions>
			</trkpt>
			<trkpt lat="46.1543202618" lon="6.9228039206">
				<ele>2824.4</ele>
				<extensions>
					<swisstopo:routepoint_id>867630858</swisstopo:routepoint_id>
				</extensions>
			</trkpt>
			<trkpt lat="46.1543407258" lon="6.9228037281">
				<ele>2825.4</ele>
				<extensions>
					<swisstopo:routepoint_id>183917213</swisstopo:routepoint_id>
				</extensions>
			</trkpt>
			<trkpt lat="46.1543522401" lon="6.9228234770">
				<ele>2826.1</ele>
				<extensions>
					<swisstopo:routepoint_id>2071852874</swisstopo:routepoint_id>
				</extensions>
			</trkpt>
			<trkpt lat="46.1543661007" lon="6.9228349964">
				<ele>2826.6</ele>
				<extensions>
					<swisstopo:routepoint_id>1178958528</swisstopo:routepoint_id>
				</extensions>
			</trkpt>
			<trkpt lat="46.1543700329" lon="6.9228630499">
				<ele>2827.2</ele>
				<extensions>
					<swisstopo:routepoint_id>1703158713</swisstopo:routepoint_id>
				</extensions>
			</trkpt>
			<trkpt lat="46.1543767764" lon="6.9228801122">
				<ele>2827.6</ele>
				<extensions>
					<swisstopo:routepoint_id>1586277453</swisstopo:routepoint_id>
				</extensions>
			</trkpt>
			<trkpt lat="46.1543883557" lon="6.9229142414">
				<ele>2828.2</ele>
				<extensions>
					<swisstopo:routepoint_id>1790963115</swisstopo:routepoint_id>
				</extensions>
			</trkpt>
			<trkpt lat="46.1544045071" lon="6.9229072421">
				<ele>2829.1</ele>
				<extensions>
					<swisstopo:routepoint_id>706181091</swisstopo:routepoint_id>
				</extensions>
			</trkpt>
			<trkpt lat="46.1544225342" lon="6.9228933772">
				<ele>2830.3</ele>
				<extensions>
					<swisstopo:routepoint_id>745087364</swisstopo:routepoint_id>
				</extensions>
			</trkpt>
			<trkpt lat="46.1544445436" lon="6.9229185161">
				<ele>2831.5</ele>
				<extensions>
					<swisstopo:routepoint_id>1974906428</swisstopo:routepoint_id>
				</extensions>
			</trkpt>
			<trkpt lat="46.1544746426" lon="6.9229422066">
				<ele>2833.3</ele>
				<extensions>
					<swisstopo:routepoint_id>1850017442</swisstopo:routepoint_id>
				</extensions>
			</trkpt>
			<trkpt lat="46.1544860571" lon="6.9229400412">
				<ele>2834.1</ele>
				<extensions>
					<swisstopo:routepoint_id>181675747</swisstopo:routepoint_id>
				</extensions>
			</trkpt>
			<trkpt lat="46.1545017473" lon="6.9229364766">
				<ele>2834.9</ele>
				<extensions>
					<swisstopo:routepoint_id>1005202328</swisstopo:routepoint_id>
				</extensions>
			</trkpt>
			<trkpt lat="46.1545376109" lon="6.9229717502">
				<ele>2836.9</ele>
				<extensions>
					<swisstopo:routepoint_id>1723080989</swisstopo:routepoint_id>
				</extensions>
			</trkpt>
			<trkpt lat="46.1545695333" lon="6.9229789835">
				<ele>2838.3</ele>
				<extensions>
					<swisstopo:routepoint_id>619035751</swisstopo:routepoint_id>
				</extensions>
			</trkpt>
			<trkpt lat="46.1546027586" lon="6.9230077581">
				<ele>2839.8</ele>
				<extensions>
					<swisstopo:routepoint_id>748915374</swisstopo:routepoint_id>
				</extensions>
			</trkpt>
			<trkpt lat="46.1546165955" lon="6.9230437570">
				<ele>2840.8</ele>
				<extensions>
					<swisstopo:routepoint_id>201670620</swisstopo:routepoint_id>
				</extensions>
			</trkpt>
			<trkpt lat="46.1546318401" lon="6.9230352388">
				<ele>2841.3</ele>
				<extensions>
					<swisstopo:routepoint_id>860819837</swisstopo:routepoint_id>
				</extensions>
			</trkpt>
			<trkpt lat="46.1546474774" lon="6.9230200242">
				<ele>2842.0</ele>
				<extensions>
					<swisstopo:routepoint_id>343122176</swisstopo:routepoint_id>
				</extensions>
			</trkpt>
			<trkpt lat="46.1546612479" lon="6.9230116747">
				<ele>2842.5</ele>
				<extensions>
					<swisstopo:routepoint_id>312425813</swisstopo:routepoint_id>
				</extensions>
			</trkpt>
			<trkpt lat="46.1546845944" lon="6.9230162575">
				<ele>2843.9</ele>
				<extensions>
					<swisstopo:routepoint_id>419497902</swisstopo:routepoint_id>
				</extensions>
			</trkpt>
			<trkpt lat="46.1546969810" lon="6.9230181865">
				<ele>2844.7</ele>
				<extensions>
					<swisstopo:routepoint_id>1713079833</swisstopo:routepoint_id>
				</extensions>
			</trkpt>
			<trkpt lat="46.1547083180" lon="6.9229989087">
				<ele>2845.5</ele>
				<extensions>
					<swisstopo:routepoint_id>1475498706</swisstopo:routepoint_id>
				</extensions>
			</trkpt>
			<trkpt lat="46.1547220576" lon="6.9229857575">
				<ele>2846.2</ele>
				<extensions>
					<swisstopo:routepoint_id>808253083</swisstopo:routepoint_id>
				</extensions>
			</trkpt>
			<trkpt lat="46.1547304901" lon="6.9229548571">
				<ele>2846.9</ele>
				<extensions>
					<swisstopo:routepoint_id>2028447144</swisstopo:routepoint_id>
				</extensions>
			</trkpt>
			<trkpt lat="46.1547423286" lon="6.9229410497">
				<ele>2847.5</ele>
				<extensions>
					<swisstopo:routepoint_id>1791244970</swisstopo:routepoint_id>
				</extensions>
			</trkpt>
			<trkpt lat="46.1547518641" lon="6.9229450638">
				<ele>2848.0</ele>
				<extensions>
					<swisstopo:routepoint_id>1018330959</swisstopo:routepoint_id>
				</extensions>
			</trkpt>
			<trkpt lat="46.1547634872" lon="6.9229887986">
				<ele>2849.0</ele>
				<extensions>
					<swisstopo:routepoint_id>871856920</swisstopo:routepoint_id>
				</extensions>
			</trkpt>
			<trkpt lat="46.1547706730" lon="6.9229983228">
				<ele>2849.4</ele>
				<extensions>
					<swisstopo:routepoint_id>1327742871</swisstopo:routepoint_id>
				</extensions>
			</trkpt>
			<trkpt lat="46.1547849108" lon="6.9229899689">
				<ele>2850.2</ele>
				<extensions>
					<swisstopo:routepoint_id>931162080</swisstopo:routepoint_id>
				</extensions>
			</trkpt>
			<trkpt lat="46.1548014987" lon="6.9229740594">
				<ele>2851.2</ele>
				<extensions>
					<swisstopo:routepoint_id>1239455140</swisstopo:routepoint_id>
				</extensions>
			</trkpt>
			<trkpt lat="46.1548185351" lon="6.9229519713">
				<ele>2852.4</ele>
				<extensions>
					<swisstopo:routepoint_id>758535276</swisstopo:routepoint_id>
				</extensions>
			</trkpt>
			<trkpt lat="46.1548460046" lon="6.9229215777">
				<ele>2853.9</ele>
				<extensions>
					<swisstopo:routepoint_id>938922376</swisstopo:routepoint_id>
				</extensions>
			</trkpt>
			<trkpt lat="46.1548721460" lon="6.9229117397">
				<ele>2855.0</ele>
				<extensions>
					<swisstopo:routepoint_id>1965079427</swisstopo:routepoint_id>
				</extensions>
			</trkpt>
			<trkpt lat="46.1548945016" lon="6.9229081125">
				<ele>2856.2</ele>
				<extensions>
					<swisstopo:routepoint_id>2108757524</swisstopo:routepoint_id>
				</extensions>
			</trkpt>
			<trkpt lat="46.1549082035" lon="6.9228846825">
				<ele>2857.1</ele>
				<extensions>
					<swisstopo:routepoint_id>1880307647</swisstopo:routepoint_id>
				</extensions>
			</trkpt>
			<trkpt lat="46.1549262343" lon="6.9228735624">
				<ele>2857.9</ele>
				<extensions>
					<swisstopo:routepoint_id>403363997</swisstopo:routepoint_id>
				</extensions>
			</trkpt>
			<trkpt lat="46.1549600320" lon="6.9228718724">
				<ele>2859.8</ele>
				<extensions>
					<swisstopo:routepoint_id>66082728</swisstopo:routepoint_id>
				</extensions>
			</trkpt>
			<trkpt lat="46.1549828769" lon="6.9228709718">
				<ele>2861.1</ele>
				<extensions>
					<swisstopo:routepoint_id>902721369</swisstopo:routepoint_id>
				</extensions>
			</trkpt>
			<trkpt lat="46.1550122444" lon="6.9228405601">
				<ele>2862.3</ele>
				<extensions>
					<swisstopo:routepoint_id>121182675</swisstopo:routepoint_id>
				</extensions>
			</trkpt>
			<trkpt lat="46.1550658959" lon="6.9228092211">
				<ele>2864.9</ele>
				<extensions>
					<swisstopo:routepoint_id>816861078</swisstopo:routepoint_id>
				</extensions>
			</trkpt>
			<trkpt lat="46.1551181575" lon="6.9227868142">
				<ele>2867.5</ele>
				<extensions>
					<swisstopo:routepoint_id>1196133235</swisstopo:routepoint_id>
				</extensions>
			</trkpt>
			<trkpt lat="46.1551770756" lon="6.9227643448">
				<ele>2870.6</ele>
				<extensions>
					<swisstopo:routepoint_id>2111395009</swisstopo:routepoint_id>
				</extensions>
			</trkpt>
			<trkpt lat="46.1552169195" lon="6.9227331480">
				<ele>2872.5</ele>
				<extensions>
					<swisstopo:routepoint_id>209929169</swisstopo:routepoint_id>
				</extensions>
			</trkpt>
			<trkpt lat="46.1552316775" lon="6.9227323235">
				<ele>2873.1</ele>
				<extensions>
					<swisstopo:routepoint_id>1978196689</swisstopo:routepoint_id>
				</extensions>
			</trkpt>
			<trkpt lat="46.1552417457" lon="6.9227486690">
				<ele>2873.9</ele>
				<extensions>
					<swisstopo:routepoint_id>425857899</swisstopo:routepoint_id>
				</extensions>
			</trkpt>
			<trkpt lat="46.1552452509" lon="6.9227856193">
				<ele>2875.2</ele>
				<extensions>
					<swisstopo:routepoint_id>392927832</swisstopo:routepoint_id>
				</extensions>
			</trkpt>
			<trkpt lat="46.1552536053" lon="6.9228444523">
				<ele>2877.1</ele>
				<extensions>
					<swisstopo:routepoint_id>1572911086</swisstopo:routepoint_id>
				</extensions>
			</trkpt>
			<trkpt lat="46.1552591143" lon="6.9229046853">
				<ele>2878.7</ele>
				<extensions>
					<swisstopo:routepoint_id>257045429</swisstopo:routepoint_id>
				</extensions>
			</trkpt>
			<trkpt lat="46.1552755079" lon="6.9229511062">
				<ele>2880.3</ele>
				<extensions>
					<swisstopo:routepoint_id>1266886262</swisstopo:routepoint_id>
				</extensions>
			</trkpt>
			<trkpt lat="46.1552966040" lon="6.9229831018">
				<ele>2881.7</ele>
				<extensions>
					<swisstopo:routepoint_id>1274868283</swisstopo:routepoint_id>
				</extensions>
			</trkpt>
			<trkpt lat="46.1553035182" lon="6.9230378328">
				<ele>2882.8</ele>
				<extensions>
					<swisstopo:routepoint_id>1762578943</swisstopo:routepoint_id>
				</extensions>
			</trkpt>
			<trkpt lat="46.1553084104" lon="6.9230672495">
				<ele>2883.5</ele>
				<extensions>
					<swisstopo:routepoint_id>346370159</swisstopo:routepoint_id>
				</extensions>
			</trkpt>
			<trkpt lat="46.1553146674" lon="6.9230822585">
				<ele>2884.0</ele>
				<extensions>
					<swisstopo:routepoint_id>481853228</swisstopo:routepoint_id>
				</extensions>
			</trkpt>
			<trkpt lat="46.1553428283" lon="6.9230991200">
				<ele>2885.5</ele>
				<extensions>
					<swisstopo:routepoint_id>1410133360</swisstopo:routepoint_id>
				</extensions>
			</trkpt>
			<trkpt lat="46.1553529213" lon="6.9231209406">
				<ele>2886.3</ele>
				<extensions>
					<swisstopo:routepoint_id>747045846</swisstopo:routepoint_id>
				</extensions>
			</trkpt>
			<trkpt lat="46.1553692062" lon="6.9231433890">
				<ele>2887.1</ele>
				<extensions>
					<swisstopo:routepoint_id>452489239</swisstopo:routepoint_id>
				</extensions>
			</trkpt>
			<trkpt lat="46.1553896919" lon="6.9231459414">
				<ele>2887.9</ele>
				<extensions>
					<swisstopo:routepoint_id>1664655765</swisstopo:routepoint_id>
				</extensions>
			</trkpt>
			<trkpt lat="46.1554134066" lon="6.9231285925">
				<ele>2889.2</ele>
				<extensions>
					<swisstopo:routepoint_id>2103373176</swisstopo:routepoint_id>
				</extensions>
			</trkpt>
			<trkpt lat="46.1554351327" lon="6.9230893467">
				<ele>2890.8</ele>
				<extensions>
					<swisstopo:routepoint_id>166230268</swisstopo:routepoint_id>
				</extensions>
			</trkpt>
			<trkpt lat="46.1554630169" lon="6.9230452400">
				<ele>2892.9</ele>
				<extensions>
					<swisstopo:routepoint_id>891611062</swisstopo:routepoint_id>
				</extensions>
			</trkpt>
			<trkpt lat="46.1555123466" lon="6.9230071064">
				<ele>2895.7</ele>
				<extensions>
					<swisstopo:routepoint_id>463486333</swisstopo:routepoint_id>
				</extensions>
			</trkpt>
			<trkpt lat="46.1555583949" lon="6.9229792699">
				<ele>2898.3</ele>
				<extensions>
					<swisstopo:routepoint_id>895078624</swisstopo:routepoint_id>
				</extensions>
			</trkpt>
			<trkpt lat="46.1555953938" lon="6.9229515304">
				<ele>2900.3</ele>
				<extensions>
					<swisstopo:routepoint_id>1029649450</swisstopo:routepoint_id>
				</extensions>
			</trkpt>
			<trkpt lat="46.1556267798" lon="6.9229436884">
				<ele>2902.2</ele>
				<extensions>
					<swisstopo:routepoint_id>2233407</swisstopo:routepoint_id>
				</extensions>
			</trkpt>
			<trkpt lat="46.1556435013" lon="6.9229572401">
				<ele>2903.4</ele>
				<extensions>
					<swisstopo:routepoint_id>1753814647</swisstopo:routepoint_id>
				</extensions>
			</trkpt>
			<trkpt lat="46.1556606372" lon="6.9229570791">
				<ele>2904.6</ele>
				<extensions>
					<swisstopo:routepoint_id>292960453</swisstopo:routepoint_id>
				</extensions>
			</trkpt>
			<trkpt lat="46.1556682966" lon="6.9229659132">
				<ele>2905.4</ele>
				<extensions>
					<swisstopo:routepoint_id>851242281</swisstopo:routepoint_id>
				</extensions>
			</trkpt>
			<trkpt lat="46.1556704090" lon="6.9230131553">
				<ele>2906.2</ele>
				<extensions>
					<swisstopo:routepoint_id>1392522641</swisstopo:routepoint_id>
				</extensions>
			</trkpt>
			<trkpt lat="46.1556759144" lon="6.9230706440">
				<ele>2907.4</ele>
				<extensions>
					<swisstopo:routepoint_id>2133383679</swisstopo:routepoint_id>
				</extensions>
			</trkpt>
			<trkpt lat="46.1556845461" lon="6.9230856307">
				<ele>2908.2</ele>
				<extensions>
					<swisstopo:routepoint_id>704923733</swisstopo:routepoint_id>
				</extensions>
			</trkpt>
			<trkpt lat="46.1557059483" lon="6.9230820117">
				<ele>2909.5</ele>
				<extensions>
					<swisstopo:routepoint_id>682095117</swisstopo:routepoint_id>
				</extensions>
			</trkpt>
			<trkpt lat="46.1557509465" lon="6.9230329417">
				<ele>2912.5</ele>
				<extensions>
					<swisstopo:routepoint_id>1952925695</swisstopo:routepoint_id>
				</extensions>
			</trkpt>
			<trkpt lat="46.1557992642" lon="6.9229918276">
				<ele>2915.6</ele>
				<extensions>
					<swisstopo:routepoint_id>729956537</swisstopo:routepoint_id>
				</extensions>
			</trkpt>
			<trkpt lat="46.1558325721" lon="6.9229872299">
				<ele>2917.6</ele>
				<extensions>
					<swisstopo:routepoint_id>1005107177</swisstopo:routepoint_id>
				</extensions>
			</trkpt>
			<trkpt lat="46.1558527402" lon="6.9229733447">
				<ele>2918.8</ele>
				<extensions>
					<swisstopo:routepoint_id>551401026</swisstopo:routepoint_id>
				</extensions>
			</trkpt>
			<trkpt lat="46.1558888132" lon="6.9229259119">
				<ele>2921.3</ele>
				<extensions>
					<swisstopo:routepoint_id>1788729397</swisstopo:routepoint_id>
				</extensions>
			</trkpt>
			<trkpt lat="46.1559036756" lon="6.9229223415">
				<ele>2922.1</ele>
				<extensions>
					<swisstopo:routepoint_id>1398967079</swisstopo:routepoint_id>
				</extensions>
			</trkpt>
			<trkpt lat="46.1559108879" lon="6.9229376909">
				<ele>2922.8</ele>
				<extensions>
					<swisstopo:routepoint_id>1099443581</swisstopo:routepoint_id>
				</extensions>
			</trkpt>
			<trkpt lat="46.1559103565" lon="6.9229513923">
				<ele>2923.0</ele>
				<extensions>
					<swisstopo:routepoint_id>1347305707</swisstopo:routepoint_id>
				</extensions>
			</trkpt>
			<trkpt lat="46.1559246007" lon="6.9229444107">
				<ele>2923.9</ele>
				<extensions>
					<swisstopo:routepoint_id>1755044636</swisstopo:routepoint_id>
				</extensions>
			</trkpt>
			<trkpt lat="46.1559578180" lon="6.9229218326">
				<ele>2926.2</ele>
				<extensions>
					<swisstopo:routepoint_id>1648250527</swisstopo:routepoint_id>
				</extensions>
			</trkpt>
			<trkpt lat="46.1559804397" lon="6.9229233290">
				<ele>2927.8</ele>
				<extensions>
					<swisstopo:routepoint_id>526906844</swisstopo:routepoint_id>
				</extensions>
			</trkpt>
			<trkpt lat="46.1560095543" lon="6.9229144985">
				<ele>2929.7</ele>
				<extensions>
					<swisstopo:routepoint_id>1658015988</swisstopo:routepoint_id>
				</extensions>
			</trkpt>
			<trkpt lat="46.1560339028" lon="6.9229039912">
				<ele>2931.5</ele>
				<extensions>
					<swisstopo:routepoint_id>1315906742</swisstopo:routepoint_id>
				</extensions>
			</trkpt>
			<trkpt lat="46.1560429272" lon="6.9229261722">
				<ele>2932.7</ele>
				<extensions>
					<swisstopo:routepoint_id>1665090457</swisstopo:routepoint_id>
				</extensions>
			</trkpt>
			<trkpt lat="46.1560460328" lon="6.9229544018">
				<ele>2933.9</ele>
				<extensions>
					<swisstopo:routepoint_id>1895997349</swisstopo:routepoint_id>
				</extensions>
			</trkpt>
			<trkpt lat="46.1560349007" lon="6.9229930311">
				<ele>2934.0</ele>
				<extensions>
					<swisstopo:routepoint_id>1254845327</swisstopo:routepoint_id>
				</extensions>
			</trkpt>
			<trkpt lat="46.1560183388" lon="6.9230145977">
				<ele>2933.9</ele>
				<extensions>
					<swisstopo:routepoint_id>992744410</swisstopo:routepoint_id>
				</extensions>
			</trkpt>
			<trkpt lat="46.1560155439" lon="6.9230548703">
				<ele>2935.5</ele>
				<extensions>
					<swisstopo:routepoint_id>62667920</swisstopo:routepoint_id>
				</extensions>
			</trkpt>
			<trkpt lat="46.1560102423" lon="6.9230660525">
				<ele>2935.9</ele>
				<extensions>
					<swisstopo:routepoint_id>944502992</swisstopo:routepoint_id>
				</extensions>
			</trkpt>
			<trkpt lat="46.1560097768" lon="6.9230943157">
				<ele>2937.5</ele>
				<extensions>
					<swisstopo:routepoint_id>1119988021</swisstopo:routepoint_id>
				</extensions>
			</trkpt>
			<trkpt lat="46.1560175478" lon="6.9231019454">
				<ele>2937.8</ele>
				<extensions>
					<swisstopo:routepoint_id>224819642</swisstopo:routepoint_id>
				</extensions>
			</trkpt>
			<trkpt lat="46.1560401760" lon="6.9231068715">
				<ele>2938.7</ele>
				<extensions>
					<swisstopo:routepoint_id>346406437</swisstopo:routepoint_id>
				</extensions>
			</trkpt>
			<trkpt lat="46.1560562492" lon="6.9231084296">
				<ele>2939.4</ele>
				<extensions>
					<swisstopo:routepoint_id>1026933568</swisstopo:routepoint_id>
				</extensions>
			</trkpt>
			<trkpt lat="46.1560787234" lon="6.9230773958">
				<ele>2940.5</ele>
				<extensions>
					<swisstopo:routepoint_id>1055978568</swisstopo:routepoint_id>
				</extensions>
			</trkpt>
			<trkpt lat="46.1560995084" lon="6.9230686310">
				<ele>2941.6</ele>
				<extensions>
					<swisstopo:routepoint_id>1858523569</swisstopo:routepoint_id>
				</extensions>
			</trkpt>
			<trkpt lat="46.1561267915" lon="6.9230486851">
				<ele>2943.1</ele>
				<extensions>
					<swisstopo:routepoint_id>329254263</swisstopo:routepoint_id>
				</extensions>
			</trkpt>
			<trkpt lat="46.1561522962" lon="6.9230313192">
				<ele>2944.6</ele>
				<extensions>
					<swisstopo:routepoint_id>1471072082</swisstopo:routepoint_id>
				</extensions>
			</trkpt>
			<trkpt lat="46.1561606607" lon="6.9230389434">
				<ele>2945.1</ele>
				<extensions>
					<swisstopo:routepoint_id>677540868</swisstopo:routepoint_id>
				</extensions>
			</trkpt>
			<trkpt lat="46.1561662928" lon="6.9231005478">
				<ele>2947.7</ele>
				<extensions>
					<swisstopo:routepoint_id>1232029206</swisstopo:routepoint_id>
				</extensions>
			</trkpt>
			<trkpt lat="46.1561841560" lon="6.9231020881">
				<ele>2948.7</ele>
				<extensions>
					<swisstopo:routepoint_id>1149137411</swisstopo:routepoint_id>
				</extensions>
			</trkpt>
			<trkpt lat="46.1562232648" lon="6.9230674681">
				<ele>2950.7</ele>
				<extensions>
					<swisstopo:routepoint_id>418397727</swisstopo:routepoint_id>
				</extensions>
			</trkpt>
			<trkpt lat="46.1562624137" lon="6.9230397088">
				<ele>2952.9</ele>
				<extensions>
					<swisstopo:routepoint_id>713893588</swisstopo:routepoint_id>
				</extensions>
			</trkpt>
			<trkpt lat="46.1562849615" lon="6.9230249337">
				<ele>2954.4</ele>
				<extensions>
					<swisstopo:routepoint_id>875416455</swisstopo:routepoint_id>
				</extensions>
			</trkpt>
			<trkpt lat="46.1562897899" lon="6.9230403057">
				<ele>2955.3</ele>
				<extensions>
					<swisstopo:routepoint_id>529033005</swisstopo:routepoint_id>
				</extensions>
			</trkpt>
			<trkpt lat="46.1562928634" lon="6.9230633969">
				<ele>2956.2</ele>
				<extensions>
					<swisstopo:routepoint_id>1637189088</swisstopo:routepoint_id>
				</extensions>
			</trkpt>
			<trkpt lat="46.1563154344" lon="6.9230537604">
				<ele>2957.3</ele>
				<extensions>
					<swisstopo:routepoint_id>885182151</swisstopo:routepoint_id>
				</extensions>
			</trkpt>
			<trkpt lat="46.1563321481" lon="6.9230655907">
				<ele>2958.8</ele>
				<extensions>
					<swisstopo:routepoint_id>1409646265</swisstopo:routepoint_id>
				</extensions>
			</trkpt>
			<trkpt lat="46.1563766180" lon="6.9230309203">
				<ele>2961.9</ele>
				<extensions>
					<swisstopo:routepoint_id>519865123</swisstopo:routepoint_id>
				</extensions>
			</trkpt>
			<trkpt lat="46.1563890736" lon="6.9230222464">
				<ele>2962.7</ele>
				<extensions>
					<swisstopo:routepoint_id>1800354879</swisstopo:routepoint_id>
				</extensions>
			</trkpt>
			<trkpt lat="46.1563986487" lon="6.9230349979">
				<ele>2963.6</ele>
				<extensions>
					<swisstopo:routepoint_id>122513815</swisstopo:routepoint_id>
				</extensions>
			</trkpt>
			<trkpt lat="46.1563995079" lon="6.9230915079">
				<ele>2965.5</ele>
				<extensions>
					<swisstopo:routepoint_id>1205163817</swisstopo:routepoint_id>
				</extensions>
			</trkpt>
			<trkpt lat="46.1564085904" lon="6.9231265302">
				<ele>2967.1</ele>
				<extensions>
					<swisstopo:routepoint_id>1424359218</swisstopo:routepoint_id>
				</extensions>
			</trkpt>
			<trkpt lat="46.1564181229" lon="6.9231298579">
				<ele>2967.6</ele>
				<extensions>
					<swisstopo:routepoint_id>1618026</swisstopo:routepoint_id>
				</extensions>
			</trkpt>
			<trkpt lat="46.1564318436" lon="6.9231382984">
				<ele>2968.6</ele>
				<extensions>
					<swisstopo:routepoint_id>322371801</swisstopo:routepoint_id>
				</extensions>
			</trkpt>
			<trkpt lat="46.1564379305" lon="6.9231673551">
				<ele>2969.7</ele>
				<extensions>
					<swisstopo:routepoint_id>289425408</swisstopo:routepoint_id>
				</extensions>
			</trkpt>
			<trkpt lat="46.1564428094" lon="6.9231938466">
				<ele>2970.6</ele>
				<extensions>
					<swisstopo:routepoint_id>2104696856</swisstopo:routepoint_id>
				</extensions>
			</trkpt>
			<trkpt lat="46.1564546984" lon="6.9231911718">
				<ele>2971.1</ele>
				<extensions>
					<swisstopo:routepoint_id>479146837</swisstopo:routepoint_id>
				</extensions>
			</trkpt>
			<trkpt lat="46.1564665254" lon="6.9231747892">
				<ele>2971.7</ele>
				<extensions>
					<swisstopo:routepoint_id>1083033887</swisstopo:routepoint_id>
				</extensions>
			</trkpt>
			<trkpt lat="46.1565014356" lon="6.9231307966">
				<ele>2973.7</ele>
				<extensions>
					<swisstopo:routepoint_id>2109343909</swisstopo:routepoint_id>
				</extensions>
			</trkpt>
			<trkpt lat="46.1565399506" lon="6.9230961819">
				<ele>2976.2</ele>
				<extensions>
					<swisstopo:routepoint_id>1383653375</swisstopo:routepoint_id>
				</extensions>
			</trkpt>
			<trkpt lat="46.1565838190" lon="6.9230598087">
				<ele>2978.7</ele>
				<extensions>
					<swisstopo:routepoint_id>132583102</swisstopo:routepoint_id>
				</extensions>
			</trkpt>
			<trkpt lat="46.1565933709" lon="6.9230674209">
				<ele>2979.4</ele>
				<extensions>
					<swisstopo:routepoint_id>170712842</swisstopo:routepoint_id>
				</extensions>
			</trkpt>
			<trkpt lat="46.1565916753" lon="6.9230862722">
				<ele>2979.6</ele>
				<extensions>
					<swisstopo:routepoint_id>1587719552</swisstopo:routepoint_id>
				</extensions>
			</trkpt>
			<trkpt lat="46.1565935847" lon="6.9231145134">
				<ele>2980.5</ele>
				<extensions>
					<swisstopo:routepoint_id>1535927956</swisstopo:routepoint_id>
				</extensions>
			</trkpt>
			<trkpt lat="46.1566055475" lon="6.9231280968">
				<ele>2981.6</ele>
				<extensions>
					<swisstopo:routepoint_id>213472578</swisstopo:routepoint_id>
				</extensions>
			</trkpt>
			<trkpt lat="46.1566170216" lon="6.9231648184">
				<ele>2983.5</ele>
				<extensions>
					<swisstopo:routepoint_id>2029817260</swisstopo:routepoint_id>
				</extensions>
			</trkpt>
			<trkpt lat="46.1566190862" lon="6.9232272983">
				<ele>2985.6</ele>
				<extensions>
					<swisstopo:routepoint_id>1738602506</swisstopo:routepoint_id>
				</extensions>
			</trkpt>
			<trkpt lat="46.1566281648" lon="6.9232614658">
				<ele>2986.5</ele>
				<extensions>
					<swisstopo:routepoint_id>648935596</swisstopo:routepoint_id>
				</extensions>
			</trkpt>
			<trkpt lat="46.1566418594" lon="6.9232621914">
				<ele>2987.1</ele>
				<extensions>
					<swisstopo:routepoint_id>439961631</swisstopo:routepoint_id>
				</extensions>
			</trkpt>
			<trkpt lat="46.1566631373" lon="6.9232311694">
				<ele>2988.1</ele>
				<extensions>
					<swisstopo:routepoint_id>342074950</swisstopo:routepoint_id>
				</extensions>
			</trkpt>
			<trkpt lat="46.1566957142" lon="6.9231983186">
				<ele>2989.7</ele>
				<extensions>
					<swisstopo:routepoint_id>1687776139</swisstopo:routepoint_id>
				</extensions>
			</trkpt>
			<trkpt lat="46.1567568395" lon="6.9231626500">
				<ele>2993.8</ele>
				<extensions>
					<swisstopo:routepoint_id>2053670789</swisstopo:routepoint_id>
				</extensions>
			</trkpt>
			<trkpt lat="46.1567924172" lon="6.9231349105">
				<ele>2996.2</ele>
				<extensions>
					<swisstopo:routepoint_id>838825271</swisstopo:routepoint_id>
				</extensions>
			</trkpt>
			<trkpt lat="46.1568190277" lon="6.9230995535">
				<ele>2998.3</ele>
				<extensions>
					<swisstopo:routepoint_id>208831267</swisstopo:routepoint_id>
				</extensions>
			</trkpt>
			<trkpt lat="46.1568379967" lon="6.9230831029">
				<ele>2999.6</ele>
				<extensions>
					<swisstopo:routepoint_id>878197414</swisstopo:routepoint_id>
				</extensions>
			</trkpt>
			<trkpt lat="46.1568735706" lon="6.9230545093">
				<ele>3002.0</ele>
				<extensions>
					<swisstopo:routepoint_id>1661486765</swisstopo:routepoint_id>
				</extensions>
			</trkpt>
			<trkpt lat="46.1569287642" lon="6.9230240224">
				<ele>3005.9</ele>
				<extensions>
					<swisstopo:routepoint_id>668096983</swisstopo:routepoint_id>
				</extensions>
			</trkpt>
			<trkpt lat="46.1569595795" lon="6.9229954735">
				<ele>3008.0</ele>
				<extensions>
					<swisstopo:routepoint_id>1061579237</swisstopo:routepoint_id>
				</extensions>
			</trkpt>
			<trkpt lat="46.1570212633" lon="6.9229520838">
				<ele>3011.9</ele>
				<extensions>
					<swisstopo:routepoint_id>487773348</swisstopo:routepoint_id>
				</extensions>
			</trkpt>
			<trkpt lat="46.1570598262" lon="6.9229260378">
				<ele>3014.1</ele>
				<extensions>
					<swisstopo:routepoint_id>789028339</swisstopo:routepoint_id>
				</extensions>
			</trkpt>
			<trkpt lat="46.1570870887" lon="6.9229035161">
				<ele>3015.6</ele>
				<extensions>
					<swisstopo:routepoint_id>211000448</swisstopo:routepoint_id>
				</extensions>
			</trkpt>
			<trkpt lat="46.1571303594" lon="6.9228662930">
				<ele>3018.4</ele>
				<extensions>
					<swisstopo:routepoint_id>83065114</swisstopo:routepoint_id>
				</extensions>
			</trkpt>
			<trkpt lat="46.1571564861" lon="6.9228531922">
				<ele>3020.0</ele>
				<extensions>
					<swisstopo:routepoint_id>136083367</swisstopo:routepoint_id>
				</extensions>
			</trkpt>
			<trkpt lat="46.1571773179" lon="6.9228547179">
				<ele>3021.4</ele>
				<extensions>
					<swisstopo:routepoint_id>390866220</swisstopo:routepoint_id>
				</extensions>
			</trkpt>
			<trkpt lat="46.1572230801" lon="6.9228431549">
				<ele>3024.2</ele>
				<extensions>
					<swisstopo:routepoint_id>1408339122</swisstopo:routepoint_id>
				</extensions>
			</trkpt>
			<trkpt lat="46.1572705623" lon="6.9228161574">
				<ele>3027.5</ele>
				<extensions>
					<swisstopo:routepoint_id>238764074</swisstopo:routepoint_id>
				</extensions>
			</trkpt>
			<trkpt lat="46.1573168249" lon="6.9227840457">
				<ele>3029.7</ele>
				<extensions>
					<swisstopo:routepoint_id>1886840589</swisstopo:routepoint_id>
				</extensions>
			</trkpt>
			<trkpt lat="46.1573477451" lon="6.9227786153">
				<ele>3031.2</ele>
				<extensions>
					<swisstopo:routepoint_id>298334841</swisstopo:routepoint_id>
				</extensions>
			</trkpt>
			<trkpt lat="46.1573691510" lon="6.9227758509">
				<ele>3032.1</ele>
				<extensions>
					<swisstopo:routepoint_id>875647276</swisstopo:routepoint_id>
				</extensions>
			</trkpt>
			<trkpt lat="46.1573727921" lon="6.9227912217">
				<ele>3032.6</ele>
				<extensions>
					<swisstopo:routepoint_id>1223607964</swisstopo:routepoint_id>
				</extensions>
			</trkpt>
			<trkpt lat="46.1573681258" lon="6.9228135319">
				<ele>3033.6</ele>
				<extensions>
					<swisstopo:routepoint_id>1378617521</swisstopo:routepoint_id>
				</extensions>
			</trkpt>
			<trkpt lat="46.1573678081" lon="6.9228743261">
				<ele>3036.2</ele>
				<extensions>
					<swisstopo:routepoint_id>685073984</swisstopo:routepoint_id>
				</extensions>
			</trkpt>
			<trkpt lat="46.1573686350" lon="6.9229256983">
				<ele>3038.1</ele>
				<extensions>
					<swisstopo:routepoint_id>571570145</swisstopo:routepoint_id>
				</extensions>
			</trkpt>
			<trkpt lat="46.1573689731" lon="6.9230001955">
				<ele>3040.8</ele>
				<extensions>
					<swisstopo:routepoint_id>296212213</swisstopo:routepoint_id>
				</extensions>
			</trkpt>
			<trkpt lat="46.1573812236" lon="6.9230771443">
				<ele>3044.5</ele>
				<extensions>
					<swisstopo:routepoint_id>647188724</swisstopo:routepoint_id>
				</extensions>
			</trkpt>
			<trkpt lat="46.1573933497" lon="6.9231266887">
				<ele>3046.2</ele>
				<extensions>
					<swisstopo:routepoint_id>888189803</swisstopo:routepoint_id>
				</extensions>
			</trkpt>
			<trkpt lat="46.1573987691" lon="6.9231394922">
				<ele>3046.6</ele>
				<extensions>
					<swisstopo:routepoint_id>1289284119</swisstopo:routepoint_id>
				</extensions>
			</trkpt>
			<trkpt lat="46.1574206989" lon="6.9231213054">
				<ele>3047.8</ele>
				<extensions>
					<swisstopo:routepoint_id>392212566</swisstopo:routepoint_id>
				</extensions>
			</trkpt>
			<trkpt lat="46.1574479042" lon="6.9230842205">
				<ele>3049.3</ele>
				<extensions>
					<swisstopo:routepoint_id>816110565</swisstopo:routepoint_id>
				</extensions>
			</trkpt>
			<trkpt lat="46.1574823516" lon="6.9230710551">
				<ele>3051.0</ele>
				<extensions>
					<swisstopo:routepoint_id>1657777649</swisstopo:routepoint_id>
				</extensions>
			</trkpt>
			<trkpt lat="46.1575000672" lon="6.9230400650">
				<ele>3051.9</ele>
				<extensions>
					<swisstopo:routepoint_id>505058199</swisstopo:routepoint_id>
				</extensions>
			</trkpt>
			<trkpt lat="46.1575166525" lon="6.9230236373">
				<ele>3053.0</ele>
				<extensions>
					<swisstopo:routepoint_id>53439235</swisstopo:routepoint_id>
				</extensions>
			</trkpt>
			<trkpt lat="46.1575392887" lon="6.9230302727">
				<ele>3053.8</ele>
				<extensions>
					<swisstopo:routepoint_id>231272615</swisstopo:routepoint_id>
				</extensions>
			</trkpt>
			<trkpt lat="46.1575608967" lon="6.9230720252">
				<ele>3055.0</ele>
				<extensions>
					<swisstopo:routepoint_id>812140021</swisstopo:routepoint_id>
				</extensions>
			</trkpt>
			<trkpt lat="46.1576003293" lon="6.9231067630">
				<ele>3055.0</ele>
				<extensions>
					<swisstopo:routepoint_id>994634667</swisstopo:routepoint_id>
				</extensions>
			</trkpt>
			<trkpt lat="46.1576409407" lon="6.9231397801">
				<ele>3054.5</ele>
				<extensions>
					<swisstopo:routepoint_id>1688070512</swisstopo:routepoint_id>
				</extensions>
			</trkpt>
			<trkpt lat="46.1576905120" lon="6.9231804166">
				<ele>3054.1</ele>
				<extensions>
					<swisstopo:routepoint_id>1415699375</swisstopo:routepoint_id>
				</extensions>
			</trkpt>
			<trkpt lat="46.1577191256" lon="6.9231921348">
				<ele>3054.2</ele>
				<extensions>
					<swisstopo:routepoint_id>2123546524</swisstopo:routepoint_id>
				</extensions>
			</trkpt>
			<trkpt lat="46.1577607930" lon="6.9231960281">
				<ele>3054.7</ele>
				<extensions>
					<swisstopo:routepoint_id>1062560247</swisstopo:routepoint_id>
				</extensions>
			</trkpt>
			<trkpt lat="46.1578312003" lon="6.9232373234">
				<ele>3054.8</ele>
				<extensions>
					<swisstopo:routepoint_id>2047372704</swisstopo:routepoint_id>
				</extensions>
			</trkpt>
			<trkpt lat="46.1578896428" lon="6.9232667432">
				<ele>3054.2</ele>
				<extensions>
					<swisstopo:routepoint_id>781071424</swisstopo:routepoint_id>
				</extensions>
			</trkpt>
			<trkpt lat="46.1579510603" lon="6.9232952801">
				<ele>3053.7</ele>
				<extensions>
					<swisstopo:routepoint_id>1871156756</swisstopo:routepoint_id>
				</extensions>
			</trkpt>
			<trkpt lat="46.1579785451" lon="6.9233198519">
				<ele>3053.8</ele>
				<extensions>
					<swisstopo:routepoint_id>1881060149</swisstopo:routepoint_id>
				</extensions>
			</trkpt>
			<trkpt lat="46.1580126787" lon="6.9233683487">
				<ele>3054.3</ele>
				<extensions>
					<swisstopo:routepoint_id>1640080542</swisstopo:routepoint_id>
				</extensions>
			</trkpt>
			<trkpt lat="46.1580503482" lon="6.9234090967">
				<ele>3054.3</ele>
				<extensions>
					<swisstopo:routepoint_id>1047198701</swisstopo:routepoint_id>
				</extensions>
			</trkpt>
			<trkpt lat="46.1581129836" lon="6.9234427496">
				<ele>3054.0</ele>
				<extensions>
					<swisstopo:routepoint_id>84648145</swisstopo:routepoint_id>
				</extensions>
			</trkpt>
			<trkpt lat="46.1581428319" lon="6.9234647353">
				<ele>3053.8</ele>
				<extensions>
					<swisstopo:routepoint_id>2076702348</swisstopo:routepoint_id>
				</extensions>
			</trkpt>
			<trkpt lat="46.1582191531" lon="6.9235008493">
				<ele>3053.4</ele>
				<extensions>
					<swisstopo:routepoint_id>159328930</swisstopo:routepoint_id>
				</extensions>
			</trkpt>
			<trkpt lat="46.1582804889" lon="6.9235096846">
				<ele>3053.3</ele>
				<extensions>
					<swisstopo:routepoint_id>1361560366</swisstopo:routepoint_id>
				</extensions>
			</trkpt>
			<trkpt lat="46.1583429836" lon="6.9235043080">
				<ele>3053.3</ele>
				<extensions>
					<swisstopo:routepoint_id>1171122103</swisstopo:routepoint_id>
				</extensions>
			</trkpt>
			<trkpt lat="46.1583825280" lon="6.9235141635">
				<ele>3053.5</ele>
				<extensions>
					<swisstopo:routepoint_id>1811637667</swisstopo:routepoint_id>
				</extensions>
			</trkpt>
			<trkpt lat="46.1584125563" lon="6.9235221022">
				<ele>3053.9</ele>
				<extensions>
					<swisstopo:routepoint_id>668233690</swisstopo:routepoint_id>
				</extensions>
			</trkpt>
			<trkpt lat="46.1584506106" lon="6.9235169550">
				<ele>3054.5</ele>
				<extensions>
					<swisstopo:routepoint_id>56643273</swisstopo:routepoint_id>
				</extensions>
			</trkpt>
			<trkpt lat="46.1584805849" lon="6.9235132428">
				<ele>3055.3</ele>
				<extensions>
					<swisstopo:routepoint_id>448870512</swisstopo:routepoint_id>
				</extensions>
			</trkpt>
			<trkpt lat="46.1585097336" lon="6.9235376309">
				<ele>3056.4</ele>
				<extensions>
					<swisstopo:routepoint_id>1611885231</swisstopo:routepoint_id>
				</extensions>
			</trkpt>
			<trkpt lat="46.1585549307" lon="6.9235324168">
				<ele>3057.6</ele>
				<extensions>
					<swisstopo:routepoint_id>1792753463</swisstopo:routepoint_id>
				</extensions>
			</trkpt>
			<trkpt lat="46.1585958030" lon="6.9235176375">
				<ele>3059.0</ele>
				<extensions>
					<swisstopo:routepoint_id>1434232713</swisstopo:routepoint_id>
				</extensions>
			</trkpt>
			<trkpt lat="46.1586356445" lon="6.9234857534">
				<ele>3060.6</ele>
				<extensions>
					<swisstopo:routepoint_id>1565689972</swisstopo:routepoint_id>
				</extensions>
			</trkpt>
			<trkpt lat="46.1586703458" lon="6.9234751622">
				<ele>3062.0</ele>
				<extensions>
					<swisstopo:routepoint_id>2043824991</swisstopo:routepoint_id>
				</extensions>
			</trkpt>
			<trkpt lat="46.1586898906" lon="6.9234804544">
				<ele>3062.9</ele>
				<extensions>
					<swisstopo:routepoint_id>139011040</swisstopo:routepoint_id>
				</extensions>
			</trkpt>
			<trkpt lat="46.1587036369" lon="6.9234686737">
				<ele>3063.5</ele>
				<extensions>
					<swisstopo:routepoint_id>1796882343</swisstopo:routepoint_id>
				</extensions>
			</trkpt>
			<trkpt lat="46.1587100723" lon="6.9234179187">
				<ele>3064.1</ele>
				<extensions>
					<swisstopo:routepoint_id>715125565</swisstopo:routepoint_id>
				</extensions>
			</trkpt>
			<trkpt lat="46.1587108731" lon="6.9233843555">
				<ele>3064.7</ele>
				<extensions>
					<swisstopo:routepoint_id>373906841</swisstopo:routepoint_id>
				</extensions>
			</trkpt>
			<trkpt lat="46.1587393712" lon="6.9233703790">
				<ele>3066.0</ele>
				<extensions>
					<swisstopo:routepoint_id>251352070</swisstopo:routepoint_id>
				</extensions>
			</trkpt>
			<trkpt lat="46.1587645127" lon="6.9233523290">
				<ele>3067.1</ele>
				<extensions>
					<swisstopo:routepoint_id>1867930909</swisstopo:routepoint_id>
				</extensions>
			</trkpt>
			<trkpt lat="46.1587792707" lon="6.9233515046">
				<ele>3068.1</ele>
				<extensions>
					<swisstopo:routepoint_id>2061986764</swisstopo:routepoint_id>
				</extensions>
			</trkpt>
			<trkpt lat="46.1587756182" lon="6.9233851074">
				<ele>3068.2</ele>
				<extensions>
					<swisstopo:routepoint_id>1488680102</swisstopo:routepoint_id>
				</extensions>
			</trkpt>
			<trkpt lat="46.1587809190" lon="6.9233994531">
				<ele>3068.8</ele>
				<extensions>
					<swisstopo:routepoint_id>1017035225</swisstopo:routepoint_id>
				</extensions>
			</trkpt>
			<trkpt lat="46.1587815446" lon="6.9234323290">
				<ele>3069.5</ele>
				<extensions>
					<swisstopo:routepoint_id>1894936605</swisstopo:routepoint_id>
				</extensions>
			</trkpt>
			<trkpt lat="46.1587859440" lon="6.9234583086">
				<ele>3070.2</ele>
				<extensions>
					<swisstopo:routepoint_id>357622073</swisstopo:routepoint_id>
				</extensions>
			</trkpt>
			<trkpt lat="46.1587983211" lon="6.9234581923">
				<ele>3070.9</ele>
				<extensions>
					<swisstopo:routepoint_id>1181923089</swisstopo:routepoint_id>
				</extensions>
			</trkpt>
			<trkpt lat="46.1588072962" lon="6.9234437252">
				<ele>3071.1</ele>
				<extensions>
					<swisstopo:routepoint_id>1196282729</swisstopo:routepoint_id>
				</extensions>
			</trkpt>
			<trkpt lat="46.1588237540" lon="6.9233990509">
				<ele>3072.1</ele>
				<extensions>
					<swisstopo:routepoint_id>864328891</swisstopo:routepoint_id>
				</extensions>
			</trkpt>
			<trkpt lat="46.1588403327" lon="6.9233810814">
				<ele>3073.0</ele>
				<extensions>
					<swisstopo:routepoint_id>983138187</swisstopo:routepoint_id>
				</extensions>
			</trkpt>
			<trkpt lat="46.1588862530" lon="6.9233251647">
				<ele>3075.7</ele>
				<extensions>
					<swisstopo:routepoint_id>600720162</swisstopo:routepoint_id>
				</extensions>
			</trkpt>
			<trkpt lat="46.1589261411" lon="6.9233035462">
				<ele>3078.1</ele>
				<extensions>
					<swisstopo:routepoint_id>487490381</swisstopo:routepoint_id>
				</extensions>
			</trkpt>
			<trkpt lat="46.1589545542" lon="6.9232710832">
				<ele>3079.6</ele>
				<extensions>
					<swisstopo:routepoint_id>655633134</swisstopo:routepoint_id>
				</extensions>
			</trkpt>
			<trkpt lat="46.1589900915" lon="6.9232344368">
				<ele>3081.1</ele>
				<extensions>
					<swisstopo:routepoint_id>2032782351</swisstopo:routepoint_id>
				</extensions>
			</trkpt>
			<trkpt lat="46.1590436814" lon="6.9231914718">
				<ele>3083.6</ele>
				<extensions>
					<swisstopo:routepoint_id>2123711013</swisstopo:routepoint_id>
				</extensions>
			</trkpt>
			<trkpt lat="46.1590740246" lon="6.9231637805">
				<ele>3085.0</ele>
				<extensions>
					<swisstopo:routepoint_id>315342766</swisstopo:routepoint_id>
				</extensions>
			</trkpt>
			<trkpt lat="46.1591001870" lon="6.9231587447">
				<ele>3087.2</ele>
				<extensions>
					<swisstopo:routepoint_id>1895661494</swisstopo:routepoint_id>
				</extensions>
			</trkpt>
			<trkpt lat="46.1591159650" lon="6.9231743513">
				<ele>3089.0</ele>
				<extensions>
					<swisstopo:routepoint_id>863348318</swisstopo:routepoint_id>
				</extensions>
			</trkpt>
			<trkpt lat="46.1591112993" lon="6.9231949397">
				<ele>3089.7</ele>
				<extensions>
					<swisstopo:routepoint_id>398064789</swisstopo:routepoint_id>
				</extensions>
			</trkpt>
			<trkpt lat="46.1590885101" lon="6.9232081778">
				<ele>3087.6</ele>
				<extensions>
					<swisstopo:routepoint_id>1204413573</swisstopo:routepoint_id>
				</extensions>
			</trkpt>
			<trkpt lat="46.1590967619" lon="6.9232443996">
				<ele>3089.4</ele>
				<extensions>
					<swisstopo:routepoint_id>446511113</swisstopo:routepoint_id>
				</extensions>
			</trkpt>
			<trkpt lat="46.1591106632" lon="6.9232648270">
				<ele>3091.4</ele>
				<extensions>
					<swisstopo:routepoint_id>196925020</swisstopo:routepoint_id>
				</extensions>
			</trkpt>
			<trkpt lat="46.1591267405" lon="6.9233011570">
				<ele>3093.4</ele>
				<extensions>
					<swisstopo:routepoint_id>759623205</swisstopo:routepoint_id>
				</extensions>
			</trkpt>
			<trkpt lat="46.1591339832" lon="6.9233448846">
				<ele>3095.1</ele>
				<extensions>
					<swisstopo:routepoint_id>1376801090</swisstopo:routepoint_id>
				</extensions>
			</trkpt>
			<trkpt lat="46.1591436973" lon="6.9233645620">
				<ele>3096.6</ele>
				<extensions>
					<swisstopo:routepoint_id>1193227768</swisstopo:routepoint_id>
				</extensions>
			</trkpt>
			<trkpt lat="46.1591622627" lon="6.9233543804">
				<ele>3098.3</ele>
				<extensions>
					<swisstopo:routepoint_id>808875154</swisstopo:routepoint_id>
				</extensions>
			</trkpt>
			<trkpt lat="46.1591968218" lon="6.9233301317">
				<ele>3100.1</ele>
				<extensions>
					<swisstopo:routepoint_id>1955744248</swisstopo:routepoint_id>
				</extensions>
			</trkpt>
			<trkpt lat="46.1592169736" lon="6.9233145117">
				<ele>3101.2</ele>
				<extensions>
					<swisstopo:routepoint_id>1632035276</swisstopo:routepoint_id>
				</extensions>
			</trkpt>
			<trkpt lat="46.1592345171" lon="6.9232872249">
				<ele>3102.8</ele>
				<extensions>
					<swisstopo:routepoint_id>257176720</swisstopo:routepoint_id>
				</extensions>
			</trkpt>
			<trkpt lat="46.1592588314" lon="6.9232691449">
				<ele>3103.7</ele>
				<extensions>
					<swisstopo:routepoint_id>1997748795</swisstopo:routepoint_id>
				</extensions>
			</trkpt>
			<trkpt lat="46.1592701260" lon="6.9232842886">
				<ele>3104.7</ele>
				<extensions>
					<swisstopo:routepoint_id>128019806</swisstopo:routepoint_id>
				</extensions>
			</trkpt>
			<trkpt lat="46.1592613524" lon="6.9233351704">
				<ele>3105.7</ele>
				<extensions>
					<swisstopo:routepoint_id>921507710</swisstopo:routepoint_id>
				</extensions>
			</trkpt>
			<trkpt lat="46.1592667123" lon="6.9233426928">
				<ele>3107.0</ele>
				<extensions>
					<swisstopo:routepoint_id>936887702</swisstopo:routepoint_id>
				</extensions>
			</trkpt>
			<trkpt lat="46.1592853730" lon="6.9233317085">
				<ele>3107.6</ele>
				<extensions>
					<swisstopo:routepoint_id>1537294737</swisstopo:routepoint_id>
				</extensions>
			</trkpt>
			<trkpt lat="46.1593018483" lon="6.9233127174">
				<ele>3109.2</ele>
				<extensions>
					<swisstopo:routepoint_id>2104771103</swisstopo:routepoint_id>
				</extensions>
			</trkpt>
			<trkpt lat="46.1593194934" lon="6.9233158007">
				<ele>3110.7</ele>
				<extensions>
					<swisstopo:routepoint_id>391749994</swisstopo:routepoint_id>
				</extensions>
			</trkpt>
			<trkpt lat="46.1593349555" lon="6.9233135719">
				<ele>3111.5</ele>
				<extensions>
					<swisstopo:routepoint_id>252375317</swisstopo:routepoint_id>
				</extensions>
			</trkpt>
			<trkpt lat="46.1593457289" lon="6.9233087194">
				<ele>3112.7</ele>
				<extensions>
					<swisstopo:routepoint_id>2101244776</swisstopo:routepoint_id>
				</extensions>
			</trkpt>
			<trkpt lat="46.1593687217" lon="6.9232990138">
				<ele>3114.3</ele>
				<extensions>
					<swisstopo:routepoint_id>904247964</swisstopo:routepoint_id>
				</extensions>
			</trkpt>
			<trkpt lat="46.1593967345" lon="6.9232872159">
				<ele>3115.9</ele>
				<extensions>
					<swisstopo:routepoint_id>265183127</swisstopo:routepoint_id>
				</extensions>
			</trkpt>
			<trkpt lat="46.1594239549" lon="6.9232573794">
				<ele>3118.0</ele>
				<extensions>
					<swisstopo:routepoint_id>423200513</swisstopo:routepoint_id>
				</extensions>
			</trkpt>
			<trkpt lat="46.1594480132" lon="6.9232442976">
				<ele>3119.2</ele>
				<extensions>
					<swisstopo:routepoint_id>1807504425</swisstopo:routepoint_id>
				</extensions>
			</trkpt>
			<trkpt lat="46.1594688568" lon="6.9232386387">
				<ele>3121.0</ele>
				<extensions>
					<swisstopo:routepoint_id>756013611</swisstopo:routepoint_id>
				</extensions>
			</trkpt>
			<trkpt lat="46.1594936080" lon="6.9232195312">
				<ele>3122.8</ele>
				<extensions>
					<swisstopo:routepoint_id>653476967</swisstopo:routepoint_id>
				</extensions>
			</trkpt>
			<trkpt lat="46.1595234467" lon="6.9232137362">
				<ele>3124.1</ele>
				<extensions>
					<swisstopo:routepoint_id>5916447</swisstopo:routepoint_id>
				</extensions>
			</trkpt>
			<trkpt lat="46.1595432504" lon="6.9232167867">
				<ele>3125.8</ele>
				<extensions>
					<swisstopo:routepoint_id>121895955</swisstopo:routepoint_id>
				</extensions>
			</trkpt>
			<trkpt lat="46.1595590703" lon="6.9232118609">
				<ele>3127.6</ele>
				<extensions>
					<swisstopo:routepoint_id>1950847993</swisstopo:routepoint_id>
				</extensions>
			</trkpt>
			<trkpt lat="46.1595838166" lon="6.9231940995">
				<ele>3128.9</ele>
				<extensions>
					<swisstopo:routepoint_id>552479482</swisstopo:routepoint_id>
				</extensions>
			</trkpt>
			<trkpt lat="46.1596218408" lon="6.9231661027">
				<ele>3131.3</ele>
				<extensions>
					<swisstopo:routepoint_id>1028351334</swisstopo:routepoint_id>
				</extensions>
			</trkpt>
			<trkpt lat="46.1596422673" lon="6.9231457152">
				<ele>3133.2</ele>
				<extensions>
					<swisstopo:routepoint_id>160672059</swisstopo:routepoint_id>
				</extensions>
			</trkpt>
			<trkpt lat="46.1596673309" lon="6.9231165720">
				<ele>3134.6</ele>
				<extensions>
					<swisstopo:routepoint_id>1315434332</swisstopo:routepoint_id>
				</extensions>
			</trkpt>
			<trkpt lat="46.1596785313" lon="6.9231264480">
				<ele>3135.3</ele>
				<extensions>
					<swisstopo:routepoint_id>1497068712</swisstopo:routepoint_id>
				</extensions>
			</trkpt>
			<trkpt lat="46.1596876955" lon="6.9231657819">
				<ele>3136.8</ele>
				<extensions>
					<swisstopo:routepoint_id>146900445</swisstopo:routepoint_id>
				</extensions>
			</trkpt>
			<trkpt lat="46.1597037001" lon="6.9232056860">
				<ele>3138.2</ele>
				<extensions>
					<swisstopo:routepoint_id>456286726</swisstopo:routepoint_id>
				</extensions>
			</trkpt>
			<trkpt lat="46.1597255389" lon="6.9231792658">
				<ele>3140.6</ele>
				<extensions>
					<swisstopo:routepoint_id>219158133</swisstopo:routepoint_id>
				</extensions>
			</trkpt>
			<trkpt lat="46.1597416958" lon="6.9231716566">
				<ele>3141.5</ele>
				<extensions>
					<swisstopo:routepoint_id>296319018</swisstopo:routepoint_id>
				</extensions>
			</trkpt>
			<trkpt lat="46.1597532431" lon="6.9231788500">
				<ele>3142.4</ele>
				<extensions>
					<swisstopo:routepoint_id>111563607</swisstopo:routepoint_id>
				</extensions>
			</trkpt>
			<trkpt lat="46.1597747248" lon="6.9231531056">
				<ele>3144.3</ele>
				<extensions>
					<swisstopo:routepoint_id>1556156060</swisstopo:routepoint_id>
				</extensions>
			</trkpt>
			<trkpt lat="46.1598120650" lon="6.9231331421">
				<ele>3146.7</ele>
				<extensions>
					<swisstopo:routepoint_id>241072786</swisstopo:routepoint_id>
				</extensions>
			</trkpt>
			<trkpt lat="46.1598454439" lon="6.9231125682">
				<ele>3149.4</ele>
				<extensions>
					<swisstopo:routepoint_id>374389728</swisstopo:routepoint_id>
				</extensions>
			</trkpt>
			<trkpt lat="46.1598691059" lon="6.9230934832">
				<ele>3151.3</ele>
				<extensions>
					<swisstopo:routepoint_id>1881098866</swisstopo:routepoint_id>
				</extensions>
			</trkpt>
			<trkpt lat="46.1598733602" lon="6.9230773643">
				<ele>3152.4</ele>
				<extensions>
					<swisstopo:routepoint_id>1683012329</swisstopo:routepoint_id>
				</extensions>
			</trkpt>
			<trkpt lat="46.1598608503" lon="6.9230126485">
				<ele>3151.5</ele>
				<extensions>
					<swisstopo:routepoint_id>519114749</swisstopo:routepoint_id>
				</extensions>
			</trkpt>
			<trkpt lat="46.1598958922" lon="6.9229619467">
				<ele>3153.2</ele>
				<extensions>
					<swisstopo:routepoint_id>360606769</swisstopo:routepoint_id>
				</extensions>
			</trkpt>
			<trkpt lat="46.1599345859" lon="6.9229212304">
				<ele>3156.2</ele>
				<extensions>
					<swisstopo:routepoint_id>1762268999</swisstopo:routepoint_id>
				</extensions>
			</trkpt>
			<trkpt lat="46.1599983265" lon="6.9228493509">
				<ele>3160.2</ele>
				<extensions>
					<swisstopo:routepoint_id>1411359502</swisstopo:routepoint_id>
				</extensions>
			</trkpt>
			<trkpt lat="46.1600642558" lon="6.9227821364">
				<ele>3165.2</ele>
				<extensions>
					<swisstopo:routepoint_id>575191007</swisstopo:routepoint_id>
				</extensions>
			</trkpt>
			<trkpt lat="46.1601108114" lon="6.9227312611">
				<ele>3169.4</ele>
				<extensions>
					<swisstopo:routepoint_id>1409755594</swisstopo:routepoint_id>
				</extensions>
			</trkpt>
			<trkpt lat="46.1601487404" lon="6.9226805055">
				<ele>3172.3</ele>
				<extensions>
					<swisstopo:routepoint_id>1023035868</swisstopo:routepoint_id>
				</extensions>
			</trkpt>
			<trkpt lat="46.1601769394" lon="6.9226265662">
				<ele>3174.3</ele>
				<extensions>
					<swisstopo:routepoint_id>1019562983</swisstopo:routepoint_id>
				</extensions>
			</trkpt>
			<trkpt lat="46.1602130267" lon="6.9225664810">
				<ele>3177.7</ele>
				<extensions>
					<swisstopo:routepoint_id>2106656896</swisstopo:routepoint_id>
				</extensions>
			</trkpt>
			<trkpt lat="46.1602423202" lon="6.9225158586">
				<ele>3180.1</ele>
				<extensions>
					<swisstopo:routepoint_id>1684175708</swisstopo:routepoint_id>
				</extensions>
			</trkpt>
			<trkpt lat="46.1602638142" lon="6.9224948002">
				<ele>3181.9</ele>
				<extensions>
					<swisstopo:routepoint_id>2087913784</swisstopo:routepoint_id>
				</extensions>
			</trkpt>
			<trkpt lat="46.1602744556" lon="6.9224571697">
				<ele>3182.7</ele>
				<extensions>
					<swisstopo:routepoint_id>93398642</swisstopo:routepoint_id>
				</extensions>
			</trkpt>
			<trkpt lat="46.1603044358" lon="6.9224011937">
				<ele>3185.6</ele>
				<extensions>
					<swisstopo:routepoint_id>1584776169</swisstopo:routepoint_id>
				</extensions>
			</trkpt>
			<trkpt lat="46.1603276704" lon="6.9223633798">
				<ele>3187.2</ele>
				<extensions>
					<swisstopo:routepoint_id>310838639</swisstopo:routepoint_id>
				</extensions>
			</trkpt>
			<trkpt lat="46.1603426756" lon="6.9223397287">
				<ele>3188.2</ele>
				<extensions>
					<swisstopo:routepoint_id>1186136820</swisstopo:routepoint_id>
				</extensions>
			</trkpt>
			<trkpt lat="46.1603514910" lon="6.9222961078">
				<ele>3189.6</ele>
				<extensions>
					<swisstopo:routepoint_id>237856441</swisstopo:routepoint_id>
				</extensions>
			</trkpt>
			<trkpt lat="46.1603764643" lon="6.9222468984">
				<ele>3191.1</ele>
				<extensions>
					<swisstopo:routepoint_id>1774016827</swisstopo:routepoint_id>
				</extensions>
			</trkpt>
			<trkpt lat="46.1603890511" lon="6.9222433617">
				<ele>3192.5</ele>
				<extensions>
					<swisstopo:routepoint_id>2039109779</swisstopo:routepoint_id>
				</extensions>
			</trkpt>
			<trkpt lat="46.1604079403" lon="6.9222865662">
				<ele>3194.0</ele>
				<extensions>
					<swisstopo:routepoint_id>799725815</swisstopo:routepoint_id>
				</extensions>
			</trkpt>
			<trkpt lat="46.1604314670" lon="6.9223169883">
				<ele>3196.0</ele>
				<extensions>
					<swisstopo:routepoint_id>2009791754</swisstopo:routepoint_id>
				</extensions>
			</trkpt>
			<trkpt lat="46.1604500818" lon="6.9223789414">
				<ele>3198.2</ele>
				<extensions>
					<swisstopo:routepoint_id>1985075757</swisstopo:routepoint_id>
				</extensions>
			</trkpt>
			<trkpt lat="46.1604711142" lon="6.9224167529">
				<ele>3200.0</ele>
				<extensions>
					<swisstopo:routepoint_id>2102881148</swisstopo:routepoint_id>
				</extensions>
			</trkpt>
			<trkpt lat="46.1604882076" lon="6.9224586542">
				<ele>3201.8</ele>
				<extensions>
					<swisstopo:routepoint_id>830522943</swisstopo:routepoint_id>
				</extensions>
			</trkpt>
			<trkpt lat="46.1605106279" lon="6.9224850735">
				<ele>3203.9</ele>
				<extensions>
					<swisstopo:routepoint_id>885773021</swisstopo:routepoint_id>
				</extensions>
			</trkpt>
			<trkpt lat="46.1605305748" lon="6.9225215748">
				<ele>3206.1</ele>
				<extensions>
					<swisstopo:routepoint_id>742414813</swisstopo:routepoint_id>
				</extensions>
			</trkpt>
			<trkpt lat="46.1605505733" lon="6.9225694423">
				<ele>3208.1</ele>
				<extensions>
					<swisstopo:routepoint_id>1955229201</swisstopo:routepoint_id>
				</extensions>
			</trkpt>
			<trkpt lat="46.1605751918" lon="6.9226045407">
				<ele>3210.1</ele>
				<extensions>
					<swisstopo:routepoint_id>212730887</swisstopo:routepoint_id>
				</extensions>
			</trkpt>
			<trkpt lat="46.1606016367" lon="6.9226456287">
				<ele>3212.9</ele>
				<extensions>
					<swisstopo:routepoint_id>2120025073</swisstopo:routepoint_id>
				</extensions>
			</trkpt>
			<trkpt lat="46.1606284113" lon="6.9226800084">
				<ele>3215.2</ele>
				<extensions>
					<swisstopo:routepoint_id>2050374405</swisstopo:routepoint_id>
				</extensions>
			</trkpt>
			<trkpt lat="46.1606558652" lon="6.9227036877">
				<ele>3217.2</ele>
				<extensions>
					<swisstopo:routepoint_id>908589225</swisstopo:routepoint_id>
				</extensions>
			</trkpt>
			<trkpt lat="46.1606672046" lon="6.9227463419">
				<ele>3219.0</ele>
				<extensions>
					<swisstopo:routepoint_id>1459095874</swisstopo:routepoint_id>
				</extensions>
			</trkpt>
			<trkpt lat="46.1606870363" lon="6.9227554114">
				<ele>3220.4</ele>
				<extensions>
					<swisstopo:routepoint_id>1668421079</swisstopo:routepoint_id>
				</extensions>
			</trkpt>
			<trkpt lat="46.1607066749" lon="6.9228052895">
				<ele>3222.1</ele>
				<extensions>
					<swisstopo:routepoint_id>1895869774</swisstopo:routepoint_id>
				</extensions>
			</trkpt>
			<trkpt lat="46.1607263320" lon="6.9228571871">
				<ele>3224.1</ele>
				<extensions>
					<swisstopo:routepoint_id>181550702</swisstopo:routepoint_id>
				</extensions>
			</trkpt>
			<trkpt lat="46.1607498467" lon="6.9228869365">
				<ele>3226.3</ele>
				<extensions>
					<swisstopo:routepoint_id>826830977</swisstopo:routepoint_id>
				</extensions>
			</trkpt>
			<trkpt lat="46.1607690561" lon="6.9229194317">
				<ele>3228.6</ele>
				<extensions>
					<swisstopo:routepoint_id>372124663</swisstopo:routepoint_id>
				</extensions>
			</trkpt>
			<trkpt lat="46.1607835482" lon="6.9229413042">
				<ele>3230.0</ele>
				<extensions>
					<swisstopo:routepoint_id>469460763</swisstopo:routepoint_id>
				</extensions>
			</trkpt>
			<trkpt lat="46.1607959395" lon="6.9229779164">
				<ele>3231.4</ele>
				<extensions>
					<swisstopo:routepoint_id>794010403</swisstopo:routepoint_id>
				</extensions>
			</trkpt>
			<trkpt lat="46.1608151943" lon="6.9230204441">
				<ele>3232.8</ele>
				<extensions>
					<swisstopo:routepoint_id>986072786</swisstopo:routepoint_id>
				</extensions>
			</trkpt>
			<trkpt lat="46.1608327167" lon="6.9230797289">
				<ele>3234.8</ele>
				<extensions>
					<swisstopo:routepoint_id>2001880905</swisstopo:routepoint_id>
				</extensions>
			</trkpt>
			<trkpt lat="46.1608471667" lon="6.9230922152">
				<ele>3236.5</ele>
				<extensions>
					<swisstopo:routepoint_id>2130225606</swisstopo:routepoint_id>
				</extensions>
			</trkpt>
			<trkpt lat="46.1608655588" lon="6.9231013119">
				<ele>3237.9</ele>
				<extensions>
					<swisstopo:routepoint_id>678346726</swisstopo:routepoint_id>
				</extensions>
			</trkpt>
			<trkpt lat="46.1608890795" lon="6.9231324079">
				<ele>3239.9</ele>
				<extensions>
					<swisstopo:routepoint_id>94720279</swisstopo:routepoint_id>
				</extensions>
			</trkpt>
			<trkpt lat="46.1609057972" lon="6.9231709597">
				<ele>3241.5</ele>
				<extensions>
					<swisstopo:routepoint_id>1494185071</swisstopo:routepoint_id>
				</extensions>
			</trkpt>
			<trkpt lat="46.1609261011" lon="6.9232067849">
				<ele>3243.6</ele>
				<extensions>
					<swisstopo:routepoint_id>1047953025</swisstopo:routepoint_id>
				</extensions>
			</trkpt>
			<trkpt lat="46.1609057972" lon="6.9231709597">
				<ele>3241.5</ele>
				<extensions>
					<swisstopo:routepoint_id>2013384172</swisstopo:routepoint_id>
				</extensions>
			</trkpt>
			<trkpt lat="46.1608890795" lon="6.9231324079">
				<ele>3239.9</ele>
				<extensions>
					<swisstopo:routepoint_id>819145806</swisstopo:routepoint_id>
				</extensions>
			</trkpt>
			<trkpt lat="46.1608655588" lon="6.9231013119">
				<ele>3237.9</ele>
				<extensions>
					<swisstopo:routepoint_id>696412508</swisstopo:routepoint_id>
				</extensions>
			</trkpt>
			<trkpt lat="46.1608471667" lon="6.9230922152">
				<ele>3236.5</ele>
				<extensions>
					<swisstopo:routepoint_id>1087518875</swisstopo:routepoint_id>
				</extensions>
			</trkpt>
			<trkpt lat="46.1608327167" lon="6.9230797289">
				<ele>3234.8</ele>
				<extensions>
					<swisstopo:routepoint_id>1471117198</swisstopo:routepoint_id>
				</extensions>
			</trkpt>
			<trkpt lat="46.1608151943" lon="6.9230204441">
				<ele>3232.8</ele>
				<extensions>
					<swisstopo:routepoint_id>1899180137</swisstopo:routepoint_id>
				</extensions>
			</trkpt>
			<trkpt lat="46.1607959395" lon="6.9229779164">
				<ele>3231.4</ele>
				<extensions>
					<swisstopo:routepoint_id>635912287</swisstopo:routepoint_id>
				</extensions>
			</trkpt>
			<trkpt lat="46.1607835482" lon="6.9229413042">
				<ele>3230.0</ele>
				<extensions>
					<swisstopo:routepoint_id>524674467</swisstopo:routepoint_id>
				</extensions>
			</trkpt>
			<trkpt lat="46.1607690561" lon="6.9229194317">
				<ele>3228.6</ele>
				<extensions>
					<swisstopo:routepoint_id>260049616</swisstopo:routepoint_id>
				</extensions>
			</trkpt>
			<trkpt lat="46.1607498467" lon="6.9228869365">
				<ele>3226.3</ele>
				<extensions>
					<swisstopo:routepoint_id>481081453</swisstopo:routepoint_id>
				</extensions>
			</trkpt>
			<trkpt lat="46.1607263320" lon="6.9228571871">
				<ele>3224.1</ele>
				<extensions>
					<swisstopo:routepoint_id>1322992013</swisstopo:routepoint_id>
				</extensions>
			</trkpt>
			<trkpt lat="46.1607066749" lon="6.9228052895">
				<ele>3222.1</ele>
				<extensions>
					<swisstopo:routepoint_id>1640430657</swisstopo:routepoint_id>
				</extensions>
			</trkpt>
			<trkpt lat="46.1606870363" lon="6.9227554114">
				<ele>3220.4</ele>
				<extensions>
					<swisstopo:routepoint_id>235583554</swisstopo:routepoint_id>
				</extensions>
			</trkpt>
			<trkpt lat="46.1606672046" lon="6.9227463419">
				<ele>3219.0</ele>
				<extensions>
					<swisstopo:routepoint_id>1809026540</swisstopo:routepoint_id>
				</extensions>
			</trkpt>
			<trkpt lat="46.1606558652" lon="6.9227036877">
				<ele>3217.2</ele>
				<extensions>
					<swisstopo:routepoint_id>1666525302</swisstopo:routepoint_id>
				</extensions>
			</trkpt>
			<trkpt lat="46.1606284113" lon="6.9226800084">
				<ele>3215.2</ele>
				<extensions>
					<swisstopo:routepoint_id>1636745675</swisstopo:routepoint_id>
				</extensions>
			</trkpt>
			<trkpt lat="46.1606016367" lon="6.9226456287">
				<ele>3212.9</ele>
				<extensions>
					<swisstopo:routepoint_id>1905450877</swisstopo:routepoint_id>
				</extensions>
			</trkpt>
			<trkpt lat="46.1605751918" lon="6.9226045407">
				<ele>3210.1</ele>
				<extensions>
					<swisstopo:routepoint_id>1410473609</swisstopo:routepoint_id>
				</extensions>
			</trkpt>
			<trkpt lat="46.1605505733" lon="6.9225694423">
				<ele>3208.1</ele>
				<extensions>
					<swisstopo:routepoint_id>1718377495</swisstopo:routepoint_id>
				</extensions>
			</trkpt>
			<trkpt lat="46.1605305748" lon="6.9225215748">
				<ele>3206.1</ele>
				<extensions>
					<swisstopo:routepoint_id>1616943919</swisstopo:routepoint_id>
				</extensions>
			</trkpt>
			<trkpt lat="46.1605106279" lon="6.9224850735">
				<ele>3203.9</ele>
				<extensions>
					<swisstopo:routepoint_id>601652285</swisstopo:routepoint_id>
				</extensions>
			</trkpt>
			<trkpt lat="46.1604882076" lon="6.9224586542">
				<ele>3201.8</ele>
				<extensions>
					<swisstopo:routepoint_id>1055058852</swisstopo:routepoint_id>
				</extensions>
			</trkpt>
			<trkpt lat="46.1604711142" lon="6.9224167529">
				<ele>3200.0</ele>
				<extensions>
					<swisstopo:routepoint_id>854993047</swisstopo:routepoint_id>
				</extensions>
			</trkpt>
			<trkpt lat="46.1604500818" lon="6.9223789414">
				<ele>3198.2</ele>
				<extensions>
					<swisstopo:routepoint_id>704081031</swisstopo:routepoint_id>
				</extensions>
			</trkpt>
			<trkpt lat="46.1604314670" lon="6.9223169883">
				<ele>3196.0</ele>
				<extensions>
					<swisstopo:routepoint_id>1245574741</swisstopo:routepoint_id>
				</extensions>
			</trkpt>
			<trkpt lat="46.1604079403" lon="6.9222865662">
				<ele>3194.0</ele>
				<extensions>
					<swisstopo:routepoint_id>2138869182</swisstopo:routepoint_id>
				</extensions>
			</trkpt>
			<trkpt lat="46.1603890511" lon="6.9222433617">
				<ele>3192.5</ele>
				<extensions>
					<swisstopo:routepoint_id>640270836</swisstopo:routepoint_id>
				</extensions>
			</trkpt>
			<trkpt lat="46.1603764643" lon="6.9222468984">
				<ele>3191.1</ele>
				<extensions>
					<swisstopo:routepoint_id>206391763</swisstopo:routepoint_id>
				</extensions>
			</trkpt>
			<trkpt lat="46.1603514910" lon="6.9222961078">
				<ele>3189.6</ele>
				<extensions>
					<swisstopo:routepoint_id>1863456173</swisstopo:routepoint_id>
				</extensions>
			</trkpt>
			<trkpt lat="46.1603426756" lon="6.9223397287">
				<ele>3188.2</ele>
				<extensions>
					<swisstopo:routepoint_id>967225988</swisstopo:routepoint_id>
				</extensions>
			</trkpt>
			<trkpt lat="46.1603276704" lon="6.9223633798">
				<ele>3187.2</ele>
				<extensions>
					<swisstopo:routepoint_id>2034717488</swisstopo:routepoint_id>
				</extensions>
			</trkpt>
			<trkpt lat="46.1603044358" lon="6.9224011937">
				<ele>3185.6</ele>
				<extensions>
					<swisstopo:routepoint_id>1323978865</swisstopo:routepoint_id>
				</extensions>
			</trkpt>
			<trkpt lat="46.1602744556" lon="6.9224571697">
				<ele>3182.7</ele>
				<extensions>
					<swisstopo:routepoint_id>1986696003</swisstopo:routepoint_id>
				</extensions>
			</trkpt>
			<trkpt lat="46.1602638142" lon="6.9224948002">
				<ele>3181.9</ele>
				<extensions>
					<swisstopo:routepoint_id>732002917</swisstopo:routepoint_id>
				</extensions>
			</trkpt>
			<trkpt lat="46.1602423202" lon="6.9225158586">
				<ele>3180.1</ele>
				<extensions>
					<swisstopo:routepoint_id>2057830436</swisstopo:routepoint_id>
				</extensions>
			</trkpt>
			<trkpt lat="46.1602130267" lon="6.9225664810">
				<ele>3177.7</ele>
				<extensions>
					<swisstopo:routepoint_id>1815268074</swisstopo:routepoint_id>
				</extensions>
			</trkpt>
			<trkpt lat="46.1601769394" lon="6.9226265662">
				<ele>3174.3</ele>
				<extensions>
					<swisstopo:routepoint_id>1253562792</swisstopo:routepoint_id>
				</extensions>
			</trkpt>
			<trkpt lat="46.1601487404" lon="6.9226805055">
				<ele>3172.3</ele>
				<extensions>
					<swisstopo:routepoint_id>1916033251</swisstopo:routepoint_id>
				</extensions>
			</trkpt>
			<trkpt lat="46.1601108114" lon="6.9227312611">
				<ele>3169.4</ele>
				<extensions>
					<swisstopo:routepoint_id>117409771</swisstopo:routepoint_id>
				</extensions>
			</trkpt>
			<trkpt lat="46.1600642558" lon="6.9227821364">
				<ele>3165.2</ele>
				<extensions>
					<swisstopo:routepoint_id>487078305</swisstopo:routepoint_id>
				</extensions>
			</trkpt>
			<trkpt lat="46.1599983265" lon="6.9228493509">
				<ele>3160.2</ele>
				<extensions>
					<swisstopo:routepoint_id>440974186</swisstopo:routepoint_id>
				</extensions>
			</trkpt>
			<trkpt lat="46.1599345859" lon="6.9229212304">
				<ele>3156.2</ele>
				<extensions>
					<swisstopo:routepoint_id>1405786640</swisstopo:routepoint_id>
				</extensions>
			</trkpt>
			<trkpt lat="46.1598958922" lon="6.9229619467">
				<ele>3153.2</ele>
				<extensions>
					<swisstopo:routepoint_id>888362712</swisstopo:routepoint_id>
				</extensions>
			</trkpt>
			<trkpt lat="46.1598608503" lon="6.9230126485">
				<ele>3151.5</ele>
				<extensions>
					<swisstopo:routepoint_id>1220158845</swisstopo:routepoint_id>
				</extensions>
			</trkpt>
			<trkpt lat="46.1598733602" lon="6.9230773643">
				<ele>3152.4</ele>
				<extensions>
					<swisstopo:routepoint_id>1669556821</swisstopo:routepoint_id>
				</extensions>
			</trkpt>
			<trkpt lat="46.1598691059" lon="6.9230934832">
				<ele>3151.3</ele>
				<extensions>
					<swisstopo:routepoint_id>1161685214</swisstopo:routepoint_id>
				</extensions>
			</trkpt>
			<trkpt lat="46.1598454439" lon="6.9231125682">
				<ele>3149.4</ele>
				<extensions>
					<swisstopo:routepoint_id>1389474556</swisstopo:routepoint_id>
				</extensions>
			</trkpt>
			<trkpt lat="46.1598120650" lon="6.9231331421">
				<ele>3146.7</ele>
				<extensions>
					<swisstopo:routepoint_id>408701266</swisstopo:routepoint_id>
				</extensions>
			</trkpt>
			<trkpt lat="46.1597747248" lon="6.9231531056">
				<ele>3144.3</ele>
				<extensions>
					<swisstopo:routepoint_id>1100023527</swisstopo:routepoint_id>
				</extensions>
			</trkpt>
			<trkpt lat="46.1597532431" lon="6.9231788500">
				<ele>3142.4</ele>
				<extensions>
					<swisstopo:routepoint_id>1346922422</swisstopo:routepoint_id>
				</extensions>
			</trkpt>
			<trkpt lat="46.1597416958" lon="6.9231716566">
				<ele>3141.5</ele>
				<extensions>
					<swisstopo:routepoint_id>510022857</swisstopo:routepoint_id>
				</extensions>
			</trkpt>
			<trkpt lat="46.1597255389" lon="6.9231792658">
				<ele>3140.6</ele>
				<extensions>
					<swisstopo:routepoint_id>1591061843</swisstopo:routepoint_id>
				</extensions>
			</trkpt>
			<trkpt lat="46.1597037001" lon="6.9232056860">
				<ele>3138.2</ele>
				<extensions>
					<swisstopo:routepoint_id>1616297478</swisstopo:routepoint_id>
				</extensions>
			</trkpt>
			<trkpt lat="46.1596876955" lon="6.9231657819">
				<ele>3136.8</ele>
				<extensions>
					<swisstopo:routepoint_id>1637126006</swisstopo:routepoint_id>
				</extensions>
			</trkpt>
			<trkpt lat="46.1596785313" lon="6.9231264480">
				<ele>3135.3</ele>
				<extensions>
					<swisstopo:routepoint_id>253471601</swisstopo:routepoint_id>
				</extensions>
			</trkpt>
			<trkpt lat="46.1596673309" lon="6.9231165720">
				<ele>3134.6</ele>
				<extensions>
					<swisstopo:routepoint_id>1912523871</swisstopo:routepoint_id>
				</extensions>
			</trkpt>
			<trkpt lat="46.1596422673" lon="6.9231457152">
				<ele>3133.2</ele>
				<extensions>
					<swisstopo:routepoint_id>136192218</swisstopo:routepoint_id>
				</extensions>
			</trkpt>
			<trkpt lat="46.1596218408" lon="6.9231661027">
				<ele>3131.3</ele>
				<extensions>
					<swisstopo:routepoint_id>186812476</swisstopo:routepoint_id>
				</extensions>
			</trkpt>
			<trkpt lat="46.1595838166" lon="6.9231940995">
				<ele>3128.9</ele>
				<extensions>
					<swisstopo:routepoint_id>1808895865</swisstopo:routepoint_id>
				</extensions>
			</trkpt>
			<trkpt lat="46.1595590703" lon="6.9232118609">
				<ele>3127.6</ele>
				<extensions>
					<swisstopo:routepoint_id>481301381</swisstopo:routepoint_id>
				</extensions>
			</trkpt>
			<trkpt lat="46.1595432504" lon="6.9232167867">
				<ele>3125.8</ele>
				<extensions>
					<swisstopo:routepoint_id>1225245552</swisstopo:routepoint_id>
				</extensions>
			</trkpt>
			<trkpt lat="46.1595234467" lon="6.9232137362">
				<ele>3124.1</ele>
				<extensions>
					<swisstopo:routepoint_id>1495657841</swisstopo:routepoint_id>
				</extensions>
			</trkpt>
			<trkpt lat="46.1594936080" lon="6.9232195312">
				<ele>3122.8</ele>
				<extensions>
					<swisstopo:routepoint_id>349037514</swisstopo:routepoint_id>
				</extensions>
			</trkpt>
			<trkpt lat="46.1594688568" lon="6.9232386387">
				<ele>3121.0</ele>
				<extensions>
					<swisstopo:routepoint_id>541140137</swisstopo:routepoint_id>
				</extensions>
			</trkpt>
			<trkpt lat="46.1594480132" lon="6.9232442976">
				<ele>3119.2</ele>
				<extensions>
					<swisstopo:routepoint_id>155787690</swisstopo:routepoint_id>
				</extensions>
			</trkpt>
			<trkpt lat="46.1594239549" lon="6.9232573794">
				<ele>3118.0</ele>
				<extensions>
					<swisstopo:routepoint_id>839606761</swisstopo:routepoint_id>
				</extensions>
			</trkpt>
			<trkpt lat="46.1593967345" lon="6.9232872159">
				<ele>3115.9</ele>
				<extensions>
					<swisstopo:routepoint_id>702163518</swisstopo:routepoint_id>
				</extensions>
			</trkpt>
			<trkpt lat="46.1593687217" lon="6.9232990138">
				<ele>3114.3</ele>
				<extensions>
					<swisstopo:routepoint_id>1066181098</swisstopo:routepoint_id>
				</extensions>
			</trkpt>
			<trkpt lat="46.1593457289" lon="6.9233087194">
				<ele>3112.7</ele>
				<extensions>
					<swisstopo:routepoint_id>561370967</swisstopo:routepoint_id>
				</extensions>
			</trkpt>
			<trkpt lat="46.1593349555" lon="6.9233135719">
				<ele>3111.5</ele>
				<extensions>
					<swisstopo:routepoint_id>2105096356</swisstopo:routepoint_id>
				</extensions>
			</trkpt>
			<trkpt lat="46.1593194934" lon="6.9233158007">
				<ele>3110.7</ele>
				<extensions>
					<swisstopo:routepoint_id>1603039653</swisstopo:routepoint_id>
				</extensions>
			</trkpt>
			<trkpt lat="46.1593018483" lon="6.9233127174">
				<ele>3109.2</ele>
				<extensions>
					<swisstopo:routepoint_id>866141917</swisstopo:routepoint_id>
				</extensions>
			</trkpt>
			<trkpt lat="46.1592853730" lon="6.9233317085">
				<ele>3107.6</ele>
				<extensions>
					<swisstopo:routepoint_id>518299507</swisstopo:routepoint_id>
				</extensions>
			</trkpt>
			<trkpt lat="46.1592667123" lon="6.9233426928">
				<ele>3107.0</ele>
				<extensions>
					<swisstopo:routepoint_id>1028860393</swisstopo:routepoint_id>
				</extensions>
			</trkpt>
			<trkpt lat="46.1592613524" lon="6.9233351704">
				<ele>3105.7</ele>
				<extensions>
					<swisstopo:routepoint_id>1283414923</swisstopo:routepoint_id>
				</extensions>
			</trkpt>
			<trkpt lat="46.1592701260" lon="6.9232842886">
				<ele>3104.7</ele>
				<extensions>
					<swisstopo:routepoint_id>405245080</swisstopo:routepoint_id>
				</extensions>
			</trkpt>
			<trkpt lat="46.1592588314" lon="6.9232691449">
				<ele>3103.7</ele>
				<extensions>
					<swisstopo:routepoint_id>481856731</swisstopo:routepoint_id>
				</extensions>
			</trkpt>
			<trkpt lat="46.1592345171" lon="6.9232872249">
				<ele>3102.8</ele>
				<extensions>
					<swisstopo:routepoint_id>1880210848</swisstopo:routepoint_id>
				</extensions>
			</trkpt>
			<trkpt lat="46.1592169736" lon="6.9233145117">
				<ele>3101.2</ele>
				<extensions>
					<swisstopo:routepoint_id>809810441</swisstopo:routepoint_id>
				</extensions>
			</trkpt>
			<trkpt lat="46.1591968218" lon="6.9233301317">
				<ele>3100.1</ele>
				<extensions>
					<swisstopo:routepoint_id>384773194</swisstopo:routepoint_id>
				</extensions>
			</trkpt>
			<trkpt lat="46.1591622627" lon="6.9233543804">
				<ele>3098.3</ele>
				<extensions>
					<swisstopo:routepoint_id>2026633123</swisstopo:routepoint_id>
				</extensions>
			</trkpt>
			<trkpt lat="46.1591436973" lon="6.9233645620">
				<ele>3096.6</ele>
				<extensions>
					<swisstopo:routepoint_id>1776806494</swisstopo:routepoint_id>
				</extensions>
			</trkpt>
			<trkpt lat="46.1591339832" lon="6.9233448846">
				<ele>3095.1</ele>
				<extensions>
					<swisstopo:routepoint_id>1238738816</swisstopo:routepoint_id>
				</extensions>
			</trkpt>
			<trkpt lat="46.1591267405" lon="6.9233011570">
				<ele>3093.4</ele>
				<extensions>
					<swisstopo:routepoint_id>1033119773</swisstopo:routepoint_id>
				</extensions>
			</trkpt>
			<trkpt lat="46.1591106632" lon="6.9232648270">
				<ele>3091.4</ele>
				<extensions>
					<swisstopo:routepoint_id>219192454</swisstopo:routepoint_id>
				</extensions>
			</trkpt>
			<trkpt lat="46.1590967619" lon="6.9232443996">
				<ele>3089.4</ele>
				<extensions>
					<swisstopo:routepoint_id>1239029459</swisstopo:routepoint_id>
				</extensions>
			</trkpt>
			<trkpt lat="46.1590885101" lon="6.9232081778">
				<ele>3087.6</ele>
				<extensions>
					<swisstopo:routepoint_id>357455274</swisstopo:routepoint_id>
				</extensions>
			</trkpt>
			<trkpt lat="46.1591112993" lon="6.9231949397">
				<ele>3089.7</ele>
				<extensions>
					<swisstopo:routepoint_id>1485512128</swisstopo:routepoint_id>
				</extensions>
			</trkpt>
			<trkpt lat="46.1591159650" lon="6.9231743513">
				<ele>3089.0</ele>
				<extensions>
					<swisstopo:routepoint_id>749350248</swisstopo:routepoint_id>
				</extensions>
			</trkpt>
			<trkpt lat="46.1591001870" lon="6.9231587447">
				<ele>3087.2</ele>
				<extensions>
					<swisstopo:routepoint_id>640954800</swisstopo:routepoint_id>
				</extensions>
			</trkpt>
			<trkpt lat="46.1590740246" lon="6.9231637805">
				<ele>3085.0</ele>
				<extensions>
					<swisstopo:routepoint_id>2074691077</swisstopo:routepoint_id>
				</extensions>
			</trkpt>
			<trkpt lat="46.1590436814" lon="6.9231914718">
				<ele>3083.6</ele>
				<extensions>
					<swisstopo:routepoint_id>1197230260</swisstopo:routepoint_id>
				</extensions>
			</trkpt>
			<trkpt lat="46.1589900915" lon="6.9232344368">
				<ele>3081.1</ele>
				<extensions>
					<swisstopo:routepoint_id>1334278662</swisstopo:routepoint_id>
				</extensions>
			</trkpt>
			<trkpt lat="46.1589545542" lon="6.9232710832">
				<ele>3079.6</ele>
				<extensions>
					<swisstopo:routepoint_id>1945936975</swisstopo:routepoint_id>
				</extensions>
			</trkpt>
			<trkpt lat="46.1589261411" lon="6.9233035462">
				<ele>3078.1</ele>
				<extensions>
					<swisstopo:routepoint_id>1284108354</swisstopo:routepoint_id>
				</extensions>
			</trkpt>
			<trkpt lat="46.1588862530" lon="6.9233251647">
				<ele>3075.7</ele>
				<extensions>
					<swisstopo:routepoint_id>1468190112</swisstopo:routepoint_id>
				</extensions>
			</trkpt>
			<trkpt lat="46.1588403327" lon="6.9233810814">
				<ele>3073.0</ele>
				<extensions>
					<swisstopo:routepoint_id>18358919</swisstopo:routepoint_id>
				</extensions>
			</trkpt>
			<trkpt lat="46.1588237540" lon="6.9233990509">
				<ele>3072.1</ele>
				<extensions>
					<swisstopo:routepoint_id>2075292899</swisstopo:routepoint_id>
				</extensions>
			</trkpt>
			<trkpt lat="46.1588072962" lon="6.9234437252">
				<ele>3071.1</ele>
				<extensions>
					<swisstopo:routepoint_id>623400995</swisstopo:routepoint_id>
				</extensions>
			</trkpt>
			<trkpt lat="46.1587983211" lon="6.9234581923">
				<ele>3070.9</ele>
				<extensions>
					<swisstopo:routepoint_id>1669904634</swisstopo:routepoint_id>
				</extensions>
			</trkpt>
			<trkpt lat="46.1587859440" lon="6.9234583086">
				<ele>3070.2</ele>
				<extensions>
					<swisstopo:routepoint_id>430439390</swisstopo:routepoint_id>
				</extensions>
			</trkpt>
			<trkpt lat="46.1587815446" lon="6.9234323290">
				<ele>3069.5</ele>
				<extensions>
					<swisstopo:routepoint_id>1435173842</swisstopo:routepoint_id>
				</extensions>
			</trkpt>
			<trkpt lat="46.1587809190" lon="6.9233994531">
				<ele>3068.8</ele>
				<extensions>
					<swisstopo:routepoint_id>928868555</swisstopo:routepoint_id>
				</extensions>
			</trkpt>
			<trkpt lat="46.1587756182" lon="6.9233851074">
				<ele>3068.2</ele>
				<extensions>
					<swisstopo:routepoint_id>795315469</swisstopo:routepoint_id>
				</extensions>
			</trkpt>
			<trkpt lat="46.1587792707" lon="6.9233515046">
				<ele>3068.1</ele>
				<extensions>
					<swisstopo:routepoint_id>247288402</swisstopo:routepoint_id>
				</extensions>
			</trkpt>
			<trkpt lat="46.1587645127" lon="6.9233523290">
				<ele>3067.1</ele>
				<extensions>
					<swisstopo:routepoint_id>1536103748</swisstopo:routepoint_id>
				</extensions>
			</trkpt>
			<trkpt lat="46.1587393712" lon="6.9233703790">
				<ele>3066.0</ele>
				<extensions>
					<swisstopo:routepoint_id>1880529121</swisstopo:routepoint_id>
				</extensions>
			</trkpt>
			<trkpt lat="46.1587108731" lon="6.9233843555">
				<ele>3064.7</ele>
				<extensions>
					<swisstopo:routepoint_id>1173325125</swisstopo:routepoint_id>
				</extensions>
			</trkpt>
			<trkpt lat="46.1587100723" lon="6.9234179187">
				<ele>3064.1</ele>
				<extensions>
					<swisstopo:routepoint_id>584120966</swisstopo:routepoint_id>
				</extensions>
			</trkpt>
			<trkpt lat="46.1587036369" lon="6.9234686737">
				<ele>3063.5</ele>
				<extensions>
					<swisstopo:routepoint_id>1913821276</swisstopo:routepoint_id>
				</extensions>
			</trkpt>
			<trkpt lat="46.1586898906" lon="6.9234804544">
				<ele>3062.9</ele>
				<extensions>
					<swisstopo:routepoint_id>1994269715</swisstopo:routepoint_id>
				</extensions>
			</trkpt>
			<trkpt lat="46.1586703458" lon="6.9234751622">
				<ele>3062.0</ele>
				<extensions>
					<swisstopo:routepoint_id>1587189186</swisstopo:routepoint_id>
				</extensions>
			</trkpt>
			<trkpt lat="46.1586356445" lon="6.9234857534">
				<ele>3060.6</ele>
				<extensions>
					<swisstopo:routepoint_id>943443741</swisstopo:routepoint_id>
				</extensions>
			</trkpt>
			<trkpt lat="46.1585958030" lon="6.9235176375">
				<ele>3059.0</ele>
				<extensions>
					<swisstopo:routepoint_id>1645519001</swisstopo:routepoint_id>
				</extensions>
			</trkpt>
			<trkpt lat="46.1585549307" lon="6.9235324168">
				<ele>3057.6</ele>
				<extensions>
					<swisstopo:routepoint_id>178980343</swisstopo:routepoint_id>
				</extensions>
			</trkpt>
			<trkpt lat="46.1585097336" lon="6.9235376309">
				<ele>3056.4</ele>
				<extensions>
					<swisstopo:routepoint_id>648076161</swisstopo:routepoint_id>
				</extensions>
			</trkpt>
			<trkpt lat="46.1584805849" lon="6.9235132428">
				<ele>3055.3</ele>
				<extensions>
					<swisstopo:routepoint_id>2092324198</swisstopo:routepoint_id>
				</extensions>
			</trkpt>
			<trkpt lat="46.1584506106" lon="6.9235169550">
				<ele>3054.5</ele>
				<extensions>
					<swisstopo:routepoint_id>941173879</swisstopo:routepoint_id>
				</extensions>
			</trkpt>
			<trkpt lat="46.1584125563" lon="6.9235221022">
				<ele>3053.9</ele>
				<extensions>
					<swisstopo:routepoint_id>1443381713</swisstopo:routepoint_id>
				</extensions>
			</trkpt>
			<trkpt lat="46.1583825280" lon="6.9235141635">
				<ele>3053.5</ele>
				<extensions>
					<swisstopo:routepoint_id>1050509100</swisstopo:routepoint_id>
				</extensions>
			</trkpt>
			<trkpt lat="46.1583429836" lon="6.9235043080">
				<ele>3053.3</ele>
				<extensions>
					<swisstopo:routepoint_id>1823257849</swisstopo:routepoint_id>
				</extensions>
			</trkpt>
			<trkpt lat="46.1582804889" lon="6.9235096846">
				<ele>3053.3</ele>
				<extensions>
					<swisstopo:routepoint_id>1209353751</swisstopo:routepoint_id>
				</extensions>
			</trkpt>
			<trkpt lat="46.1582191531" lon="6.9235008493">
				<ele>3053.4</ele>
				<extensions>
					<swisstopo:routepoint_id>573773483</swisstopo:routepoint_id>
				</extensions>
			</trkpt>
			<trkpt lat="46.1581428319" lon="6.9234647353">
				<ele>3053.8</ele>
				<extensions>
					<swisstopo:routepoint_id>1512996230</swisstopo:routepoint_id>
				</extensions>
			</trkpt>
			<trkpt lat="46.1581129836" lon="6.9234427496">
				<ele>3054.0</ele>
				<extensions>
					<swisstopo:routepoint_id>33566592</swisstopo:routepoint_id>
				</extensions>
			</trkpt>
			<trkpt lat="46.1580503482" lon="6.9234090967">
				<ele>3054.3</ele>
				<extensions>
					<swisstopo:routepoint_id>50600172</swisstopo:routepoint_id>
				</extensions>
			</trkpt>
			<trkpt lat="46.1580126787" lon="6.9233683487">
				<ele>3054.3</ele>
				<extensions>
					<swisstopo:routepoint_id>791557791</swisstopo:routepoint_id>
				</extensions>
			</trkpt>
			<trkpt lat="46.1579785451" lon="6.9233198519">
				<ele>3053.8</ele>
				<extensions>
					<swisstopo:routepoint_id>1320710569</swisstopo:routepoint_id>
				</extensions>
			</trkpt>
			<trkpt lat="46.1579510603" lon="6.9232952801">
				<ele>3053.7</ele>
				<extensions>
					<swisstopo:routepoint_id>1419127393</swisstopo:routepoint_id>
				</extensions>
			</trkpt>
			<trkpt lat="46.1578896428" lon="6.9232667432">
				<ele>3054.2</ele>
				<extensions>
					<swisstopo:routepoint_id>286551881</swisstopo:routepoint_id>
				</extensions>
			</trkpt>
			<trkpt lat="46.1578312003" lon="6.9232373234">
				<ele>3054.8</ele>
				<extensions>
					<swisstopo:routepoint_id>140439762</swisstopo:routepoint_id>
				</extensions>
			</trkpt>
			<trkpt lat="46.1577607930" lon="6.9231960281">
				<ele>3054.7</ele>
				<extensions>
					<swisstopo:routepoint_id>183235080</swisstopo:routepoint_id>
				</extensions>
			</trkpt>
			<trkpt lat="46.1577191256" lon="6.9231921348">
				<ele>3054.2</ele>
				<extensions>
					<swisstopo:routepoint_id>679764160</swisstopo:routepoint_id>
				</extensions>
			</trkpt>
			<trkpt lat="46.1576905120" lon="6.9231804166">
				<ele>3054.1</ele>
				<extensions>
					<swisstopo:routepoint_id>2084816</swisstopo:routepoint_id>
				</extensions>
			</trkpt>
			<trkpt lat="46.1576409407" lon="6.9231397801">
				<ele>3054.5</ele>
				<extensions>
					<swisstopo:routepoint_id>675409094</swisstopo:routepoint_id>
				</extensions>
			</trkpt>
			<trkpt lat="46.1576003293" lon="6.9231067630">
				<ele>3055.0</ele>
				<extensions>
					<swisstopo:routepoint_id>554192419</swisstopo:routepoint_id>
				</extensions>
			</trkpt>
			<trkpt lat="46.1575608967" lon="6.9230720252">
				<ele>3055.0</ele>
				<extensions>
					<swisstopo:routepoint_id>1834855677</swisstopo:routepoint_id>
				</extensions>
			</trkpt>
			<trkpt lat="46.1575392887" lon="6.9230302727">
				<ele>3053.8</ele>
				<extensions>
					<swisstopo:routepoint_id>1616695303</swisstopo:routepoint_id>
				</extensions>
			</trkpt>
			<trkpt lat="46.1575166525" lon="6.9230236373">
				<ele>3053.0</ele>
				<extensions>
					<swisstopo:routepoint_id>691604581</swisstopo:routepoint_id>
				</extensions>
			</trkpt>
			<trkpt lat="46.1575000672" lon="6.9230400650">
				<ele>3051.9</ele>
				<extensions>
					<swisstopo:routepoint_id>146341428</swisstopo:routepoint_id>
				</extensions>
			</trkpt>
			<trkpt lat="46.1574823516" lon="6.9230710551">
				<ele>3051.0</ele>
				<extensions>
					<swisstopo:routepoint_id>400449818</swisstopo:routepoint_id>
				</extensions>
			</trkpt>
			<trkpt lat="46.1574479042" lon="6.9230842205">
				<ele>3049.3</ele>
				<extensions>
					<swisstopo:routepoint_id>1508130537</swisstopo:routepoint_id>
				</extensions>
			</trkpt>
			<trkpt lat="46.1574206989" lon="6.9231213054">
				<ele>3047.8</ele>
				<extensions>
					<swisstopo:routepoint_id>1986068094</swisstopo:routepoint_id>
				</extensions>
			</trkpt>
			<trkpt lat="46.1573987691" lon="6.9231394922">
				<ele>3046.6</ele>
				<extensions>
					<swisstopo:routepoint_id>1206296882</swisstopo:routepoint_id>
				</extensions>
			</trkpt>
			<trkpt lat="46.1573933497" lon="6.9231266887">
				<ele>3046.2</ele>
				<extensions>
					<swisstopo:routepoint_id>1172646143</swisstopo:routepoint_id>
				</extensions>
			</trkpt>
			<trkpt lat="46.1573812236" lon="6.9230771443">
				<ele>3044.5</ele>
				<extensions>
					<swisstopo:routepoint_id>228528197</swisstopo:routepoint_id>
				</extensions>
			</trkpt>
			<trkpt lat="46.1573689731" lon="6.9230001955">
				<ele>3040.8</ele>
				<extensions>
					<swisstopo:routepoint_id>1076630317</swisstopo:routepoint_id>
				</extensions>
			</trkpt>
			<trkpt lat="46.1573686350" lon="6.9229256983">
				<ele>3038.1</ele>
				<extensions>
					<swisstopo:routepoint_id>1000016877</swisstopo:routepoint_id>
				</extensions>
			</trkpt>
			<trkpt lat="46.1573678081" lon="6.9228743261">
				<ele>3036.2</ele>
				<extensions>
					<swisstopo:routepoint_id>265827691</swisstopo:routepoint_id>
				</extensions>
			</trkpt>
			<trkpt lat="46.1573681258" lon="6.9228135319">
				<ele>3033.6</ele>
				<extensions>
					<swisstopo:routepoint_id>730367249</swisstopo:routepoint_id>
				</extensions>
			</trkpt>
			<trkpt lat="46.1573727921" lon="6.9227912217">
				<ele>3032.6</ele>
				<extensions>
					<swisstopo:routepoint_id>998718543</swisstopo:routepoint_id>
				</extensions>
			</trkpt>
			<trkpt lat="46.1573691510" lon="6.9227758509">
				<ele>3032.1</ele>
				<extensions>
					<swisstopo:routepoint_id>640841864</swisstopo:routepoint_id>
				</extensions>
			</trkpt>
			<trkpt lat="46.1573477451" lon="6.9227786153">
				<ele>3031.2</ele>
				<extensions>
					<swisstopo:routepoint_id>731922840</swisstopo:routepoint_id>
				</extensions>
			</trkpt>
			<trkpt lat="46.1573168249" lon="6.9227840457">
				<ele>3029.7</ele>
				<extensions>
					<swisstopo:routepoint_id>923332466</swisstopo:routepoint_id>
				</extensions>
			</trkpt>
			<trkpt lat="46.1572705623" lon="6.9228161574">
				<ele>3027.5</ele>
				<extensions>
					<swisstopo:routepoint_id>521497239</swisstopo:routepoint_id>
				</extensions>
			</trkpt>
			<trkpt lat="46.1572230801" lon="6.9228431549">
				<ele>3024.2</ele>
				<extensions>
					<swisstopo:routepoint_id>2132692988</swisstopo:routepoint_id>
				</extensions>
			</trkpt>
			<trkpt lat="46.1571773179" lon="6.9228547179">
				<ele>3021.4</ele>
				<extensions>
					<swisstopo:routepoint_id>1943812336</swisstopo:routepoint_id>
				</extensions>
			</trkpt>
			<trkpt lat="46.1571564861" lon="6.9228531922">
				<ele>3020.0</ele>
				<extensions>
					<swisstopo:routepoint_id>600649548</swisstopo:routepoint_id>
				</extensions>
			</trkpt>
			<trkpt lat="46.1571303594" lon="6.9228662930">
				<ele>3018.4</ele>
				<extensions>
					<swisstopo:routepoint_id>1506864717</swisstopo:routepoint_id>
				</extensions>
			</trkpt>
			<trkpt lat="46.1570870887" lon="6.9229035161">
				<ele>3015.6</ele>
				<extensions>
					<swisstopo:routepoint_id>104608109</swisstopo:routepoint_id>
				</extensions>
			</trkpt>
			<trkpt lat="46.1570598262" lon="6.9229260378">
				<ele>3014.1</ele>
				<extensions>
					<swisstopo:routepoint_id>56737511</swisstopo:routepoint_id>
				</extensions>
			</trkpt>
			<trkpt lat="46.1570212633" lon="6.9229520838">
				<ele>3011.9</ele>
				<extensions>
					<swisstopo:routepoint_id>606670381</swisstopo:routepoint_id>
				</extensions>
			</trkpt>
			<trkpt lat="46.1569595795" lon="6.9229954735">
				<ele>3008.0</ele>
				<extensions>
					<swisstopo:routepoint_id>1831536697</swisstopo:routepoint_id>
				</extensions>
			</trkpt>
			<trkpt lat="46.1569287642" lon="6.9230240224">
				<ele>3005.9</ele>
				<extensions>
					<swisstopo:routepoint_id>197262974</swisstopo:routepoint_id>
				</extensions>
			</trkpt>
			<trkpt lat="46.1568735706" lon="6.9230545093">
				<ele>3002.0</ele>
				<extensions>
					<swisstopo:routepoint_id>927644942</swisstopo:routepoint_id>
				</extensions>
			</trkpt>
			<trkpt lat="46.1568379967" lon="6.9230831029">
				<ele>2999.6</ele>
				<extensions>
					<swisstopo:routepoint_id>454416582</swisstopo:routepoint_id>
				</extensions>
			</trkpt>
			<trkpt lat="46.1568190277" lon="6.9230995535">
				<ele>2998.3</ele>
				<extensions>
					<swisstopo:routepoint_id>924338140</swisstopo:routepoint_id>
				</extensions>
			</trkpt>
			<trkpt lat="46.1567924172" lon="6.9231349105">
				<ele>2996.2</ele>
				<extensions>
					<swisstopo:routepoint_id>511019899</swisstopo:routepoint_id>
				</extensions>
			</trkpt>
			<trkpt lat="46.1567568395" lon="6.9231626500">
				<ele>2993.8</ele>
				<extensions>
					<swisstopo:routepoint_id>975195229</swisstopo:routepoint_id>
				</extensions>
			</trkpt>
			<trkpt lat="46.1566957142" lon="6.9231983186">
				<ele>2989.7</ele>
				<extensions>
					<swisstopo:routepoint_id>1880879067</swisstopo:routepoint_id>
				</extensions>
			</trkpt>
			<trkpt lat="46.1566631373" lon="6.9232311694">
				<ele>2988.1</ele>
				<extensions>
					<swisstopo:routepoint_id>834981795</swisstopo:routepoint_id>
				</extensions>
			</trkpt>
			<trkpt lat="46.1566418594" lon="6.9232621914">
				<ele>2987.1</ele>
				<extensions>
					<swisstopo:routepoint_id>2038798361</swisstopo:routepoint_id>
				</extensions>
			</trkpt>
			<trkpt lat="46.1566281648" lon="6.9232614658">
				<ele>2986.5</ele>
				<extensions>
					<swisstopo:routepoint_id>1418020160</swisstopo:routepoint_id>
				</extensions>
			</trkpt>
			<trkpt lat="46.1566190862" lon="6.9232272983">
				<ele>2985.6</ele>
				<extensions>
					<swisstopo:routepoint_id>309934305</swisstopo:routepoint_id>
				</extensions>
			</trkpt>
			<trkpt lat="46.1566170216" lon="6.9231648184">
				<ele>2983.5</ele>
				<extensions>
					<swisstopo:routepoint_id>2140091244</swisstopo:routepoint_id>
				</extensions>
			</trkpt>
			<trkpt lat="46.1566055475" lon="6.9231280968">
				<ele>2981.6</ele>
				<extensions>
					<swisstopo:routepoint_id>1665011722</swisstopo:routepoint_id>
				</extensions>
			</trkpt>
			<trkpt lat="46.1565935847" lon="6.9231145134">
				<ele>2980.5</ele>
				<extensions>
					<swisstopo:routepoint_id>78424019</swisstopo:routepoint_id>
				</extensions>
			</trkpt>
			<trkpt lat="46.1565916753" lon="6.9230862722">
				<ele>2979.6</ele>
				<extensions>
					<swisstopo:routepoint_id>247501294</swisstopo:routepoint_id>
				</extensions>
			</trkpt>
			<trkpt lat="46.1565933709" lon="6.9230674209">
				<ele>2979.4</ele>
				<extensions>
					<swisstopo:routepoint_id>1217565251</swisstopo:routepoint_id>
				</extensions>
			</trkpt>
			<trkpt lat="46.1565838190" lon="6.9230598087">
				<ele>2978.7</ele>
				<extensions>
					<swisstopo:routepoint_id>291650815</swisstopo:routepoint_id>
				</extensions>
			</trkpt>
			<trkpt lat="46.1565399506" lon="6.9230961819">
				<ele>2976.2</ele>
				<extensions>
					<swisstopo:routepoint_id>1699272724</swisstopo:routepoint_id>
				</extensions>
			</trkpt>
			<trkpt lat="46.1565014356" lon="6.9231307966">
				<ele>2973.7</ele>
				<extensions>
					<swisstopo:routepoint_id>623250849</swisstopo:routepoint_id>
				</extensions>
			</trkpt>
			<trkpt lat="46.1564665254" lon="6.9231747892">
				<ele>2971.7</ele>
				<extensions>
					<swisstopo:routepoint_id>2087084021</swisstopo:routepoint_id>
				</extensions>
			</trkpt>
			<trkpt lat="46.1564546984" lon="6.9231911718">
				<ele>2971.1</ele>
				<extensions>
					<swisstopo:routepoint_id>1780771059</swisstopo:routepoint_id>
				</extensions>
			</trkpt>
			<trkpt lat="46.1564428094" lon="6.9231938466">
				<ele>2970.6</ele>
				<extensions>
					<swisstopo:routepoint_id>1389511391</swisstopo:routepoint_id>
				</extensions>
			</trkpt>
			<trkpt lat="46.1564379305" lon="6.9231673551">
				<ele>2969.7</ele>
				<extensions>
					<swisstopo:routepoint_id>1198339451</swisstopo:routepoint_id>
				</extensions>
			</trkpt>
			<trkpt lat="46.1564318436" lon="6.9231382984">
				<ele>2968.6</ele>
				<extensions>
					<swisstopo:routepoint_id>173459490</swisstopo:routepoint_id>
				</extensions>
			</trkpt>
			<trkpt lat="46.1564181229" lon="6.9231298579">
				<ele>2967.6</ele>
				<extensions>
					<swisstopo:routepoint_id>821847342</swisstopo:routepoint_id>
				</extensions>
			</trkpt>
			<trkpt lat="46.1564085904" lon="6.9231265302">
				<ele>2967.1</ele>
				<extensions>
					<swisstopo:routepoint_id>44641735</swisstopo:routepoint_id>
				</extensions>
			</trkpt>
			<trkpt lat="46.1563995079" lon="6.9230915079">
				<ele>2965.5</ele>
				<extensions>
					<swisstopo:routepoint_id>1799815511</swisstopo:routepoint_id>
				</extensions>
			</trkpt>
			<trkpt lat="46.1563986487" lon="6.9230349979">
				<ele>2963.6</ele>
				<extensions>
					<swisstopo:routepoint_id>2070160194</swisstopo:routepoint_id>
				</extensions>
			</trkpt>
			<trkpt lat="46.1563890736" lon="6.9230222464">
				<ele>2962.7</ele>
				<extensions>
					<swisstopo:routepoint_id>1397578319</swisstopo:routepoint_id>
				</extensions>
			</trkpt>
			<trkpt lat="46.1563766180" lon="6.9230309203">
				<ele>2961.9</ele>
				<extensions>
					<swisstopo:routepoint_id>819748032</swisstopo:routepoint_id>
				</extensions>
			</trkpt>
			<trkpt lat="46.1563321481" lon="6.9230655907">
				<ele>2958.8</ele>
				<extensions>
					<swisstopo:routepoint_id>1888408435</swisstopo:routepoint_id>
				</extensions>
			</trkpt>
			<trkpt lat="46.1563154344" lon="6.9230537604">
				<ele>2957.3</ele>
				<extensions>
					<swisstopo:routepoint_id>568447413</swisstopo:routepoint_id>
				</extensions>
			</trkpt>
			<trkpt lat="46.1562928634" lon="6.9230633969">
				<ele>2956.2</ele>
				<extensions>
					<swisstopo:routepoint_id>376325804</swisstopo:routepoint_id>
				</extensions>
			</trkpt>
			<trkpt lat="46.1562897899" lon="6.9230403057">
				<ele>2955.3</ele>
				<extensions>
					<swisstopo:routepoint_id>40143166</swisstopo:routepoint_id>
				</extensions>
			</trkpt>
			<trkpt lat="46.1562849615" lon="6.9230249337">
				<ele>2954.4</ele>
				<extensions>
					<swisstopo:routepoint_id>1676130816</swisstopo:routepoint_id>
				</extensions>
			</trkpt>
			<trkpt lat="46.1562624137" lon="6.9230397088">
				<ele>2952.9</ele>
				<extensions>
					<swisstopo:routepoint_id>1635596288</swisstopo:routepoint_id>
				</extensions>
			</trkpt>
			<trkpt lat="46.1562232648" lon="6.9230674681">
				<ele>2950.7</ele>
				<extensions>
					<swisstopo:routepoint_id>1980709205</swisstopo:routepoint_id>
				</extensions>
			</trkpt>
			<trkpt lat="46.1561841560" lon="6.9231020881">
				<ele>2948.7</ele>
				<extensions>
					<swisstopo:routepoint_id>333861367</swisstopo:routepoint_id>
				</extensions>
			</trkpt>
			<trkpt lat="46.1561662928" lon="6.9231005478">
				<ele>2947.7</ele>
				<extensions>
					<swisstopo:routepoint_id>1093885962</swisstopo:routepoint_id>
				</extensions>
			</trkpt>
			<trkpt lat="46.1561606607" lon="6.9230389434">
				<ele>2945.1</ele>
				<extensions>
					<swisstopo:routepoint_id>1224387588</swisstopo:routepoint_id>
				</extensions>
			</trkpt>
			<trkpt lat="46.1561522962" lon="6.9230313192">
				<ele>2944.6</ele>
				<extensions>
					<swisstopo:routepoint_id>1519168053</swisstopo:routepoint_id>
				</extensions>
			</trkpt>
			<trkpt lat="46.1561267915" lon="6.9230486851">
				<ele>2943.1</ele>
				<extensions>
					<swisstopo:routepoint_id>461990394</swisstopo:routepoint_id>
				</extensions>
			</trkpt>
			<trkpt lat="46.1560995084" lon="6.9230686310">
				<ele>2941.6</ele>
				<extensions>
					<swisstopo:routepoint_id>813303707</swisstopo:routepoint_id>
				</extensions>
			</trkpt>
			<trkpt lat="46.1560787234" lon="6.9230773958">
				<ele>2940.5</ele>
				<extensions>
					<swisstopo:routepoint_id>928576008</swisstopo:routepoint_id>
				</extensions>
			</trkpt>
			<trkpt lat="46.1560562492" lon="6.9231084296">
				<ele>2939.4</ele>
				<extensions>
					<swisstopo:routepoint_id>1313563424</swisstopo:routepoint_id>
				</extensions>
			</trkpt>
			<trkpt lat="46.1560401760" lon="6.9231068715">
				<ele>2938.7</ele>
				<extensions>
					<swisstopo:routepoint_id>478844219</swisstopo:routepoint_id>
				</extensions>
			</trkpt>
			<trkpt lat="46.1560175478" lon="6.9231019454">
				<ele>2937.8</ele>
				<extensions>
					<swisstopo:routepoint_id>425768689</swisstopo:routepoint_id>
				</extensions>
			</trkpt>
			<trkpt lat="46.1560097768" lon="6.9230943157">
				<ele>2937.5</ele>
				<extensions>
					<swisstopo:routepoint_id>2076467098</swisstopo:routepoint_id>
				</extensions>
			</trkpt>
			<trkpt lat="46.1560102423" lon="6.9230660525">
				<ele>2935.9</ele>
				<extensions>
					<swisstopo:routepoint_id>1155831859</swisstopo:routepoint_id>
				</extensions>
			</trkpt>
			<trkpt lat="46.1560155439" lon="6.9230548703">
				<ele>2935.5</ele>
				<extensions>
					<swisstopo:routepoint_id>943673622</swisstopo:routepoint_id>
				</extensions>
			</trkpt>
			<trkpt lat="46.1560183388" lon="6.9230145977">
				<ele>2933.9</ele>
				<extensions>
					<swisstopo:routepoint_id>1973640512</swisstopo:routepoint_id>
				</extensions>
			</trkpt>
			<trkpt lat="46.1560349007" lon="6.9229930311">
				<ele>2934.0</ele>
				<extensions>
					<swisstopo:routepoint_id>123035218</swisstopo:routepoint_id>
				</extensions>
			</trkpt>
			<trkpt lat="46.1560460328" lon="6.9229544018">
				<ele>2933.9</ele>
				<extensions>
					<swisstopo:routepoint_id>1255123157</swisstopo:routepoint_id>
				</extensions>
			</trkpt>
			<trkpt lat="46.1560429272" lon="6.9229261722">
				<ele>2932.7</ele>
				<extensions>
					<swisstopo:routepoint_id>466830064</swisstopo:routepoint_id>
				</extensions>
			</trkpt>
			<trkpt lat="46.1560339028" lon="6.9229039912">
				<ele>2931.5</ele>
				<extensions>
					<swisstopo:routepoint_id>805765378</swisstopo:routepoint_id>
				</extensions>
			</trkpt>
			<trkpt lat="46.1560095543" lon="6.9229144985">
				<ele>2929.7</ele>
				<extensions>
					<swisstopo:routepoint_id>1320455868</swisstopo:routepoint_id>
				</extensions>
			</trkpt>
			<trkpt lat="46.1559804397" lon="6.9229233290">
				<ele>2927.8</ele>
				<extensions>
					<swisstopo:routepoint_id>2106802572</swisstopo:routepoint_id>
				</extensions>
			</trkpt>
			<trkpt lat="46.1559578180" lon="6.9229218326">
				<ele>2926.2</ele>
				<extensions>
					<swisstopo:routepoint_id>1077892031</swisstopo:routepoint_id>
				</extensions>
			</trkpt>
			<trkpt lat="46.1559246007" lon="6.9229444107">
				<ele>2923.9</ele>
				<extensions>
					<swisstopo:routepoint_id>1838208939</swisstopo:routepoint_id>
				</extensions>
			</trkpt>
			<trkpt lat="46.1559103565" lon="6.9229513923">
				<ele>2923.0</ele>
				<extensions>
					<swisstopo:routepoint_id>619042601</swisstopo:routepoint_id>
				</extensions>
			</trkpt>
			<trkpt lat="46.1559108879" lon="6.9229376909">
				<ele>2922.8</ele>
				<extensions>
					<swisstopo:routepoint_id>1134790344</swisstopo:routepoint_id>
				</extensions>
			</trkpt>
			<trkpt lat="46.1559036756" lon="6.9229223415">
				<ele>2922.1</ele>
				<extensions>
					<swisstopo:routepoint_id>2060537638</swisstopo:routepoint_id>
				</extensions>
			</trkpt>
			<trkpt lat="46.1558888132" lon="6.9229259119">
				<ele>2921.3</ele>
				<extensions>
					<swisstopo:routepoint_id>1307114343</swisstopo:routepoint_id>
				</extensions>
			</trkpt>
			<trkpt lat="46.1558527402" lon="6.9229733447">
				<ele>2918.8</ele>
				<extensions>
					<swisstopo:routepoint_id>461211138</swisstopo:routepoint_id>
				</extensions>
			</trkpt>
			<trkpt lat="46.1558325721" lon="6.9229872299">
				<ele>2917.6</ele>
				<extensions>
					<swisstopo:routepoint_id>1154330248</swisstopo:routepoint_id>
				</extensions>
			</trkpt>
			<trkpt lat="46.1557992642" lon="6.9229918276">
				<ele>2915.6</ele>
				<extensions>
					<swisstopo:routepoint_id>862154251</swisstopo:routepoint_id>
				</extensions>
			</trkpt>
			<trkpt lat="46.1557509465" lon="6.9230329417">
				<ele>2912.5</ele>
				<extensions>
					<swisstopo:routepoint_id>966016453</swisstopo:routepoint_id>
				</extensions>
			</trkpt>
			<trkpt lat="46.1557059483" lon="6.9230820117">
				<ele>2909.5</ele>
				<extensions>
					<swisstopo:routepoint_id>1991530085</swisstopo:routepoint_id>
				</extensions>
			</trkpt>
			<trkpt lat="46.1556845461" lon="6.9230856307">
				<ele>2908.2</ele>
				<extensions>
					<swisstopo:routepoint_id>857987549</swisstopo:routepoint_id>
				</extensions>
			</trkpt>
			<trkpt lat="46.1556759144" lon="6.9230706440">
				<ele>2907.4</ele>
				<extensions>
					<swisstopo:routepoint_id>940206025</swisstopo:routepoint_id>
				</extensions>
			</trkpt>
			<trkpt lat="46.1556704090" lon="6.9230131553">
				<ele>2906.2</ele>
				<extensions>
					<swisstopo:routepoint_id>1530906276</swisstopo:routepoint_id>
				</extensions>
			</trkpt>
			<trkpt lat="46.1556682966" lon="6.9229659132">
				<ele>2905.4</ele>
				<extensions>
					<swisstopo:routepoint_id>909197183</swisstopo:routepoint_id>
				</extensions>
			</trkpt>
			<trkpt lat="46.1556606372" lon="6.9229570791">
				<ele>2904.6</ele>
				<extensions>
					<swisstopo:routepoint_id>1212110375</swisstopo:routepoint_id>
				</extensions>
			</trkpt>
			<trkpt lat="46.1556435013" lon="6.9229572401">
				<ele>2903.4</ele>
				<extensions>
					<swisstopo:routepoint_id>398085540</swisstopo:routepoint_id>
				</extensions>
			</trkpt>
			<trkpt lat="46.1556267798" lon="6.9229436884">
				<ele>2902.2</ele>
				<extensions>
					<swisstopo:routepoint_id>1837274079</swisstopo:routepoint_id>
				</extensions>
			</trkpt>
			<trkpt lat="46.1555953938" lon="6.9229515304">
				<ele>2900.3</ele>
				<extensions>
					<swisstopo:routepoint_id>1972671495</swisstopo:routepoint_id>
				</extensions>
			</trkpt>
			<trkpt lat="46.1555583949" lon="6.9229792699">
				<ele>2898.3</ele>
				<extensions>
					<swisstopo:routepoint_id>1612231442</swisstopo:routepoint_id>
				</extensions>
			</trkpt>
			<trkpt lat="46.1555123466" lon="6.9230071064">
				<ele>2895.7</ele>
				<extensions>
					<swisstopo:routepoint_id>820782989</swisstopo:routepoint_id>
				</extensions>
			</trkpt>
			<trkpt lat="46.1554630169" lon="6.9230452400">
				<ele>2892.9</ele>
				<extensions>
					<swisstopo:routepoint_id>1934917930</swisstopo:routepoint_id>
				</extensions>
			</trkpt>
			<trkpt lat="46.1554351327" lon="6.9230893467">
				<ele>2890.8</ele>
				<extensions>
					<swisstopo:routepoint_id>130571531</swisstopo:routepoint_id>
				</extensions>
			</trkpt>
			<trkpt lat="46.1554134066" lon="6.9231285925">
				<ele>2889.2</ele>
				<extensions>
					<swisstopo:routepoint_id>1959792631</swisstopo:routepoint_id>
				</extensions>
			</trkpt>
			<trkpt lat="46.1553896919" lon="6.9231459414">
				<ele>2887.9</ele>
				<extensions>
					<swisstopo:routepoint_id>1259576730</swisstopo:routepoint_id>
				</extensions>
			</trkpt>
			<trkpt lat="46.1553692062" lon="6.9231433890">
				<ele>2887.1</ele>
				<extensions>
					<swisstopo:routepoint_id>786391024</swisstopo:routepoint_id>
				</extensions>
			</trkpt>
			<trkpt lat="46.1553529213" lon="6.9231209406">
				<ele>2886.3</ele>
				<extensions>
					<swisstopo:routepoint_id>668300462</swisstopo:routepoint_id>
				</extensions>
			</trkpt>
			<trkpt lat="46.1553428283" lon="6.9230991200">
				<ele>2885.5</ele>
				<extensions>
					<swisstopo:routepoint_id>253541730</swisstopo:routepoint_id>
				</extensions>
			</trkpt>
			<trkpt lat="46.1553146674" lon="6.9230822585">
				<ele>2884.0</ele>
				<extensions>
					<swisstopo:routepoint_id>1069604281</swisstopo:routepoint_id>
				</extensions>
			</trkpt>
			<trkpt lat="46.1553084104" lon="6.9230672495">
				<ele>2883.5</ele>
				<extensions>
					<swisstopo:routepoint_id>129242314</swisstopo:routepoint_id>
				</extensions>
			</trkpt>
			<trkpt lat="46.1553035182" lon="6.9230378328">
				<ele>2882.8</ele>
				<extensions>
					<swisstopo:routepoint_id>557482025</swisstopo:routepoint_id>
				</extensions>
			</trkpt>
			<trkpt lat="46.1552966040" lon="6.9229831018">
				<ele>2881.7</ele>
				<extensions>
					<swisstopo:routepoint_id>1800229344</swisstopo:routepoint_id>
				</extensions>
			</trkpt>
			<trkpt lat="46.1552755079" lon="6.9229511062">
				<ele>2880.3</ele>
				<extensions>
					<swisstopo:routepoint_id>1672146798</swisstopo:routepoint_id>
				</extensions>
			</trkpt>
			<trkpt lat="46.1552591143" lon="6.9229046853">
				<ele>2878.7</ele>
				<extensions>
					<swisstopo:routepoint_id>508125610</swisstopo:routepoint_id>
				</extensions>
			</trkpt>
			<trkpt lat="46.1552536053" lon="6.9228444523">
				<ele>2877.1</ele>
				<extensions>
					<swisstopo:routepoint_id>73499805</swisstopo:routepoint_id>
				</extensions>
			</trkpt>
			<trkpt lat="46.1552452509" lon="6.9227856193">
				<ele>2875.2</ele>
				<extensions>
					<swisstopo:routepoint_id>1006984716</swisstopo:routepoint_id>
				</extensions>
			</trkpt>
			<trkpt lat="46.1552417457" lon="6.9227486690">
				<ele>2873.9</ele>
				<extensions>
					<swisstopo:routepoint_id>764399010</swisstopo:routepoint_id>
				</extensions>
			</trkpt>
			<trkpt lat="46.1552316775" lon="6.9227323235">
				<ele>2873.1</ele>
				<extensions>
					<swisstopo:routepoint_id>185572122</swisstopo:routepoint_id>
				</extensions>
			</trkpt>
			<trkpt lat="46.1552169195" lon="6.9227331480">
				<ele>2872.5</ele>
				<extensions>
					<swisstopo:routepoint_id>2032882156</swisstopo:routepoint_id>
				</extensions>
			</trkpt>
			<trkpt lat="46.1551770756" lon="6.9227643448">
				<ele>2870.6</ele>
				<extensions>
					<swisstopo:routepoint_id>504058332</swisstopo:routepoint_id>
				</extensions>
			</trkpt>
			<trkpt lat="46.1551181575" lon="6.9227868142">
				<ele>2867.5</ele>
				<extensions>
					<swisstopo:routepoint_id>1121495093</swisstopo:routepoint_id>
				</extensions>
			</trkpt>
			<trkpt lat="46.1550658959" lon="6.9228092211">
				<ele>2864.9</ele>
				<extensions>
					<swisstopo:routepoint_id>1786463400</swisstopo:routepoint_id>
				</extensions>
			</trkpt>
			<trkpt lat="46.1550122444" lon="6.9228405601">
				<ele>2862.3</ele>
				<extensions>
					<swisstopo:routepoint_id>144873293</swisstopo:routepoint_id>
				</extensions>
			</trkpt>
			<trkpt lat="46.1549828769" lon="6.9228709718">
				<ele>2861.1</ele>
				<extensions>
					<swisstopo:routepoint_id>1480516326</swisstopo:routepoint_id>
				</extensions>
			</trkpt>
			<trkpt lat="46.1549600320" lon="6.9228718724">
				<ele>2859.8</ele>
				<extensions>
					<swisstopo:routepoint_id>1545376792</swisstopo:routepoint_id>
				</extensions>
			</trkpt>
			<trkpt lat="46.1549262343" lon="6.9228735624">
				<ele>2857.9</ele>
				<extensions>
					<swisstopo:routepoint_id>1208315032</swisstopo:routepoint_id>
				</extensions>
			</trkpt>
			<trkpt lat="46.1549082035" lon="6.9228846825">
				<ele>2857.1</ele>
				<extensions>
					<swisstopo:routepoint_id>541063490</swisstopo:routepoint_id>
				</extensions>
			</trkpt>
			<trkpt lat="46.1548945016" lon="6.9229081125">
				<ele>2856.2</ele>
				<extensions>
					<swisstopo:routepoint_id>1957644911</swisstopo:routepoint_id>
				</extensions>
			</trkpt>
			<trkpt lat="46.1548721460" lon="6.9229117397">
				<ele>2855.0</ele>
				<extensions>
					<swisstopo:routepoint_id>1410860034</swisstopo:routepoint_id>
				</extensions>
			</trkpt>
			<trkpt lat="46.1548460046" lon="6.9229215777">
				<ele>2853.9</ele>
				<extensions>
					<swisstopo:routepoint_id>1400350101</swisstopo:routepoint_id>
				</extensions>
			</trkpt>
			<trkpt lat="46.1548185351" lon="6.9229519713">
				<ele>2852.4</ele>
				<extensions>
					<swisstopo:routepoint_id>814509497</swisstopo:routepoint_id>
				</extensions>
			</trkpt>
			<trkpt lat="46.1548014987" lon="6.9229740594">
				<ele>2851.2</ele>
				<extensions>
					<swisstopo:routepoint_id>1293751796</swisstopo:routepoint_id>
				</extensions>
			</trkpt>
			<trkpt lat="46.1547849108" lon="6.9229899689">
				<ele>2850.2</ele>
				<extensions>
					<swisstopo:routepoint_id>1101865011</swisstopo:routepoint_id>
				</extensions>
			</trkpt>
			<trkpt lat="46.1547706730" lon="6.9229983228">
				<ele>2849.4</ele>
				<extensions>
					<swisstopo:routepoint_id>1394198604</swisstopo:routepoint_id>
				</extensions>
			</trkpt>
			<trkpt lat="46.1547634872" lon="6.9229887986">
				<ele>2849.0</ele>
				<extensions>
					<swisstopo:routepoint_id>1904158714</swisstopo:routepoint_id>
				</extensions>
			</trkpt>
			<trkpt lat="46.1547518641" lon="6.9229450638">
				<ele>2848.0</ele>
				<extensions>
					<swisstopo:routepoint_id>1988902667</swisstopo:routepoint_id>
				</extensions>
			</trkpt>
			<trkpt lat="46.1547423286" lon="6.9229410497">
				<ele>2847.5</ele>
				<extensions>
					<swisstopo:routepoint_id>220654827</swisstopo:routepoint_id>
				</extensions>
			</trkpt>
			<trkpt lat="46.1547304901" lon="6.9229548571">
				<ele>2846.9</ele>
				<extensions>
					<swisstopo:routepoint_id>169823670</swisstopo:routepoint_id>
				</extensions>
			</trkpt>
			<trkpt lat="46.1547220576" lon="6.9229857575">
				<ele>2846.2</ele>
				<extensions>
					<swisstopo:routepoint_id>1900380443</swisstopo:routepoint_id>
				</extensions>
			</trkpt>
			<trkpt lat="46.1547083180" lon="6.9229989087">
				<ele>2845.5</ele>
				<extensions>
					<swisstopo:routepoint_id>1504131040</swisstopo:routepoint_id>
				</extensions>
			</trkpt>
			<trkpt lat="46.1546969810" lon="6.9230181865">
				<ele>2844.7</ele>
				<extensions>
					<swisstopo:routepoint_id>1942880525</swisstopo:routepoint_id>
				</extensions>
			</trkpt>
			<trkpt lat="46.1546845944" lon="6.9230162575">
				<ele>2843.9</ele>
				<extensions>
					<swisstopo:routepoint_id>1141641089</swisstopo:routepoint_id>
				</extensions>
			</trkpt>
			<trkpt lat="46.1546612479" lon="6.9230116747">
				<ele>2842.5</ele>
				<extensions>
					<swisstopo:routepoint_id>2135796442</swisstopo:routepoint_id>
				</extensions>
			</trkpt>
			<trkpt lat="46.1546474774" lon="6.9230200242">
				<ele>2842.0</ele>
				<extensions>
					<swisstopo:routepoint_id>269856237</swisstopo:routepoint_id>
				</extensions>
			</trkpt>
			<trkpt lat="46.1546318401" lon="6.9230352388">
				<ele>2841.3</ele>
				<extensions>
					<swisstopo:routepoint_id>2146605291</swisstopo:routepoint_id>
				</extensions>
			</trkpt>
			<trkpt lat="46.1546165955" lon="6.9230437570">
				<ele>2840.8</ele>
				<extensions>
					<swisstopo:routepoint_id>88035661</swisstopo:routepoint_id>
				</extensions>
			</trkpt>
			<trkpt lat="46.1546027586" lon="6.9230077581">
				<ele>2839.8</ele>
				<extensions>
					<swisstopo:routepoint_id>49197908</swisstopo:routepoint_id>
				</extensions>
			</trkpt>
			<trkpt lat="46.1545695333" lon="6.9229789835">
				<ele>2838.3</ele>
				<extensions>
					<swisstopo:routepoint_id>766897486</swisstopo:routepoint_id>
				</extensions>
			</trkpt>
			<trkpt lat="46.1545376109" lon="6.9229717502">
				<ele>2836.9</ele>
				<extensions>
					<swisstopo:routepoint_id>1747982578</swisstopo:routepoint_id>
				</extensions>
			</trkpt>
			<trkpt lat="46.1545017473" lon="6.9229364766">
				<ele>2834.9</ele>
				<extensions>
					<swisstopo:routepoint_id>1967938575</swisstopo:routepoint_id>
				</extensions>
			</trkpt>
			<trkpt lat="46.1544860571" lon="6.9229400412">
				<ele>2834.1</ele>
				<extensions>
					<swisstopo:routepoint_id>971320946</swisstopo:routepoint_id>
				</extensions>
			</trkpt>
			<trkpt lat="46.1544746426" lon="6.9229422066">
				<ele>2833.3</ele>
				<extensions>
					<swisstopo:routepoint_id>1542791032</swisstopo:routepoint_id>
				</extensions>
			</trkpt>
			<trkpt lat="46.1544445436" lon="6.9229185161">
				<ele>2831.5</ele>
				<extensions>
					<swisstopo:routepoint_id>243499681</swisstopo:routepoint_id>
				</extensions>
			</trkpt>
			<trkpt lat="46.1544225342" lon="6.9228933772">
				<ele>2830.3</ele>
				<extensions>
					<swisstopo:routepoint_id>1089664071</swisstopo:routepoint_id>
				</extensions>
			</trkpt>
			<trkpt lat="46.1544045071" lon="6.9229072421">
				<ele>2829.1</ele>
				<extensions>
					<swisstopo:routepoint_id>281038032</swisstopo:routepoint_id>
				</extensions>
			</trkpt>
			<trkpt lat="46.1543883557" lon="6.9229142414">
				<ele>2828.2</ele>
				<extensions>
					<swisstopo:routepoint_id>586495566</swisstopo:routepoint_id>
				</extensions>
			</trkpt>
			<trkpt lat="46.1543767764" lon="6.9228801122">
				<ele>2827.6</ele>
				<extensions>
					<swisstopo:routepoint_id>1752316132</swisstopo:routepoint_id>
				</extensions>
			</trkpt>
			<trkpt lat="46.1543700329" lon="6.9228630499">
				<ele>2827.2</ele>
				<extensions>
					<swisstopo:routepoint_id>1135113319</swisstopo:routepoint_id>
				</extensions>
			</trkpt>
			<trkpt lat="46.1543661007" lon="6.9228349964">
				<ele>2826.6</ele>
				<extensions>
					<swisstopo:routepoint_id>629222621</swisstopo:routepoint_id>
				</extensions>
			</trkpt>
			<trkpt lat="46.1543522401" lon="6.9228234770">
				<ele>2826.1</ele>
				<extensions>
					<swisstopo:routepoint_id>1297062874</swisstopo:routepoint_id>
				</extensions>
			</trkpt>
			<trkpt lat="46.1543407258" lon="6.9228037281">
				<ele>2825.4</ele>
				<extensions>
					<swisstopo:routepoint_id>875451153</swisstopo:routepoint_id>
				</extensions>
			</trkpt>
			<trkpt lat="46.1543202618" lon="6.9228039206">
				<ele>2824.4</ele>
				<extensions>
					<swisstopo:routepoint_id>1737511637</swisstopo:routepoint_id>
				</extensions>
			</trkpt>
			<trkpt lat="46.1543075694" lon="6.9228396502">
				<ele>2823.4</ele>
				<extensions>
					<swisstopo:routepoint_id>1989148298</swisstopo:routepoint_id>
				</extensions>
			</trkpt>
			<trkpt lat="46.1542992828" lon="6.9229006977">
				<ele>2821.5</ele>
				<extensions>
					<swisstopo:routepoint_id>840354710</swisstopo:routepoint_id>
				</extensions>
			</trkpt>
			<trkpt lat="46.1542822928" lon="6.9229330505">
				<ele>2820.1</ele>
				<extensions>
					<swisstopo:routepoint_id>876701711</swisstopo:routepoint_id>
				</extensions>
			</trkpt>
			<trkpt lat="46.1542584199" lon="6.9229175209">
				<ele>2818.9</ele>
				<extensions>
					<swisstopo:routepoint_id>931518563</swisstopo:routepoint_id>
				</extensions>
			</trkpt>
			<trkpt lat="46.1542435469" lon="6.9228930016">
				<ele>2818.0</ele>
				<extensions>
					<swisstopo:routepoint_id>918233415</swisstopo:routepoint_id>
				</extensions>
			</trkpt>
			<trkpt lat="46.1542330174" lon="6.9228800911">
				<ele>2817.4</ele>
				<extensions>
					<swisstopo:routepoint_id>1768179743</swisstopo:routepoint_id>
				</extensions>
			</trkpt>
			<trkpt lat="46.1542273612" lon="6.9228924678">
				<ele>2817.0</ele>
				<extensions>
					<swisstopo:routepoint_id>845196943</swisstopo:routepoint_id>
				</extensions>
			</trkpt>
			<trkpt lat="46.1541968999" lon="6.9229989253">
				<ele>2812.8</ele>
				<extensions>
					<swisstopo:routepoint_id>972787422</swisstopo:routepoint_id>
				</extensions>
			</trkpt>
			<trkpt lat="46.1541928295" lon="6.9230455513">
				<ele>2811.2</ele>
				<extensions>
					<swisstopo:routepoint_id>1588789460</swisstopo:routepoint_id>
				</extensions>
			</trkpt>
			<trkpt lat="46.1541766563" lon="6.9230477487">
				<ele>2810.6</ele>
				<extensions>
					<swisstopo:routepoint_id>303428034</swisstopo:routepoint_id>
				</extensions>
			</trkpt>
			<trkpt lat="46.1541604119" lon="6.9230342061">
				<ele>2809.8</ele>
				<extensions>
					<swisstopo:routepoint_id>1941786899</swisstopo:routepoint_id>
				</extensions>
			</trkpt>
			<trkpt lat="46.1541460155" lon="6.9230096816">
				<ele>2809.2</ele>
				<extensions>
					<swisstopo:routepoint_id>2019314920</swisstopo:routepoint_id>
				</extensions>
			</trkpt>
			<trkpt lat="46.1541370157" lon="6.9230186720">
				<ele>2808.8</ele>
				<extensions>
					<swisstopo:routepoint_id>1618111783</swisstopo:routepoint_id>
				</extensions>
			</trkpt>
			<trkpt lat="46.1541236991" lon="6.9231270270">
				<ele>2804.8</ele>
				<extensions>
					<swisstopo:routepoint_id>1999874140</swisstopo:routepoint_id>
				</extensions>
			</trkpt>
			<trkpt lat="46.1541101511" lon="6.9232874335">
				<ele>2798.7</ele>
				<extensions>
					<swisstopo:routepoint_id>346512051</swisstopo:routepoint_id>
				</extensions>
			</trkpt>
			<trkpt lat="46.1541050076" lon="6.9234128373">
				<ele>2794.3</ele>
				<extensions>
					<swisstopo:routepoint_id>1132729758</swisstopo:routepoint_id>
				</extensions>
			</trkpt>
			<trkpt lat="46.1540977831" lon="6.9234999058">
				<ele>2791.1</ele>
				<extensions>
					<swisstopo:routepoint_id>916073243</swisstopo:routepoint_id>
				</extensions>
			</trkpt>
			<trkpt lat="46.1541042267" lon="6.9235560117">
				<ele>2789.5</ele>
				<extensions>
					<swisstopo:routepoint_id>1286985861</swisstopo:routepoint_id>
				</extensions>
			</trkpt>
			<trkpt lat="46.1541272536" lon="6.9235953545">
				<ele>2789.0</ele>
				<extensions>
					<swisstopo:routepoint_id>1054588536</swisstopo:routepoint_id>
				</extensions>
			</trkpt>
			<trkpt lat="46.1541488306" lon="6.9236302573">
				<ele>2787.4</ele>
				<extensions>
					<swisstopo:routepoint_id>2015045618</swisstopo:routepoint_id>
				</extensions>
			</trkpt>
			<trkpt lat="46.1541631966" lon="6.9236481023">
				<ele>2787.1</ele>
				<extensions>
					<swisstopo:routepoint_id>797296693</swisstopo:routepoint_id>
				</extensions>
			</trkpt>
			<trkpt lat="46.1541784007" lon="6.9237198801">
				<ele>2785.7</ele>
				<extensions>
					<swisstopo:routepoint_id>1723963031</swisstopo:routepoint_id>
				</extensions>
			</trkpt>
			<trkpt lat="46.1541774527" lon="6.9237746831">
				<ele>2784.2</ele>
				<extensions>
					<swisstopo:routepoint_id>907930938</swisstopo:routepoint_id>
				</extensions>
			</trkpt>
			<trkpt lat="46.1541770413" lon="6.9238149318">
				<ele>2782.9</ele>
				<extensions>
					<swisstopo:routepoint_id>215862903</swisstopo:routepoint_id>
				</extensions>
			</trkpt>
			<trkpt lat="46.1541797006" lon="6.9238757078">
				<ele>2780.6</ele>
				<extensions>
					<swisstopo:routepoint_id>1327703840</swisstopo:routepoint_id>
				</extensions>
			</trkpt>
			<trkpt lat="46.1541792543" lon="6.9239082419">
				<ele>2779.1</ele>
				<extensions>
					<swisstopo:routepoint_id>1259283575</swisstopo:routepoint_id>
				</extensions>
			</trkpt>
			<trkpt lat="46.1541693480" lon="6.9239554272">
				<ele>2777.0</ele>
				<extensions>
					<swisstopo:routepoint_id>135514485</swisstopo:routepoint_id>
				</extensions>
			</trkpt>
			<trkpt lat="46.1541701319" lon="6.9239973728">
				<ele>2775.8</ele>
				<extensions>
					<swisstopo:routepoint_id>1378169461</swisstopo:routepoint_id>
				</extensions>
			</trkpt>
			<trkpt lat="46.1541853435" lon="6.9240708723">
				<ele>2774.9</ele>
				<extensions>
					<swisstopo:routepoint_id>1465512472</swisstopo:routepoint_id>
				</extensions>
			</trkpt>
			<trkpt lat="46.1542047238" lon="6.9241451742">
				<ele>2774.3</ele>
				<extensions>
					<swisstopo:routepoint_id>335875084</swisstopo:routepoint_id>
				</extensions>
			</trkpt>
			<trkpt lat="46.1542209509" lon="6.9241827030">
				<ele>2774.3</ele>
				<extensions>
					<swisstopo:routepoint_id>817640491</swisstopo:routepoint_id>
				</extensions>
			</trkpt>
			<trkpt lat="46.1542390506" lon="6.9242364742">
				<ele>2773.8</ele>
				<extensions>
					<swisstopo:routepoint_id>669580053</swisstopo:routepoint_id>
				</extensions>
			</trkpt>
			<trkpt lat="46.1542405018" lon="6.9242946853">
				<ele>2773.4</ele>
				<extensions>
					<swisstopo:routepoint_id>1920087246</swisstopo:routepoint_id>
				</extensions>
			</trkpt>
			<trkpt lat="46.1542455238" lon="6.9243528629">
				<ele>2772.8</ele>
				<extensions>
					<swisstopo:routepoint_id>1183421559</swisstopo:routepoint_id>
				</extensions>
			</trkpt>
			<trkpt lat="46.1542411026" lon="6.9244274005">
				<ele>2771.1</ele>
				<extensions>
					<swisstopo:routepoint_id>1433174273</swisstopo:routepoint_id>
				</extensions>
			</trkpt>
			<trkpt lat="46.1542366151" lon="6.9244873761">
				<ele>2769.7</ele>
				<extensions>
					<swisstopo:routepoint_id>1255967748</swisstopo:routepoint_id>
				</extensions>
			</trkpt>
			<trkpt lat="46.1542297093" lon="6.9245396721">
				<ele>2768.5</ele>
				<extensions>
					<swisstopo:routepoint_id>420448454</swisstopo:routepoint_id>
				</extensions>
			</trkpt>
			<trkpt lat="46.1542307022" lon="6.9246278543">
				<ele>2767.1</ele>
				<extensions>
					<swisstopo:routepoint_id>610141897</swisstopo:routepoint_id>
				</extensions>
			</trkpt>
			<trkpt lat="46.1542362531" lon="6.9246697559">
				<ele>2766.6</ele>
				<extensions>
					<swisstopo:routepoint_id>2074944790</swisstopo:routepoint_id>
				</extensions>
			</trkpt>
			<trkpt lat="46.1542468592" lon="6.9247254865">
				<ele>2766.2</ele>
				<extensions>
					<swisstopo:routepoint_id>1294082337</swisstopo:routepoint_id>
				</extensions>
			</trkpt>
			<trkpt lat="46.1542489246" lon="6.9247624500">
				<ele>2765.5</ele>
				<extensions>
					<swisstopo:routepoint_id>783326521</swisstopo:routepoint_id>
				</extensions>
			</trkpt>
			<trkpt lat="46.1542414725" lon="6.9247974576">
				<ele>2764.5</ele>
				<extensions>
					<swisstopo:routepoint_id>1069124710</swisstopo:routepoint_id>
				</extensions>
			</trkpt>
			<trkpt lat="46.1542349279" lon="6.9248242362">
				<ele>2763.5</ele>
				<extensions>
					<swisstopo:routepoint_id>2021946234</swisstopo:routepoint_id>
				</extensions>
			</trkpt>
			<trkpt lat="46.1542298476" lon="6.9248585351">
				<ele>2762.3</ele>
				<extensions>
					<swisstopo:routepoint_id>1891802067</swisstopo:routepoint_id>
				</extensions>
			</trkpt>
			<trkpt lat="46.1542239873" lon="6.9249311964">
				<ele>2760.0</ele>
				<extensions>
					<swisstopo:routepoint_id>779017797</swisstopo:routepoint_id>
				</extensions>
			</trkpt>
			<trkpt lat="46.1542104831" lon="6.9249984539">
				<ele>2757.4</ele>
				<extensions>
					<swisstopo:routepoint_id>2078021394</swisstopo:routepoint_id>
				</extensions>
			</trkpt>
			<trkpt lat="46.1541987404" lon="6.9250334884">
				<ele>2755.9</ele>
				<extensions>
					<swisstopo:routepoint_id>1352347085</swisstopo:routepoint_id>
				</extensions>
			</trkpt>
			<trkpt lat="46.1541888923" lon="6.9250657738">
				<ele>2754.5</ele>
				<extensions>
					<swisstopo:routepoint_id>1172015967</swisstopo:routepoint_id>
				</extensions>
			</trkpt>
			<trkpt lat="46.1541801555" lon="6.9251329858">
				<ele>2752.3</ele>
				<extensions>
					<swisstopo:routepoint_id>659762604</swisstopo:routepoint_id>
				</extensions>
			</trkpt>
			<trkpt lat="46.1541627441" lon="6.9251776782">
				<ele>2750.7</ele>
				<extensions>
					<swisstopo:routepoint_id>766933814</swisstopo:routepoint_id>
				</extensions>
			</trkpt>
			<trkpt lat="46.1541452057" lon="6.9251942823">
				<ele>2749.7</ele>
				<extensions>
					<swisstopo:routepoint_id>1809952567</swisstopo:routepoint_id>
				</extensions>
			</trkpt>
			<trkpt lat="46.1541285466" lon="6.9251944380">
				<ele>2749.1</ele>
				<extensions>
					<swisstopo:routepoint_id>232271538</swisstopo:routepoint_id>
				</extensions>
			</trkpt>
			<trkpt lat="46.1541157572" lon="6.9252089387">
				<ele>2748.3</ele>
				<extensions>
					<swisstopo:routepoint_id>189373656</swisstopo:routepoint_id>
				</extensions>
			</trkpt>
			<trkpt lat="46.1541186895" lon="6.9252267235">
				<ele>2747.8</ele>
				<extensions>
					<swisstopo:routepoint_id>182088033</swisstopo:routepoint_id>
				</extensions>
			</trkpt>
			<trkpt lat="46.1541330851" lon="6.9252512478">
				<ele>2744.8</ele>
				<extensions>
					<swisstopo:routepoint_id>479287990</swisstopo:routepoint_id>
				</extensions>
			</trkpt>
			<trkpt lat="46.1541393916" lon="6.9252772201">
				<ele>2741.8</ele>
				<extensions>
					<swisstopo:routepoint_id>842692565</swisstopo:routepoint_id>
				</extensions>
			</trkpt>
			<trkpt lat="46.1541333389" lon="6.9253074118">
				<ele>2740.2</ele>
				<extensions>
					<swisstopo:routepoint_id>2062436856</swisstopo:routepoint_id>
				</extensions>
			</trkpt>
			<trkpt lat="46.1541104665" lon="6.9253021505">
				<ele>2738.6</ele>
				<extensions>
					<swisstopo:routepoint_id>659687810</swisstopo:routepoint_id>
				</extensions>
			</trkpt>
			<trkpt lat="46.1540803246" lon="6.9252688671">
				<ele>2737.3</ele>
				<extensions>
					<swisstopo:routepoint_id>1801640930</swisstopo:routepoint_id>
				</extensions>
			</trkpt>
			<trkpt lat="46.1540501365" lon="6.9252253067">
				<ele>2736.7</ele>
				<extensions>
					<swisstopo:routepoint_id>789234286</swisstopo:routepoint_id>
				</extensions>
			</trkpt>
			<trkpt lat="46.1540459135" lon="6.9252383682">
				<ele>2736.1</ele>
				<extensions>
					<swisstopo:routepoint_id>1068741742</swisstopo:routepoint_id>
				</extensions>
			</trkpt>
			<trkpt lat="46.1540547770" lon="6.9253026715">
				<ele>2734.7</ele>
				<extensions>
					<swisstopo:routepoint_id>333934879</swisstopo:routepoint_id>
				</extensions>
			</trkpt>
			<trkpt lat="46.1540469877" lon="6.9253705611">
				<ele>2732.2</ele>
				<extensions>
					<swisstopo:routepoint_id>1451011973</swisstopo:routepoint_id>
				</extensions>
			</trkpt>
			<trkpt lat="46.1540576779" lon="6.9254190933">
				<ele>2731.2</ele>
				<extensions>
					<swisstopo:routepoint_id>300864373</swisstopo:routepoint_id>
				</extensions>
			</trkpt>
			<trkpt lat="46.1540660148" lon="6.9254724377">
				<ele>2729.7</ele>
				<extensions>
					<swisstopo:routepoint_id>782884106</swisstopo:routepoint_id>
				</extensions>
			</trkpt>
			<trkpt lat="46.1540666217" lon="6.9255012082">
				<ele>2728.8</ele>
				<extensions>
					<swisstopo:routepoint_id>349250651</swisstopo:routepoint_id>
				</extensions>
			</trkpt>
			<trkpt lat="46.1540538880" lon="6.9255280316">
				<ele>2726.8</ele>
				<extensions>
					<swisstopo:routepoint_id>1506083120</swisstopo:routepoint_id>
				</extensions>
			</trkpt>
			<trkpt lat="46.1540401051" lon="6.9255336492">
				<ele>2725.5</ele>
				<extensions>
					<swisstopo:routepoint_id>1461175795</swisstopo:routepoint_id>
				</extensions>
			</trkpt>
			<trkpt lat="46.1540109912" lon="6.9255167959">
				<ele>2724.4</ele>
				<extensions>
					<swisstopo:routepoint_id>892454749</swisstopo:routepoint_id>
				</extensions>
			</trkpt>
			<trkpt lat="46.1539662643" lon="6.9255206312">
				<ele>2721.4</ele>
				<extensions>
					<swisstopo:routepoint_id>1334899394</swisstopo:routepoint_id>
				</extensions>
			</trkpt>
			<trkpt lat="46.1539186616" lon="6.9255190316">
				<ele>2718.5</ele>
				<extensions>
					<swisstopo:routepoint_id>336889498</swisstopo:routepoint_id>
				</extensions>
			</trkpt>
			<trkpt lat="46.1538715570" lon="6.9255242616">
				<ele>2715.2</ele>
				<extensions>
					<swisstopo:routepoint_id>970329488</swisstopo:routepoint_id>
				</extensions>
			</trkpt>
			<trkpt lat="46.1538358241" lon="6.9255177480">
				<ele>2712.9</ele>
				<extensions>
					<swisstopo:routepoint_id>689393979</swisstopo:routepoint_id>
				</extensions>
			</trkpt>
			<trkpt lat="46.1537995617" lon="6.9254995893">
				<ele>2710.8</ele>
				<extensions>
					<swisstopo:routepoint_id>2028440072</swisstopo:routepoint_id>
				</extensions>
			</trkpt>
			<trkpt lat="46.1537743145" lon="6.9254943495">
				<ele>2709.3</ele>
				<extensions>
					<swisstopo:routepoint_id>286204815</swisstopo:routepoint_id>
				</extensions>
			</trkpt>
			<trkpt lat="46.1537513861" lon="6.9254767525">
				<ele>2708.1</ele>
				<extensions>
					<swisstopo:routepoint_id>139417556</swisstopo:routepoint_id>
				</extensions>
			</trkpt>
			<trkpt lat="46.1537242164" lon="6.9254681009">
				<ele>2706.5</ele>
				<extensions>
					<swisstopo:routepoint_id>757830959</swisstopo:routepoint_id>
				</extensions>
			</trkpt>
			<trkpt lat="46.1536661554" lon="6.9254713879">
				<ele>2702.8</ele>
				<extensions>
					<swisstopo:routepoint_id>347460336</swisstopo:routepoint_id>
				</extensions>
			</trkpt>
			<trkpt lat="46.1536370446" lon="6.9254552205">
				<ele>2701.1</ele>
				<extensions>
					<swisstopo:routepoint_id>2134215911</swisstopo:routepoint_id>
				</extensions>
			</trkpt>
			<trkpt lat="46.1536070237" lon="6.9254486537">
				<ele>2698.9</ele>
				<extensions>
					<swisstopo:routepoint_id>2091007117</swisstopo:routepoint_id>
				</extensions>
			</trkpt>
			<trkpt lat="46.1535655415" lon="6.9254339617">
				<ele>2696.2</ele>
				<extensions>
					<swisstopo:routepoint_id>2022007035</swisstopo:routepoint_id>
				</extensions>
			</trkpt>
			<trkpt lat="46.1535240313" lon="6.9254110628">
				<ele>2693.5</ele>
				<extensions>
					<swisstopo:routepoint_id>2100327882</swisstopo:routepoint_id>
				</extensions>
			</trkpt>
			<trkpt lat="46.1534878463" lon="6.9254100288">
				<ele>2690.9</ele>
				<extensions>
					<swisstopo:routepoint_id>1667948139</swisstopo:routepoint_id>
				</extensions>
			</trkpt>
			<trkpt lat="46.1534687012" lon="6.9253876073">
				<ele>2689.8</ele>
				<extensions>
					<swisstopo:routepoint_id>835863538</swisstopo:routepoint_id>
				</extensions>
			</trkpt>
			<trkpt lat="46.1534300022" lon="6.9253557765">
				<ele>2687.0</ele>
				<extensions>
					<swisstopo:routepoint_id>191581713</swisstopo:routepoint_id>
				</extensions>
			</trkpt>
			<trkpt lat="46.1534184607" lon="6.9253298534">
				<ele>2686.3</ele>
				<extensions>
					<swisstopo:routepoint_id>2059714879</swisstopo:routepoint_id>
				</extensions>
			</trkpt>
			<trkpt lat="46.1534154672" lon="6.9253004326">
				<ele>2685.4</ele>
				<extensions>
					<swisstopo:routepoint_id>1119287736</swisstopo:routepoint_id>
				</extensions>
			</trkpt>
			<trkpt lat="46.1534024672" lon="6.9252663034">
				<ele>2685.0</ele>
				<extensions>
					<swisstopo:routepoint_id>1735226228</swisstopo:routepoint_id>
				</extensions>
			</trkpt>
			<trkpt lat="46.1533666848" lon="6.9252488270">
				<ele>2682.7</ele>
				<extensions>
					<swisstopo:routepoint_id>1638538587</swisstopo:routepoint_id>
				</extensions>
			</trkpt>
			<trkpt lat="46.1533408185" lon="6.9252141316">
				<ele>2681.1</ele>
				<extensions>
					<swisstopo:routepoint_id>1997319892</swisstopo:routepoint_id>
				</extensions>
			</trkpt>
			<trkpt lat="46.1533220323" lon="6.9251636177">
				<ele>2679.8</ele>
				<extensions>
					<swisstopo:routepoint_id>1824591915</swisstopo:routepoint_id>
				</extensions>
			</trkpt>
			<trkpt lat="46.1533028470" lon="6.9251322904">
				<ele>2678.5</ele>
				<extensions>
					<swisstopo:routepoint_id>1586923544</swisstopo:routepoint_id>
				</extensions>
			</trkpt>
			<trkpt lat="46.1532811135" lon="6.9250626324">
				<ele>2676.8</ele>
				<extensions>
					<swisstopo:routepoint_id>1989778204</swisstopo:routepoint_id>
				</extensions>
			</trkpt>
			<trkpt lat="46.1532675596" lon="6.9250134413">
				<ele>2676.1</ele>
				<extensions>
					<swisstopo:routepoint_id>440935822</swisstopo:routepoint_id>
				</extensions>
			</trkpt>
			<trkpt lat="46.1532483154" lon="6.9249690927">
				<ele>2675.5</ele>
				<extensions>
					<swisstopo:routepoint_id>56629749</swisstopo:routepoint_id>
				</extensions>
			</trkpt>
			<trkpt lat="46.1532229907" lon="6.9249467294">
				<ele>2674.8</ele>
				<extensions>
					<swisstopo:routepoint_id>467653167</swisstopo:routepoint_id>
				</extensions>
			</trkpt>
			<trkpt lat="46.1532052137" lon="6.9249105869">
				<ele>2674.7</ele>
				<extensions>
					<swisstopo:routepoint_id>2050659410</swisstopo:routepoint_id>
				</extensions>
			</trkpt>
			<trkpt lat="46.1531969570" lon="6.9248750538">
				<ele>2673.8</ele>
				<extensions>
					<swisstopo:routepoint_id>849558038</swisstopo:routepoint_id>
				</extensions>
			</trkpt>
			<trkpt lat="46.1531796848" lon="6.9248450684">
				<ele>2674.3</ele>
				<extensions>
					<swisstopo:routepoint_id>449939875</swisstopo:routepoint_id>
				</extensions>
			</trkpt>
			<trkpt lat="46.1531409174" lon="6.9247981716">
				<ele>2674.1</ele>
				<extensions>
					<swisstopo:routepoint_id>1994565935</swisstopo:routepoint_id>
				</extensions>
			</trkpt>
			<trkpt lat="46.1531118158" lon="6.9247840634">
				<ele>2673.5</ele>
				<extensions>
					<swisstopo:routepoint_id>325940255</swisstopo:routepoint_id>
				</extensions>
			</trkpt>
			<trkpt lat="46.1530822529" lon="6.9247733758">
				<ele>2672.8</ele>
				<extensions>
					<swisstopo:routepoint_id>372478180</swisstopo:routepoint_id>
				</extensions>
			</trkpt>
			<trkpt lat="46.1530569777" lon="6.9247619758">
				<ele>2671.8</ele>
				<extensions>
					<swisstopo:routepoint_id>1833950453</swisstopo:routepoint_id>
				</extensions>
			</trkpt>
			<trkpt lat="46.1530554543" lon="6.9247414344">
				<ele>2671.5</ele>
				<extensions>
					<swisstopo:routepoint_id>1721085928</swisstopo:routepoint_id>
				</extensions>
			</trkpt>
			<trkpt lat="46.1530595874" lon="6.9247085172">
				<ele>2671.0</ele>
				<extensions>
					<swisstopo:routepoint_id>939874059</swisstopo:routepoint_id>
				</extensions>
			</trkpt>
			<trkpt lat="46.1530690544" lon="6.9246954195">
				<ele>2671.2</ele>
				<extensions>
					<swisstopo:routepoint_id>1659446064</swisstopo:routepoint_id>
				</extensions>
			</trkpt>
			<trkpt lat="46.1530727261" lon="6.9246659239">
				<ele>2671.0</ele>
				<extensions>
					<swisstopo:routepoint_id>878922590</swisstopo:routepoint_id>
				</extensions>
			</trkpt>
			<trkpt lat="46.1530587634" lon="6.9246318039">
				<ele>2670.6</ele>
				<extensions>
					<swisstopo:routepoint_id>296102727</swisstopo:routepoint_id>
				</extensions>
			</trkpt>
			<trkpt lat="46.1530323425" lon="6.9245779443">
				<ele>2670.1</ele>
				<extensions>
					<swisstopo:routepoint_id>329544620</swisstopo:routepoint_id>
				</extensions>
			</trkpt>
			<trkpt lat="46.1530122903" lon="6.9245657963">
				<ele>2670.1</ele>
				<extensions>
					<swisstopo:routepoint_id>1926711219</swisstopo:routepoint_id>
				</extensions>
			</trkpt>
			<trkpt lat="46.1529803743" lon="6.9245599334">
				<ele>2669.2</ele>
				<extensions>
					<swisstopo:routepoint_id>826679266</swisstopo:routepoint_id>
				</extensions>
			</trkpt>
			<trkpt lat="46.1529588825" lon="6.9245436953">
				<ele>2668.6</ele>
				<extensions>
					<swisstopo:routepoint_id>1093020872</swisstopo:routepoint_id>
				</extensions>
			</trkpt>
			<trkpt lat="46.1529278273" lon="6.9245193278">
				<ele>2667.5</ele>
				<extensions>
					<swisstopo:routepoint_id>1037710937</swisstopo:routepoint_id>
				</extensions>
			</trkpt>
			<trkpt lat="46.1528981929" lon="6.9244928881">
				<ele>2666.4</ele>
				<extensions>
					<swisstopo:routepoint_id>527253837</swisstopo:routepoint_id>
				</extensions>
			</trkpt>
			<trkpt lat="46.1528762271" lon="6.9244773410">
				<ele>2665.7</ele>
				<extensions>
					<swisstopo:routepoint_id>1977832250</swisstopo:routepoint_id>
				</extensions>
			</trkpt>
			<trkpt lat="46.1528721960" lon="6.9244273753">
				<ele>2664.7</ele>
				<extensions>
					<swisstopo:routepoint_id>396086729</swisstopo:routepoint_id>
				</extensions>
			</trkpt>
			<trkpt lat="46.1528524503" lon="6.9243775696">
				<ele>2664.0</ele>
				<extensions>
					<swisstopo:routepoint_id>1884166713</swisstopo:routepoint_id>
				</extensions>
			</trkpt>
			<trkpt lat="46.1528380194" lon="6.9243434543">
				<ele>2662.7</ele>
				<extensions>
					<swisstopo:routepoint_id>1269921857</swisstopo:routepoint_id>
				</extensions>
			</trkpt>
			<trkpt lat="46.1528229978" lon="6.9242860578">
				<ele>2661.4</ele>
				<extensions>
					<swisstopo:routepoint_id>414955038</swisstopo:routepoint_id>
				</extensions>
			</trkpt>
			<trkpt lat="46.1528153010" lon="6.9242669465">
				<ele>2660.9</ele>
				<extensions>
					<swisstopo:routepoint_id>724370783</swisstopo:routepoint_id>
				</extensions>
			</trkpt>
			<trkpt lat="46.1528055583" lon="6.9242190918">
				<ele>2660.8</ele>
				<extensions>
					<swisstopo:routepoint_id>1930695679</swisstopo:routepoint_id>
				</extensions>
			</trkpt>
			<trkpt lat="46.1527876725" lon="6.9241589784">
				<ele>2661.0</ele>
				<extensions>
					<swisstopo:routepoint_id>1377126314</swisstopo:routepoint_id>
				</extensions>
			</trkpt>
			<trkpt lat="46.1527597929" lon="6.9240989584">
				<ele>2660.0</ele>
				<extensions>
					<swisstopo:routepoint_id>236590073</swisstopo:routepoint_id>
				</extensions>
			</trkpt>
			<trkpt lat="46.1527375638" lon="6.9240251903">
				<ele>2660.0</ele>
				<extensions>
					<swisstopo:routepoint_id>1579673762</swisstopo:routepoint_id>
				</extensions>
			</trkpt>
			<trkpt lat="46.1527101954" lon="6.9239727123">
				<ele>2658.9</ele>
				<extensions>
					<swisstopo:routepoint_id>1857532543</swisstopo:routepoint_id>
				</extensions>
			</trkpt>
			<trkpt lat="46.1526873286" lon="6.9239688107">
				<ele>2657.0</ele>
				<extensions>
					<swisstopo:routepoint_id>2001932756</swisstopo:routepoint_id>
				</extensions>
			</trkpt>
			<trkpt lat="46.1526615802" lon="6.9239601459">
				<ele>2655.2</ele>
				<extensions>
					<swisstopo:routepoint_id>768674723</swisstopo:routepoint_id>
				</extensions>
			</trkpt>
			<trkpt lat="46.1526434965" lon="6.9239616878">
				<ele>2653.7</ele>
				<extensions>
					<swisstopo:routepoint_id>1897349518</swisstopo:routepoint_id>
				</extensions>
			</trkpt>
			<trkpt lat="46.1526205730" lon="6.9239411538">
				<ele>2652.2</ele>
				<extensions>
					<swisstopo:routepoint_id>620707171</swisstopo:routepoint_id>
				</extensions>
			</trkpt>
			<trkpt lat="46.1526025431" lon="6.9239028007">
				<ele>2651.1</ele>
				<extensions>
					<swisstopo:routepoint_id>649380175</swisstopo:routepoint_id>
				</extensions>
			</trkpt>
			<trkpt lat="46.1525826112" lon="6.9238379165">
				<ele>2649.5</ele>
				<extensions>
					<swisstopo:routepoint_id>93568597</swisstopo:routepoint_id>
				</extensions>
			</trkpt>
			<trkpt lat="46.1525698221" lon="6.9237729663">
				<ele>2648.2</ele>
				<extensions>
					<swisstopo:routepoint_id>766133487</swisstopo:routepoint_id>
				</extensions>
			</trkpt>
			<trkpt lat="46.1525476205" lon="6.9237312221">
				<ele>2646.7</ele>
				<extensions>
					<swisstopo:routepoint_id>2033044472</swisstopo:routepoint_id>
				</extensions>
			</trkpt>
			<trkpt lat="46.1525140500" lon="6.9236758771">
				<ele>2644.6</ele>
				<extensions>
					<swisstopo:routepoint_id>1038916826</swisstopo:routepoint_id>
				</extensions>
			</trkpt>
			<trkpt lat="46.1524994821" lon="6.9236135067">
				<ele>2644.0</ele>
				<extensions>
					<swisstopo:routepoint_id>666015570</swisstopo:routepoint_id>
				</extensions>
			</trkpt>
			<trkpt lat="46.1524712598" lon="6.9235572703">
				<ele>2642.4</ele>
				<extensions>
					<swisstopo:routepoint_id>1822468333</swisstopo:routepoint_id>
				</extensions>
			</trkpt>
			<trkpt lat="46.1524502067" lon="6.9235069465">
				<ele>2641.1</ele>
				<extensions>
					<swisstopo:routepoint_id>611886367</swisstopo:routepoint_id>
				</extensions>
			</trkpt>
			<trkpt lat="46.1524291459" lon="6.9234549148">
				<ele>2639.4</ele>
				<extensions>
					<swisstopo:routepoint_id>525822996</swisstopo:routepoint_id>
				</extensions>
			</trkpt>
			<trkpt lat="46.1524057794" lon="6.9234200291">
				<ele>2638.0</ele>
				<extensions>
					<swisstopo:routepoint_id>1431218549</swisstopo:routepoint_id>
				</extensions>
			</trkpt>
			<trkpt lat="46.1523883865" lon="6.9233893726">
				<ele>2637.1</ele>
				<extensions>
					<swisstopo:routepoint_id>353633514</swisstopo:routepoint_id>
				</extensions>
			</trkpt>
			<trkpt lat="46.1523717198" lon="6.9233878204">
				<ele>2636.3</ele>
				<extensions>
					<swisstopo:routepoint_id>852012530</swisstopo:routepoint_id>
				</extensions>
			</trkpt>
			<trkpt lat="46.1523456332" lon="6.9234077532">
				<ele>2634.5</ele>
				<extensions>
					<swisstopo:routepoint_id>848208988</swisstopo:routepoint_id>
				</extensions>
			</trkpt>
			<trkpt lat="46.1523327109" lon="6.9234464093">
				<ele>2633.0</ele>
				<extensions>
					<swisstopo:routepoint_id>24582916</swisstopo:routepoint_id>
				</extensions>
			</trkpt>
			<trkpt lat="46.1523118870" lon="6.9234466047">
				<ele>2632.1</ele>
				<extensions>
					<swisstopo:routepoint_id>555303654</swisstopo:routepoint_id>
				</extensions>
			</trkpt>
			<trkpt lat="46.1522717959" lon="6.9233956059">
				<ele>2629.8</ele>
				<extensions>
					<swisstopo:routepoint_id>337737525</swisstopo:routepoint_id>
				</extensions>
			</trkpt>
			<trkpt lat="46.1522251478" lon="6.9233446688">
				<ele>2628.1</ele>
				<extensions>
					<swisstopo:routepoint_id>1568946834</swisstopo:routepoint_id>
				</extensions>
			</trkpt>
			<trkpt lat="46.1522005892" lon="6.9233089404">
				<ele>2626.5</ele>
				<extensions>
					<swisstopo:routepoint_id>475026219</swisstopo:routepoint_id>
				</extensions>
			</trkpt>
			<trkpt lat="46.1521850790" lon="6.9233005306">
				<ele>2625.6</ele>
				<extensions>
					<swisstopo:routepoint_id>1258082883</swisstopo:routepoint_id>
				</extensions>
			</trkpt>
			<trkpt lat="46.1521612864" lon="6.9233007541">
				<ele>2624.3</ele>
				<extensions>
					<swisstopo:routepoint_id>1364820070</swisstopo:routepoint_id>
				</extensions>
			</trkpt>
			<trkpt lat="46.1521195442" lon="6.9232822996">
				<ele>2622.2</ele>
				<extensions>
					<swisstopo:routepoint_id>1605806617</swisstopo:routepoint_id>
				</extensions>
			</trkpt>
			<trkpt lat="46.1520956740" lon="6.9232653987">
				<ele>2620.8</ele>
				<extensions>
					<swisstopo:routepoint_id>426474608</swisstopo:routepoint_id>
				</extensions>
			</trkpt>
			<trkpt lat="46.1520586747" lon="6.9232434947">
				<ele>2619.0</ele>
				<extensions>
					<swisstopo:routepoint_id>761170141</swisstopo:routepoint_id>
				</extensions>
			</trkpt>
			<trkpt lat="46.1520301228" lon="6.9232454717">
				<ele>2617.4</ele>
				<extensions>
					<swisstopo:routepoint_id>531709444</swisstopo:routepoint_id>
				</extensions>
			</trkpt>
			<trkpt lat="46.1519990986" lon="6.9232260752">
				<ele>2615.8</ele>
				<extensions>
					<swisstopo:routepoint_id>769226112</swisstopo:routepoint_id>
				</extensions>
			</trkpt>
			<trkpt lat="46.1519722344" lon="6.9232074811">
				<ele>2614.3</ele>
				<extensions>
					<swisstopo:routepoint_id>1611265426</swisstopo:routepoint_id>
				</extensions>
			</trkpt>
			<trkpt lat="46.1519066687" lon="6.9231824159">
				<ele>2611.5</ele>
				<extensions>
					<swisstopo:routepoint_id>500838917</swisstopo:routepoint_id>
				</extensions>
			</trkpt>
			<trkpt lat="46.1518899124" lon="6.9231611640">
				<ele>2610.9</ele>
				<extensions>
					<swisstopo:routepoint_id>1689829956</swisstopo:routepoint_id>
				</extensions>
			</trkpt>
			<trkpt lat="46.1518725234" lon="6.9231313618">
				<ele>2610.3</ele>
				<extensions>
					<swisstopo:routepoint_id>869980276</swisstopo:routepoint_id>
				</extensions>
			</trkpt>
			<trkpt lat="46.1518469294" lon="6.9231290393">
				<ele>2608.9</ele>
				<extensions>
					<swisstopo:routepoint_id>412759098</swisstopo:routepoint_id>
				</extensions>
			</trkpt>
			<trkpt lat="46.1518147173" lon="6.9231113629">
				<ele>2607.3</ele>
				<extensions>
					<swisstopo:routepoint_id>353828463</swisstopo:routepoint_id>
				</extensions>
			</trkpt>
			<trkpt lat="46.1517811538" lon="6.9230577272">
				<ele>2606.2</ele>
				<extensions>
					<swisstopo:routepoint_id>1287719047</swisstopo:routepoint_id>
				</extensions>
			</trkpt>
			<trkpt lat="46.1517475465" lon="6.9229964032">
				<ele>2605.0</ele>
				<extensions>
					<swisstopo:routepoint_id>892827748</swisstopo:routepoint_id>
				</extensions>
			</trkpt>
			<trkpt lat="46.1517096087" lon="6.9228965866">
				<ele>2604.0</ele>
				<extensions>
					<swisstopo:routepoint_id>1549047247</swisstopo:routepoint_id>
				</extensions>
			</trkpt>
			<trkpt lat="46.1516789064" lon="6.9228172433">
				<ele>2603.0</ele>
				<extensions>
					<swisstopo:routepoint_id>701439090</swisstopo:routepoint_id>
				</extensions>
			</trkpt>
			<trkpt lat="46.1516505669" lon="6.9227353156">
				<ele>2602.1</ele>
				<extensions>
					<swisstopo:routepoint_id>959490459</swisstopo:routepoint_id>
				</extensions>
			</trkpt>
			<trkpt lat="46.1516294125" lon="6.9226627433">
				<ele>2601.8</ele>
				<extensions>
					<swisstopo:routepoint_id>848343156</swisstopo:routepoint_id>
				</extensions>
			</trkpt>
			<trkpt lat="46.1516174146" lon="6.9226414469">
				<ele>2601.7</ele>
				<extensions>
					<swisstopo:routepoint_id>488016207</swisstopo:routepoint_id>
				</extensions>
			</trkpt>
			<trkpt lat="46.1515928914" lon="6.9226134210">
				<ele>2600.8</ele>
				<extensions>
					<swisstopo:routepoint_id>1305870821</swisstopo:routepoint_id>
				</extensions>
			</trkpt>
			<trkpt lat="46.1515450516" lon="6.9225616549">
				<ele>2598.8</ele>
				<extensions>
					<swisstopo:routepoint_id>1487996248</swisstopo:routepoint_id>
				</extensions>
			</trkpt>
			<trkpt lat="46.1515294356" lon="6.9225301149">
				<ele>2598.0</ele>
				<extensions>
					<swisstopo:routepoint_id>1521866974</swisstopo:routepoint_id>
				</extensions>
			</trkpt>
			<trkpt lat="46.1515043767" lon="6.9225149472">
				<ele>2596.8</ele>
				<extensions>
					<swisstopo:routepoint_id>1669319226</swisstopo:routepoint_id>
				</extensions>
			</trkpt>
			<trkpt lat="46.1514888245" lon="6.9224953925">
				<ele>2596.1</ele>
				<extensions>
					<swisstopo:routepoint_id>1837988582</swisstopo:routepoint_id>
				</extensions>
			</trkpt>
			<trkpt lat="46.1514720477" lon="6.9224715781">
				<ele>2595.3</ele>
				<extensions>
					<swisstopo:routepoint_id>266260869</swisstopo:routepoint_id>
				</extensions>
			</trkpt>
			<trkpt lat="46.1514404571" lon="6.9224581809">
				<ele>2593.5</ele>
				<extensions>
					<swisstopo:routepoint_id>1751274893</swisstopo:routepoint_id>
				</extensions>
			</trkpt>
			<trkpt lat="46.1514124014" lon="6.9224387438">
				<ele>2592.1</ele>
				<extensions>
					<swisstopo:routepoint_id>1399348170</swisstopo:routepoint_id>
				</extensions>
			</trkpt>
			<trkpt lat="46.1513776963" lon="6.9223971193">
				<ele>2590.6</ele>
				<extensions>
					<swisstopo:routepoint_id>1982611746</swisstopo:routepoint_id>
				</extensions>
			</trkpt>
			<trkpt lat="46.1512983164" lon="6.9223430741">
				<ele>2586.3</ele>
				<extensions>
					<swisstopo:routepoint_id>177722668</swisstopo:routepoint_id>
				</extensions>
			</trkpt>
			<trkpt lat="46.1512697094" lon="6.9223330658">
				<ele>2584.6</ele>
				<extensions>
					<swisstopo:routepoint_id>1028073490</swisstopo:routepoint_id>
				</extensions>
			</trkpt>
			<trkpt lat="46.1512303977" lon="6.9223248803">
				<ele>2582.3</ele>
				<extensions>
					<swisstopo:routepoint_id>306461228</swisstopo:routepoint_id>
				</extensions>
			</trkpt>
			<trkpt lat="46.1511875000" lon="6.9223115762">
				<ele>2580.1</ele>
				<extensions>
					<swisstopo:routepoint_id>1388657032</swisstopo:routepoint_id>
				</extensions>
			</trkpt>
			<trkpt lat="46.1511630741" lon="6.9223049589">
				<ele>2578.7</ele>
				<extensions>
					<swisstopo:routepoint_id>1393576802</swisstopo:routepoint_id>
				</extensions>
			</trkpt>
			<trkpt lat="46.1511547909" lon="6.9223153142">
				<ele>2578.1</ele>
				<extensions>
					<swisstopo:routepoint_id>537369091</swisstopo:routepoint_id>
				</extensions>
			</trkpt>
			<trkpt lat="46.1511525244" lon="6.9223410157">
				<ele>2577.7</ele>
				<extensions>
					<swisstopo:routepoint_id>1802272518</swisstopo:routepoint_id>
				</extensions>
			</trkpt>
			<trkpt lat="46.1511472692" lon="6.9223624749">
				<ele>2577.1</ele>
				<extensions>
					<swisstopo:routepoint_id>1575550404</swisstopo:routepoint_id>
				</extensions>
			</trkpt>
			<trkpt lat="46.1511365989" lon="6.9223719980">
				<ele>2576.5</ele>
				<extensions>
					<swisstopo:routepoint_id>1878231551</swisstopo:routepoint_id>
				</extensions>
			</trkpt>
			<trkpt lat="46.1511234717" lon="6.9223635527">
				<ele>2575.9</ele>
				<extensions>
					<swisstopo:routepoint_id>1802352298</swisstopo:routepoint_id>
				</extensions>
			</trkpt>
			<trkpt lat="46.1511024572" lon="6.9223217990">
				<ele>2574.7</ele>
				<extensions>
					<swisstopo:routepoint_id>1241806892</swisstopo:routepoint_id>
				</extensions>
			</trkpt>
			<trkpt lat="46.1510629853" lon="6.9222785109">
				<ele>2572.7</ele>
				<extensions>
					<swisstopo:routepoint_id>855515251</swisstopo:routepoint_id>
				</extensions>
			</trkpt>
			<trkpt lat="46.1510247181" lon="6.9222369072">
				<ele>2570.5</ele>
				<extensions>
					<swisstopo:routepoint_id>874402696</swisstopo:routepoint_id>
				</extensions>
			</trkpt>
			<trkpt lat="46.1509947606" lon="6.9221909541">
				<ele>2568.7</ele>
				<extensions>
					<swisstopo:routepoint_id>1134294445</swisstopo:routepoint_id>
				</extensions>
			</trkpt>
			<trkpt lat="46.1509621756" lon="6.9221150988">
				<ele>2567.1</ele>
				<extensions>
					<swisstopo:routepoint_id>1773175752</swisstopo:routepoint_id>
				</extensions>
			</trkpt>
			<trkpt lat="46.1509390258" lon="6.9220766409">
				<ele>2565.9</ele>
				<extensions>
					<swisstopo:routepoint_id>1528017054</swisstopo:routepoint_id>
				</extensions>
			</trkpt>
			<trkpt lat="46.1508910182" lon="6.9219880519">
				<ele>2564.4</ele>
				<extensions>
					<swisstopo:routepoint_id>913669072</swisstopo:routepoint_id>
				</extensions>
			</trkpt>
			<trkpt lat="46.1508496292" lon="6.9219010062">
				<ele>2563.7</ele>
				<extensions>
					<swisstopo:routepoint_id>1854937453</swisstopo:routepoint_id>
				</extensions>
			</trkpt>
			<trkpt lat="46.1507804107" lon="6.9218442784">
				<ele>2563.1</ele>
				<extensions>
					<swisstopo:routepoint_id>1420692457</swisstopo:routepoint_id>
				</extensions>
			</trkpt>
			<trkpt lat="46.1507335935" lon="6.9218077391">
				<ele>2563.0</ele>
				<extensions>
					<swisstopo:routepoint_id>1409422581</swisstopo:routepoint_id>
				</extensions>
			</trkpt>
			<trkpt lat="46.1506609081" lon="6.9217344497">
				<ele>2560.9</ele>
				<extensions>
					<swisstopo:routepoint_id>487538498</swisstopo:routepoint_id>
				</extensions>
			</trkpt>
			<trkpt lat="46.1506216037" lon="6.9216745411">
				<ele>2560.1</ele>
				<extensions>
					<swisstopo:routepoint_id>68132107</swisstopo:routepoint_id>
				</extensions>
			</trkpt>
			<trkpt lat="46.1505755717" lon="6.9216010018">
				<ele>2558.6</ele>
				<extensions>
					<swisstopo:routepoint_id>1625917626</swisstopo:routepoint_id>
				</extensions>
			</trkpt>
			<trkpt lat="46.1505382144" lon="6.9215520382">
				<ele>2557.0</ele>
				<extensions>
					<swisstopo:routepoint_id>770568948</swisstopo:routepoint_id>
				</extensions>
			</trkpt>
			<trkpt lat="46.1504942014" lon="6.9215031365">
				<ele>2554.8</ele>
				<extensions>
					<swisstopo:routepoint_id>1432638616</swisstopo:routepoint_id>
				</extensions>
			</trkpt>
			<trkpt lat="46.1504740427" lon="6.9214677187">
				<ele>2554.0</ele>
				<extensions>
					<swisstopo:routepoint_id>117764329</swisstopo:routepoint_id>
				</extensions>
			</trkpt>
			<trkpt lat="46.1504538122" lon="6.9214144780">
				<ele>2553.3</ele>
				<extensions>
					<swisstopo:routepoint_id>511994094</swisstopo:routepoint_id>
				</extensions>
			</trkpt>
			<trkpt lat="46.1504334419" lon="6.9213324777">
				<ele>2553.0</ele>
				<extensions>
					<swisstopo:routepoint_id>2025490734</swisstopo:routepoint_id>
				</extensions>
			</trkpt>
			<trkpt lat="46.1504161311" lon="6.9212942885">
				<ele>2552.4</ele>
				<extensions>
					<swisstopo:routepoint_id>120738386</swisstopo:routepoint_id>
				</extensions>
			</trkpt>
			<trkpt lat="46.1503912669" lon="6.9212684928">
				<ele>2551.7</ele>
				<extensions>
					<swisstopo:routepoint_id>1367691182</swisstopo:routepoint_id>
				</extensions>
			</trkpt>
			<trkpt lat="46.1503714820" lon="6.9212460797">
				<ele>2551.2</ele>
				<extensions>
					<swisstopo:routepoint_id>1349238265</swisstopo:routepoint_id>
				</extensions>
			</trkpt>
			<trkpt lat="46.1503479794" lon="6.9212052053">
				<ele>2550.3</ele>
				<extensions>
					<swisstopo:routepoint_id>1951176565</swisstopo:routepoint_id>
				</extensions>
			</trkpt>
			<trkpt lat="46.1503312865" lon="6.9211998745">
				<ele>2549.7</ele>
				<extensions>
					<swisstopo:routepoint_id>919316269</swisstopo:routepoint_id>
				</extensions>
			</trkpt>
			<trkpt lat="46.1503094326" lon="6.9212089856">
				<ele>2548.7</ele>
				<extensions>
					<swisstopo:routepoint_id>775893379</swisstopo:routepoint_id>
				</extensions>
			</trkpt>
			<trkpt lat="46.1502936861" lon="6.9212002291">
				<ele>2548.2</ele>
				<extensions>
					<swisstopo:routepoint_id>1784142920</swisstopo:routepoint_id>
				</extensions>
			</trkpt>
			<trkpt lat="46.1502587474" lon="6.9211587763">
				<ele>2546.8</ele>
				<extensions>
					<swisstopo:routepoint_id>1803241112</swisstopo:routepoint_id>
				</extensions>
			</trkpt>
			<trkpt lat="46.1502190004" lon="6.9211064186">
				<ele>2545.3</ele>
				<extensions>
					<swisstopo:routepoint_id>1639437046</swisstopo:routepoint_id>
				</extensions>
			</trkpt>
			<trkpt lat="46.1501906583" lon="6.9210498374">
				<ele>2544.3</ele>
				<extensions>
					<swisstopo:routepoint_id>900515065</swisstopo:routepoint_id>
				</extensions>
			</trkpt>
			<trkpt lat="46.1501676446" lon="6.9210137477">
				<ele>2543.3</ele>
				<extensions>
					<swisstopo:routepoint_id>590110073</swisstopo:routepoint_id>
				</extensions>
			</trkpt>
			<trkpt lat="46.1501274704" lon="6.9209723447">
				<ele>2541.7</ele>
				<extensions>
					<swisstopo:routepoint_id>1347914268</swisstopo:routepoint_id>
				</extensions>
			</trkpt>
			<trkpt lat="46.1500772779" lon="6.9209255610">
				<ele>2540.0</ele>
				<extensions>
					<swisstopo:routepoint_id>2081249572</swisstopo:routepoint_id>
				</extensions>
			</trkpt>
			<trkpt lat="46.1500538251" lon="6.9208976944">
				<ele>2539.2</ele>
				<extensions>
					<swisstopo:routepoint_id>1111494854</swisstopo:routepoint_id>
				</extensions>
			</trkpt>
			<trkpt lat="46.1499937392" lon="6.9208749760">
				<ele>2537.5</ele>
				<extensions>
					<swisstopo:routepoint_id>697579861</swisstopo:routepoint_id>
				</extensions>
			</trkpt>
			<trkpt lat="46.1499526831" lon="6.9208493337">
				<ele>2536.5</ele>
				<extensions>
					<swisstopo:routepoint_id>422331828</swisstopo:routepoint_id>
				</extensions>
			</trkpt>
			<trkpt lat="46.1499360334" lon="6.9208515486">
				<ele>2536.2</ele>
				<extensions>
					<swisstopo:routepoint_id>493485106</swisstopo:routepoint_id>
				</extensions>
			</trkpt>
			<trkpt lat="46.1499223096" lon="6.9208681168">
				<ele>2535.7</ele>
				<extensions>
					<swisstopo:routepoint_id>1384323872</swisstopo:routepoint_id>
				</extensions>
			</trkpt>
			<trkpt lat="46.1499005057" lon="6.9208881907">
				<ele>2535.0</ele>
				<extensions>
					<swisstopo:routepoint_id>652875485</swisstopo:routepoint_id>
				</extensions>
			</trkpt>
			<trkpt lat="46.1498686465" lon="6.9208967106">
				<ele>2533.8</ele>
				<extensions>
					<swisstopo:routepoint_id>301072431</swisstopo:routepoint_id>
				</extensions>
			</trkpt>
			<trkpt lat="46.1498444117" lon="6.9209065173">
				<ele>2532.7</ele>
				<extensions>
					<swisstopo:routepoint_id>1129404952</swisstopo:routepoint_id>
				</extensions>
			</trkpt>
			<trkpt lat="46.1498267990" lon="6.9209066834">
				<ele>2531.9</ele>
				<extensions>
					<swisstopo:routepoint_id>1757970454</swisstopo:routepoint_id>
				</extensions>
			</trkpt>
			<trkpt lat="46.1498139197" lon="6.9208992722">
				<ele>2531.3</ele>
				<extensions>
					<swisstopo:routepoint_id>1006062755</swisstopo:routepoint_id>
				</extensions>
			</trkpt>
			<trkpt lat="46.1498010873" lon="6.9209041950">
				<ele>2530.7</ele>
				<extensions>
					<swisstopo:routepoint_id>621931872</swisstopo:routepoint_id>
				</extensions>
			</trkpt>
			<trkpt lat="46.1497930855" lon="6.9209248119">
				<ele>2529.9</ele>
				<extensions>
					<swisstopo:routepoint_id>1387014751</swisstopo:routepoint_id>
				</extensions>
			</trkpt>
			<trkpt lat="46.1497837649" lon="6.9209680539">
				<ele>2528.6</ele>
				<extensions>
					<swisstopo:routepoint_id>708073654</swisstopo:routepoint_id>
				</extensions>
			</trkpt>
			<trkpt lat="46.1497771653" lon="6.9209824963">
				<ele>2528.0</ele>
				<extensions>
					<swisstopo:routepoint_id>1478377692</swisstopo:routepoint_id>
				</extensions>
			</trkpt>
			<trkpt lat="46.1497600447" lon="6.9209860881">
				<ele>2527.3</ele>
				<extensions>
					<swisstopo:routepoint_id>1437280564</swisstopo:routepoint_id>
				</extensions>
			</trkpt>
			<trkpt lat="46.1497323295" lon="6.9209623779">
				<ele>2526.2</ele>
				<extensions>
					<swisstopo:routepoint_id>311468729</swisstopo:routepoint_id>
				</extensions>
			</trkpt>
			<trkpt lat="46.1496798155" lon="6.9209293109">
				<ele>2524.6</ele>
				<extensions>
					<swisstopo:routepoint_id>2101248292</swisstopo:routepoint_id>
				</extensions>
			</trkpt>
			<trkpt lat="46.1496377839" lon="6.9208988887">
				<ele>2523.2</ele>
				<extensions>
					<swisstopo:routepoint_id>346773629</swisstopo:routepoint_id>
				</extensions>
			</trkpt>
			<trkpt lat="46.1496201805" lon="6.9208990548">
				<ele>2522.6</ele>
				<extensions>
					<swisstopo:routepoint_id>183502903</swisstopo:routepoint_id>
				</extensions>
			</trkpt>
			<trkpt lat="46.1496026146" lon="6.9209094847">
				<ele>2522.0</ele>
				<extensions>
					<swisstopo:routepoint_id>1022835134</swisstopo:routepoint_id>
				</extensions>
			</trkpt>
			<trkpt lat="46.1495907982" lon="6.9209280926">
				<ele>2521.4</ele>
				<extensions>
					<swisstopo:routepoint_id>430400890</swisstopo:routepoint_id>
				</extensions>
			</trkpt>
			<trkpt lat="46.1495734196" lon="6.9209796294">
				<ele>2520.1</ele>
				<extensions>
					<swisstopo:routepoint_id>1915473181</swisstopo:routepoint_id>
				</extensions>
			</trkpt>
			<trkpt lat="46.1495596746" lon="6.9209934530">
				<ele>2519.6</ele>
				<extensions>
					<swisstopo:routepoint_id>1688891940</swisstopo:routepoint_id>
				</extensions>
			</trkpt>
			<trkpt lat="46.1495396400" lon="6.9209833652">
				<ele>2519.0</ele>
				<extensions>
					<swisstopo:routepoint_id>591179166</swisstopo:routepoint_id>
				</extensions>
			</trkpt>
			<trkpt lat="46.1494961882" lon="6.9209550145">
				<ele>2517.5</ele>
				<extensions>
					<swisstopo:routepoint_id>1762410491</swisstopo:routepoint_id>
				</extensions>
			</trkpt>
			<trkpt lat="46.1494379716" lon="6.9209240595">
				<ele>2515.6</ele>
				<extensions>
					<swisstopo:routepoint_id>1632151546</swisstopo:routepoint_id>
				</extensions>
			</trkpt>
			<trkpt lat="46.1493997510" lon="6.9208929154">
				<ele>2514.3</ele>
				<extensions>
					<swisstopo:routepoint_id>395810615</swisstopo:routepoint_id>
				</extensions>
			</trkpt>
			<trkpt lat="46.1493519734" lon="6.9208550019">
				<ele>2512.9</ele>
				<extensions>
					<swisstopo:routepoint_id>2064710184</swisstopo:routepoint_id>
				</extensions>
			</trkpt>
			<trkpt lat="46.1493029150" lon="6.9208479317">
				<ele>2511.7</ele>
				<extensions>
					<swisstopo:routepoint_id>787461114</swisstopo:routepoint_id>
				</extensions>
			</trkpt>
			<trkpt lat="46.1492729064" lon="6.9208441119">
				<ele>2511.1</ele>
				<extensions>
					<swisstopo:routepoint_id>82460547</swisstopo:routepoint_id>
				</extensions>
			</trkpt>
			<trkpt lat="46.1492462161" lon="6.9208361447">
				<ele>2510.9</ele>
				<extensions>
					<swisstopo:routepoint_id>2107112232</swisstopo:routepoint_id>
				</extensions>
			</trkpt>
			<trkpt lat="46.1492184757" lon="6.9208069471">
				<ele>2510.6</ele>
				<extensions>
					<swisstopo:routepoint_id>1812076677</swisstopo:routepoint_id>
				</extensions>
			</trkpt>
			<trkpt lat="46.1491974105" lon="6.9207818025">
				<ele>2510.2</ele>
				<extensions>
					<swisstopo:routepoint_id>1431422853</swisstopo:routepoint_id>
				</extensions>
			</trkpt>
			<trkpt lat="46.1491752755" lon="6.9207292799">
				<ele>2509.8</ele>
				<extensions>
					<swisstopo:routepoint_id>1237951627</swisstopo:routepoint_id>
				</extensions>
			</trkpt>
			<trkpt lat="46.1491609092" lon="6.9207095478">
				<ele>2509.4</ele>
				<extensions>
					<swisstopo:routepoint_id>1187469714</swisstopo:routepoint_id>
				</extensions>
			</trkpt>
			<trkpt lat="46.1491229671" lon="6.9206565400">
				<ele>2508.6</ele>
				<extensions>
					<swisstopo:routepoint_id>85423130</swisstopo:routepoint_id>
				</extensions>
			</trkpt>
			<trkpt lat="46.1490792063" lon="6.9206117421">
				<ele>2508.2</ele>
				<extensions>
					<swisstopo:routepoint_id>353936760</swisstopo:routepoint_id>
				</extensions>
			</trkpt>
			<trkpt lat="46.1490318079" lon="6.9205505528">
				<ele>2507.6</ele>
				<extensions>
					<swisstopo:routepoint_id>767171164</swisstopo:routepoint_id>
				</extensions>
			</trkpt>
			<trkpt lat="46.1490074222" lon="6.9205271487">
				<ele>2507.3</ele>
				<extensions>
					<swisstopo:routepoint_id>1997651366</swisstopo:routepoint_id>
				</extensions>
			</trkpt>
			<trkpt lat="46.1489565097" lon="6.9204803731">
				<ele>2507.6</ele>
				<extensions>
					<swisstopo:routepoint_id>608702461</swisstopo:routepoint_id>
				</extensions>
			</trkpt>
			<trkpt lat="46.1489306932" lon="6.9204549241">
				<ele>2507.4</ele>
				<extensions>
					<swisstopo:routepoint_id>1467383287</swisstopo:routepoint_id>
				</extensions>
			</trkpt>
			<trkpt lat="46.1489048253" lon="6.9204202474">
				<ele>2507.3</ele>
				<extensions>
					<swisstopo:routepoint_id>1436641044</swisstopo:routepoint_id>
				</extensions>
			</trkpt>
			<trkpt lat="46.1488647291" lon="6.9203959689">
				<ele>2506.7</ele>
				<extensions>
					<swisstopo:routepoint_id>746153011</swisstopo:routepoint_id>
				</extensions>
			</trkpt>
			<trkpt lat="46.1488182805" lon="6.9203871532">
				<ele>2505.6</ele>
				<extensions>
					<swisstopo:routepoint_id>552535577</swisstopo:routepoint_id>
				</extensions>
			</trkpt>
			<trkpt lat="46.1487824708" lon="6.9203638700">
				<ele>2505.0</ele>
				<extensions>
					<swisstopo:routepoint_id>1695966144</swisstopo:routepoint_id>
				</extensions>
			</trkpt>
			<trkpt lat="46.1487352650" lon="6.9203468423">
				<ele>2504.0</ele>
				<extensions>
					<swisstopo:routepoint_id>1799019351</swisstopo:routepoint_id>
				</extensions>
			</trkpt>
			<trkpt lat="46.1486801269" lon="6.9203124290">
				<ele>2501.9</ele>
				<extensions>
					<swisstopo:routepoint_id>1157987495</swisstopo:routepoint_id>
				</extensions>
			</trkpt>
			<trkpt lat="46.1486456634" lon="6.9202865059">
				<ele>2500.3</ele>
				<extensions>
					<swisstopo:routepoint_id>670878035</swisstopo:routepoint_id>
				</extensions>
			</trkpt>
			<trkpt lat="46.1485994347" lon="6.9202746075">
				<ele>2498.3</ele>
				<extensions>
					<swisstopo:routepoint_id>2111491530</swisstopo:routepoint_id>
				</extensions>
			</trkpt>
			<trkpt lat="46.1485656088" lon="6.9202680799">
				<ele>2497.1</ele>
				<extensions>
					<swisstopo:routepoint_id>1458784126</swisstopo:routepoint_id>
				</extensions>
			</trkpt>
			<trkpt lat="46.1485422184" lon="6.9202539208">
				<ele>2496.3</ele>
				<extensions>
					<swisstopo:routepoint_id>1609773176</swisstopo:routepoint_id>
				</extensions>
			</trkpt>
			<trkpt lat="46.1485236020" lon="6.9202431339">
				<ele>2495.6</ele>
				<extensions>
					<swisstopo:routepoint_id>724058554</swisstopo:routepoint_id>
				</extensions>
			</trkpt>
			<trkpt lat="46.1485087560" lon="6.9202227333">
				<ele>2495.0</ele>
				<extensions>
					<swisstopo:routepoint_id>1236759581</swisstopo:routepoint_id>
				</extensions>
			</trkpt>
			<trkpt lat="46.1485043466" lon="6.9201967457">
				<ele>2494.7</ele>
				<extensions>
					<swisstopo:routepoint_id>1254806103</swisstopo:routepoint_id>
				</extensions>
			</trkpt>
			<trkpt lat="46.1484932902" lon="6.9201728796">
				<ele>2494.0</ele>
				<extensions>
					<swisstopo:routepoint_id>222144427</swisstopo:routepoint_id>
				</extensions>
			</trkpt>
			<trkpt lat="46.1484845983" lon="6.9201448746">
				<ele>2493.7</ele>
				<extensions>
					<swisstopo:routepoint_id>1929132519</swisstopo:routepoint_id>
				</extensions>
			</trkpt>
			<trkpt lat="46.1484725570" lon="6.9201141706">
				<ele>2493.1</ele>
				<extensions>
					<swisstopo:routepoint_id>411672158</swisstopo:routepoint_id>
				</extensions>
			</trkpt>
			<trkpt lat="46.1484561624" lon="6.9200677559">
				<ele>2491.6</ele>
				<extensions>
					<swisstopo:routepoint_id>539099493</swisstopo:routepoint_id>
				</extensions>
			</trkpt>
			<trkpt lat="46.1484359125" lon="6.9200124595">
				<ele>2489.9</ele>
				<extensions>
					<swisstopo:routepoint_id>1147307358</swisstopo:routepoint_id>
				</extensions>
			</trkpt>
			<trkpt lat="46.1484180278" lon="6.9199530508">
				<ele>2488.6</ele>
				<extensions>
					<swisstopo:routepoint_id>431941574</swisstopo:routepoint_id>
				</extensions>
			</trkpt>
			<trkpt lat="46.1484098411" lon="6.9199312023">
				<ele>2487.9</ele>
				<extensions>
					<swisstopo:routepoint_id>661762941</swisstopo:routepoint_id>
				</extensions>
			</trkpt>
			<trkpt lat="46.1484034805" lon="6.9198935977">
				<ele>2486.8</ele>
				<extensions>
					<swisstopo:routepoint_id>1351496180</swisstopo:routepoint_id>
				</extensions>
			</trkpt>
			<trkpt lat="46.1483981918" lon="6.9198819988">
				<ele>2486.5</ele>
				<extensions>
					<swisstopo:routepoint_id>1580634510</swisstopo:routepoint_id>
				</extensions>
			</trkpt>
			<trkpt lat="46.1483894442" lon="6.9198437306">
				<ele>2485.5</ele>
				<extensions>
					<swisstopo:routepoint_id>1796073706</swisstopo:routepoint_id>
				</extensions>
			</trkpt>
			<trkpt lat="46.1483821956" lon="6.9198205145">
				<ele>2485.0</ele>
				<extensions>
					<swisstopo:routepoint_id>485772679</swisstopo:routepoint_id>
				</extensions>
			</trkpt>
			<trkpt lat="46.1483591852" lon="6.9197851121">
				<ele>2483.8</ele>
				<extensions>
					<swisstopo:routepoint_id>1007137019</swisstopo:routepoint_id>
				</extensions>
			</trkpt>
			<trkpt lat="46.1483447719" lon="6.9197551166">
				<ele>2482.8</ele>
				<extensions>
					<swisstopo:routepoint_id>164631765</swisstopo:routepoint_id>
				</extensions>
			</trkpt>
			<trkpt lat="46.1483394217" lon="6.9197298247">
				<ele>2482.2</ele>
				<extensions>
					<swisstopo:routepoint_id>1299079602</swisstopo:routepoint_id>
				</extensions>
			</trkpt>
			<trkpt lat="46.1483459524" lon="6.9197003167">
				<ele>2481.6</ele>
				<extensions>
					<swisstopo:routepoint_id>2129417151</swisstopo:routepoint_id>
				</extensions>
			</trkpt>
			<trkpt lat="46.1483520225" lon="6.9196762756">
				<ele>2481.5</ele>
				<extensions>
					<swisstopo:routepoint_id>1095653847</swisstopo:routepoint_id>
				</extensions>
			</trkpt>
			<trkpt lat="46.1483452598" lon="6.9196530549">
				<ele>2481.3</ele>
				<extensions>
					<swisstopo:routepoint_id>853206638</swisstopo:routepoint_id>
				</extensions>
			</trkpt>
			<trkpt lat="46.1483355798" lon="6.9196195845">
				<ele>2480.7</ele>
				<extensions>
					<swisstopo:routepoint_id>12955855</swisstopo:routepoint_id>
				</extensions>
			</trkpt>
			<trkpt lat="46.1483345422" lon="6.9196011117">
				<ele>2480.6</ele>
				<extensions>
					<swisstopo:routepoint_id>1755348563</swisstopo:routepoint_id>
				</extensions>
			</trkpt>
			<trkpt lat="46.1483362993" lon="6.9195682192">
				<ele>2479.8</ele>
				<extensions>
					<swisstopo:routepoint_id>266255952</swisstopo:routepoint_id>
				</extensions>
			</trkpt>
			<trkpt lat="46.1483470548" lon="6.9195263369">
				<ele>2479.1</ele>
				<extensions>
					<swisstopo:routepoint_id>1543260174</swisstopo:routepoint_id>
				</extensions>
			</trkpt>
			<trkpt lat="46.1483593079" lon="6.9194988200">
				<ele>2478.9</ele>
				<extensions>
					<swisstopo:routepoint_id>33057300</swisstopo:routepoint_id>
				</extensions>
			</trkpt>
			<trkpt lat="46.1483749219" lon="6.9194788045">
				<ele>2478.7</ele>
				<extensions>
					<swisstopo:routepoint_id>1651597946</swisstopo:routepoint_id>
				</extensions>
			</trkpt>
			<trkpt lat="46.1483877199" lon="6.9194663614">
				<ele>2478.5</ele>
				<extensions>
					<swisstopo:routepoint_id>1482394799</swisstopo:routepoint_id>
				</extensions>
			</trkpt>
			<trkpt lat="46.1483991127" lon="6.9194594069">
				<ele>2478.3</ele>
				<extensions>
					<swisstopo:routepoint_id>121217165</swisstopo:routepoint_id>
				</extensions>
			</trkpt>
			<trkpt lat="46.1484066313" lon="6.9194374098">
				<ele>2477.7</ele>
				<extensions>
					<swisstopo:routepoint_id>1286299702</swisstopo:routepoint_id>
				</extensions>
			</trkpt>
			<trkpt lat="46.1483921996" lon="6.9194053566">
				<ele>2476.8</ele>
				<extensions>
					<swisstopo:routepoint_id>1711725902</swisstopo:routepoint_id>
				</extensions>
			</trkpt>
			<trkpt lat="46.1483877712" lon="6.9193732087">
				<ele>2476.5</ele>
				<extensions>
					<swisstopo:routepoint_id>2126375147</swisstopo:routepoint_id>
				</extensions>
			</trkpt>
			<trkpt lat="46.1483890511" lon="6.9193403207">
				<ele>2475.3</ele>
				<extensions>
					<swisstopo:routepoint_id>1732475139</swisstopo:routepoint_id>
				</extensions>
			</trkpt>
			<trkpt lat="46.1483932072" lon="6.9193128935">
				<ele>2474.7</ele>
				<extensions>
					<swisstopo:routepoint_id>88266567</swisstopo:routepoint_id>
				</extensions>
			</trkpt>
			<trkpt lat="46.1483992711" lon="6.9192854354">
				<ele>2474.1</ele>
				<extensions>
					<swisstopo:routepoint_id>137233635</swisstopo:routepoint_id>
				</extensions>
			</trkpt>
			<trkpt lat="46.1484101648" lon="6.9192736834">
				<ele>2473.6</ele>
				<extensions>
					<swisstopo:routepoint_id>1380980573</swisstopo:routepoint_id>
				</extensions>
			</trkpt>
			<trkpt lat="46.1484119495" lon="6.9192469643">
				<ele>2473.1</ele>
				<extensions>
					<swisstopo:routepoint_id>1120780630</swisstopo:routepoint_id>
				</extensions>
			</trkpt>
			<trkpt lat="46.1484199269" lon="6.9192229050">
				<ele>2472.4</ele>
				<extensions>
					<swisstopo:routepoint_id>1817895557</swisstopo:routepoint_id>
				</extensions>
			</trkpt>
			<trkpt lat="46.1484268964" lon="6.9191851742">
				<ele>2471.4</ele>
				<extensions>
					<swisstopo:routepoint_id>1048103693</swisstopo:routepoint_id>
				</extensions>
			</trkpt>
			<trkpt lat="46.1484210533" lon="6.9191564700">
				<ele>2470.5</ele>
				<extensions>
					<swisstopo:routepoint_id>1964191511</swisstopo:routepoint_id>
				</extensions>
			</trkpt>
			<trkpt lat="46.1484123242" lon="6.9191223049">
				<ele>2469.5</ele>
				<extensions>
					<swisstopo:routepoint_id>937205287</swisstopo:routepoint_id>
				</extensions>
			</trkpt>
			<trkpt lat="46.1484078733" lon="6.9190853552">
				<ele>2468.3</ele>
				<extensions>
					<swisstopo:routepoint_id>1934158218</swisstopo:routepoint_id>
				</extensions>
			</trkpt>
			<trkpt lat="46.1484091938" lon="6.9190613715">
				<ele>2467.6</ele>
				<extensions>
					<swisstopo:routepoint_id>697884355</swisstopo:routepoint_id>
				</extensions>
			</trkpt>
			<trkpt lat="46.1484170547" lon="6.9190099254">
				<ele>2466.4</ele>
				<extensions>
					<swisstopo:routepoint_id>476763216</swisstopo:routepoint_id>
				</extensions>
			</trkpt>
			<trkpt lat="46.1484434063" lon="6.9189439244">
				<ele>2465.0</ele>
				<extensions>
					<swisstopo:routepoint_id>661126742</swisstopo:routepoint_id>
				</extensions>
			</trkpt>
			<trkpt lat="46.1484646832" lon="6.9189129050">
				<ele>2464.3</ele>
				<extensions>
					<swisstopo:routepoint_id>1609597943</swisstopo:routepoint_id>
				</extensions>
			</trkpt>
			<trkpt lat="46.1484826847" lon="6.9188935526">
				<ele>2463.7</ele>
				<extensions>
					<swisstopo:routepoint_id>2116913856</swisstopo:routepoint_id>
				</extensions>
			</trkpt>
			<trkpt lat="46.1484936130" lon="6.9188893463">
				<ele>2463.5</ele>
				<extensions>
					<swisstopo:routepoint_id>177091793</swisstopo:routepoint_id>
				</extensions>
			</trkpt>
			<trkpt lat="46.1484925496" lon="6.9188653853">
				<ele>2462.7</ele>
				<extensions>
					<swisstopo:routepoint_id>1040595223</swisstopo:routepoint_id>
				</extensions>
			</trkpt>
			<trkpt lat="46.1484748998" lon="6.9188573333">
				<ele>2462.2</ele>
				<extensions>
					<swisstopo:routepoint_id>1486191640</swisstopo:routepoint_id>
				</extensions>
			</trkpt>
			<trkpt lat="46.1484477635" lon="6.9188562186">
				<ele>2461.6</ele>
				<extensions>
					<swisstopo:routepoint_id>1996927508</swisstopo:routepoint_id>
				</extensions>
			</trkpt>
			<trkpt lat="46.1484215815" lon="6.9188550948">
				<ele>2460.9</ele>
				<extensions>
					<swisstopo:routepoint_id>1866501491</swisstopo:routepoint_id>
				</extensions>
			</trkpt>
			<trkpt lat="46.1484029461" lon="6.9188402052">
				<ele>2460.2</ele>
				<extensions>
					<swisstopo:routepoint_id>1037501412</swisstopo:routepoint_id>
				</extensions>
			</trkpt>
			<trkpt lat="46.1483795499" lon="6.9188246749">
				<ele>2459.3</ele>
				<extensions>
					<swisstopo:routepoint_id>997842405</swisstopo:routepoint_id>
				</extensions>
			</trkpt>
			<trkpt lat="46.1483595283" lon="6.9188193895">
				<ele>2458.7</ele>
				<extensions>
					<swisstopo:routepoint_id>515240787</swisstopo:routepoint_id>
				</extensions>
			</trkpt>
			<trkpt lat="46.1483361752" lon="6.9188113920">
				<ele>2457.9</ele>
				<extensions>
					<swisstopo:routepoint_id>915269864</swisstopo:routepoint_id>
				</extensions>
			</trkpt>
			<trkpt lat="46.1483246946" lon="6.9187991659">
				<ele>2457.2</ele>
				<extensions>
					<swisstopo:routepoint_id>247167766</swisstopo:routepoint_id>
				</extensions>
			</trkpt>
			<trkpt lat="46.1483208091" lon="6.9187834507">
				<ele>2456.7</ele>
				<extensions>
					<swisstopo:routepoint_id>1577885567</swisstopo:routepoint_id>
				</extensions>
			</trkpt>
			<trkpt lat="46.1483211351" lon="6.9187505717">
				<ele>2455.8</ele>
				<extensions>
					<swisstopo:routepoint_id>1758636004</swisstopo:routepoint_id>
				</extensions>
			</trkpt>
			<trkpt lat="46.1483171109" lon="6.9187026684">
				<ele>2454.3</ele>
				<extensions>
					<swisstopo:routepoint_id>2037703359</swisstopo:routepoint_id>
				</extensions>
			</trkpt>
			<trkpt lat="46.1483230989" lon="6.9186587728">
				<ele>2453.0</ele>
				<extensions>
					<swisstopo:routepoint_id>214907938</swisstopo:routepoint_id>
				</extensions>
			</trkpt>
			<trkpt lat="46.1483253380" lon="6.9186293058">
				<ele>2452.1</ele>
				<extensions>
					<swisstopo:routepoint_id>874747900</swisstopo:routepoint_id>
				</extensions>
			</trkpt>
			<trkpt lat="46.1483200190" lon="6.9186108605">
				<ele>2451.4</ele>
				<extensions>
					<swisstopo:routepoint_id>2118275638</swisstopo:routepoint_id>
				</extensions>
			</trkpt>
			<trkpt lat="46.1483212887" lon="6.9185759148">
				<ele>2450.4</ele>
				<extensions>
					<swisstopo:routepoint_id>247494890</swisstopo:routepoint_id>
				</extensions>
			</trkpt>
			<trkpt lat="46.1483277343" lon="6.9185279119">
				<ele>2448.9</ele>
				<extensions>
					<swisstopo:routepoint_id>1590407357</swisstopo:routepoint_id>
				</extensions>
			</trkpt>
			<trkpt lat="46.1483366397" lon="6.9184983817">
				<ele>2448.1</ele>
				<extensions>
					<swisstopo:routepoint_id>1571576830</swisstopo:routepoint_id>
				</extensions>
			</trkpt>
			<trkpt lat="46.1483494726" lon="6.9184934581">
				<ele>2447.9</ele>
				<extensions>
					<swisstopo:routepoint_id>856301511</swisstopo:routepoint_id>
				</extensions>
			</trkpt>
			<trkpt lat="46.1483570506" lon="6.9184844814">
				<ele>2447.5</ele>
				<extensions>
					<swisstopo:routepoint_id>805660778</swisstopo:routepoint_id>
				</extensions>
			</trkpt>
			<trkpt lat="46.1483702718" lon="6.9184624429">
				<ele>2446.9</ele>
				<extensions>
					<swisstopo:routepoint_id>522512423</swisstopo:routepoint_id>
				</extensions>
			</trkpt>
			<trkpt lat="46.1483869125" lon="6.9184581695">
				<ele>2446.5</ele>
				<extensions>
					<swisstopo:routepoint_id>1717430250</swisstopo:routepoint_id>
				</extensions>
			</trkpt>
			<trkpt lat="46.1484121566" lon="6.9184606742">
				<ele>2446.6</ele>
				<extensions>
					<swisstopo:routepoint_id>15690512</swisstopo:routepoint_id>
				</extensions>
			</trkpt>
			<trkpt lat="46.1484254530" lon="6.9184530152">
				<ele>2446.1</ele>
				<extensions>
					<swisstopo:routepoint_id>756034773</swisstopo:routepoint_id>
				</extensions>
			</trkpt>
			<trkpt lat="46.1484401676" lon="6.9184446566">
				<ele>2445.6</ele>
				<extensions>
					<swisstopo:routepoint_id>20999783</swisstopo:routepoint_id>
				</extensions>
			</trkpt>
			<trkpt lat="46.1484506005" lon="6.9184363389">
				<ele>2445.3</ele>
				<extensions>
					<swisstopo:routepoint_id>269219316</swisstopo:routepoint_id>
				</extensions>
			</trkpt>
			<trkpt lat="46.1484618703" lon="6.9184026701">
				<ele>2444.6</ele>
				<extensions>
					<swisstopo:routepoint_id>1821678085</swisstopo:routepoint_id>
				</extensions>
			</trkpt>
			<trkpt lat="46.1484731218" lon="6.9183648985">
				<ele>2443.9</ele>
				<extensions>
					<swisstopo:routepoint_id>387005543</swisstopo:routepoint_id>
				</extensions>
			</trkpt>
			<trkpt lat="46.1484868195" lon="6.9183407979">
				<ele>2443.6</ele>
				<extensions>
					<swisstopo:routepoint_id>516865494</swisstopo:routepoint_id>
				</extensions>
			</trkpt>
			<trkpt lat="46.1484957405" lon="6.9183146846">
				<ele>2442.9</ele>
				<extensions>
					<swisstopo:routepoint_id>2096788452</swisstopo:routepoint_id>
				</extensions>
			</trkpt>
			<trkpt lat="46.1484998271" lon="6.9182701210">
				<ele>2441.9</ele>
				<extensions>
					<swisstopo:routepoint_id>2125759192</swisstopo:routepoint_id>
				</extensions>
			</trkpt>
			<trkpt lat="46.1484925003" lon="6.9182297816">
				<ele>2440.8</ele>
				<extensions>
					<swisstopo:routepoint_id>1895769212</swisstopo:routepoint_id>
				</extensions>
			</trkpt>
			<trkpt lat="46.1484952007" lon="6.9181968800">
				<ele>2440.1</ele>
				<extensions>
					<swisstopo:routepoint_id>1341603295</swisstopo:routepoint_id>
				</extensions>
			</trkpt>
			<trkpt lat="46.1484969763" lon="6.9181681034">
				<ele>2439.4</ele>
				<extensions>
					<swisstopo:routepoint_id>1824169581</swisstopo:routepoint_id>
				</extensions>
			</trkpt>
			<trkpt lat="46.1485016342" lon="6.9181461334">
				<ele>2438.9</ele>
				<extensions>
					<swisstopo:routepoint_id>1101641024</swisstopo:routepoint_id>
				</extensions>
			</trkpt>
			<trkpt lat="46.1485129358" lon="6.9181193114">
				<ele>2438.3</ele>
				<extensions>
					<swisstopo:routepoint_id>37503085</swisstopo:routepoint_id>
				</extensions>
			</trkpt>
			<trkpt lat="46.1485393905" lon="6.9180759205">
				<ele>2437.1</ele>
				<extensions>
					<swisstopo:routepoint_id>1886700841</swisstopo:routepoint_id>
				</extensions>
			</trkpt>
			<trkpt lat="46.1485525959" lon="6.9180483942">
				<ele>2436.2</ele>
				<extensions>
					<swisstopo:routepoint_id>492422276</swisstopo:routepoint_id>
				</extensions>
			</trkpt>
			<trkpt lat="46.1485649140" lon="6.9180352693">
				<ele>2435.7</ele>
				<extensions>
					<swisstopo:routepoint_id>1830507714</swisstopo:routepoint_id>
				</extensions>
			</trkpt>
			<trkpt lat="46.1485805315" lon="6.9180159392">
				<ele>2435.0</ele>
				<extensions>
					<swisstopo:routepoint_id>67189827</swisstopo:routepoint_id>
				</extensions>
			</trkpt>
			<trkpt lat="46.1485961307" lon="6.9179925064">
				<ele>2434.2</ele>
				<extensions>
					<swisstopo:routepoint_id>1229181881</swisstopo:routepoint_id>
				</extensions>
			</trkpt>
			<trkpt lat="46.1486241346" lon="6.9179730586">
				<ele>2433.1</ele>
				<extensions>
					<swisstopo:routepoint_id>105997092</swisstopo:routepoint_id>
				</extensions>
			</trkpt>
			<trkpt lat="46.1486431436" lon="6.9179674034">
				<ele>2432.4</ele>
				<extensions>
					<swisstopo:routepoint_id>715791598</swisstopo:routepoint_id>
				</extensions>
			</trkpt>
			<trkpt lat="46.1486620887" lon="6.9179459835">
				<ele>2431.5</ele>
				<extensions>
					<swisstopo:routepoint_id>561222346</swisstopo:routepoint_id>
				</extensions>
			</trkpt>
			<trkpt lat="46.1486872768" lon="6.9179382115">
				<ele>2430.7</ele>
				<extensions>
					<swisstopo:routepoint_id>1746053743</swisstopo:routepoint_id>
				</extensions>
			</trkpt>
			<trkpt lat="46.1487067618" lon="6.9179304936">
				<ele>2430.1</ele>
				<extensions>
					<swisstopo:routepoint_id>545695319</swisstopo:routepoint_id>
				</extensions>
			</trkpt>
			<trkpt lat="46.1487329130" lon="6.9179247707">
				<ele>2429.4</ele>
				<extensions>
					<swisstopo:routepoint_id>2126816862</swisstopo:routepoint_id>
				</extensions>
			</trkpt>
			<trkpt lat="46.1487504849" lon="6.9179156989">
				<ele>2428.9</ele>
				<extensions>
					<swisstopo:routepoint_id>625959524</swisstopo:routepoint_id>
				</extensions>
			</trkpt>
			<trkpt lat="46.1487733075" lon="6.9179100072">
				<ele>2428.2</ele>
				<extensions>
					<swisstopo:routepoint_id>617948288</swisstopo:routepoint_id>
				</extensions>
			</trkpt>
			<trkpt lat="46.1487947688" lon="6.9179173365">
				<ele>2427.6</ele>
				<extensions>
					<swisstopo:routepoint_id>1306006325</swisstopo:routepoint_id>
				</extensions>
			</trkpt>
			<trkpt lat="46.1488162615" lon="6.9179335706">
				<ele>2427.1</ele>
				<extensions>
					<swisstopo:routepoint_id>1412226767</swisstopo:routepoint_id>
				</extensions>
			</trkpt>
			<trkpt lat="46.1488286420" lon="6.9179341392">
				<ele>2426.9</ele>
				<extensions>
					<swisstopo:routepoint_id>147662036</swisstopo:routepoint_id>
				</extensions>
			</trkpt>
			<trkpt lat="46.1488456462" lon="6.9179052048">
				<ele>2426.1</ele>
				<extensions>
					<swisstopo:routepoint_id>1361687445</swisstopo:routepoint_id>
				</extensions>
			</trkpt>
			<trkpt lat="46.1488649811" lon="6.9178666700">
				<ele>2425.1</ele>
				<extensions>
					<swisstopo:routepoint_id>1968810003</swisstopo:routepoint_id>
				</extensions>
			</trkpt>
			<trkpt lat="46.1488933993" lon="6.9178355695">
				<ele>2424.1</ele>
				<extensions>
					<swisstopo:routepoint_id>220270312</swisstopo:routepoint_id>
				</extensions>
			</trkpt>
			<trkpt lat="46.1489193239" lon="6.9177784762">
				<ele>2422.6</ele>
				<extensions>
					<swisstopo:routepoint_id>501395020</swisstopo:routepoint_id>
				</extensions>
			</trkpt>
			<trkpt lat="46.1489553177" lon="6.9177397832">
				<ele>2421.4</ele>
				<extensions>
					<swisstopo:routepoint_id>1468654634</swisstopo:routepoint_id>
				</extensions>
			</trkpt>
			<trkpt lat="46.1489913297" lon="6.9177031353">
				<ele>2420.3</ele>
				<extensions>
					<swisstopo:routepoint_id>1068143301</swisstopo:routepoint_id>
				</extensions>
			</trkpt>
			<trkpt lat="46.1490250590" lon="6.9176884349">
				<ele>2419.7</ele>
				<extensions>
					<swisstopo:routepoint_id>1439939392</swisstopo:routepoint_id>
				</extensions>
			</trkpt>
			<trkpt lat="46.1490497983" lon="6.9176847832">
				<ele>2419.7</ele>
				<extensions>
					<swisstopo:routepoint_id>1542563368</swisstopo:routepoint_id>
				</extensions>
			</trkpt>
			<trkpt lat="46.1490625865" lon="6.9176702686">
				<ele>2419.3</ele>
				<extensions>
					<swisstopo:routepoint_id>441548079</swisstopo:routepoint_id>
				</extensions>
			</trkpt>
			<trkpt lat="46.1490766826" lon="6.9176310975">
				<ele>2418.7</ele>
				<extensions>
					<swisstopo:routepoint_id>1951633651</swisstopo:routepoint_id>
				</extensions>
			</trkpt>
			<trkpt lat="46.1490903519" lon="6.9176008354">
				<ele>2418.8</ele>
				<extensions>
					<swisstopo:routepoint_id>1318224129</swisstopo:routepoint_id>
				</extensions>
			</trkpt>
			<trkpt lat="46.1491069047" lon="6.9175773931">
				<ele>2418.5</ele>
				<extensions>
					<swisstopo:routepoint_id>1158597754</swisstopo:routepoint_id>
				</extensions>
			</trkpt>
			<trkpt lat="46.1491115468" lon="6.9175520059">
				<ele>2418.3</ele>
				<extensions>
					<swisstopo:routepoint_id>1083329860</swisstopo:routepoint_id>
				</extensions>
			</trkpt>
			<trkpt lat="46.1491079671" lon="6.9174972375">
				<ele>2417.9</ele>
				<extensions>
					<swisstopo:routepoint_id>1044226792</swisstopo:routepoint_id>
				</extensions>
			</trkpt>
			<trkpt lat="46.1490939926" lon="6.9174610770">
				<ele>2417.7</ele>
				<extensions>
					<swisstopo:routepoint_id>1409655728</swisstopo:routepoint_id>
				</extensions>
			</trkpt>
			<trkpt lat="46.1490847702" lon="6.9174214413">
				<ele>2417.2</ele>
				<extensions>
					<swisstopo:routepoint_id>526253782</swisstopo:routepoint_id>
				</extensions>
			</trkpt>
			<trkpt lat="46.1490774205" lon="6.9173763000">
				<ele>2416.7</ele>
				<extensions>
					<swisstopo:routepoint_id>395617042</swisstopo:routepoint_id>
				</extensions>
			</trkpt>
			<trkpt lat="46.1490781981" lon="6.9173379413">
				<ele>2416.5</ele>
				<extensions>
					<swisstopo:routepoint_id>1562306073</swisstopo:routepoint_id>
				</extensions>
			</trkpt>
			<trkpt lat="46.1490686631" lon="6.9173359739">
				<ele>2416.3</ele>
				<extensions>
					<swisstopo:routepoint_id>1807827747</swisstopo:routepoint_id>
				</extensions>
			</trkpt>
			<trkpt lat="46.1490381640" lon="6.9173273585">
				<ele>2415.5</ele>
				<extensions>
					<swisstopo:routepoint_id>309829725</swisstopo:routepoint_id>
				</extensions>
			</trkpt>
			<trkpt lat="46.1490286165" lon="6.9173226602">
				<ele>2415.3</ele>
				<extensions>
					<swisstopo:routepoint_id>1578400388</swisstopo:routepoint_id>
				</extensions>
			</trkpt>
			<trkpt lat="46.1490169754" lon="6.9172755015">
				<ele>2414.6</ele>
				<extensions>
					<swisstopo:routepoint_id>723034502</swisstopo:routepoint_id>
				</extensions>
			</trkpt>
			<trkpt lat="46.1490077780" lon="6.9172413536">
				<ele>2414.3</ele>
				<extensions>
					<swisstopo:routepoint_id>1694826330</swisstopo:routepoint_id>
				</extensions>
			</trkpt>
			<trkpt lat="46.1490071631" lon="6.9172112145">
				<ele>2414.0</ele>
				<extensions>
					<swisstopo:routepoint_id>2106313754</swisstopo:routepoint_id>
				</extensions>
			</trkpt>
			<trkpt lat="46.1490050231" lon="6.9171605485">
				<ele>2413.9</ele>
				<extensions>
					<swisstopo:routepoint_id>2079761418</swisstopo:routepoint_id>
				</extensions>
			</trkpt>
			<trkpt lat="46.1489929684" lon="6.9171271008">
				<ele>2413.6</ele>
				<extensions>
					<swisstopo:routepoint_id>1186114296</swisstopo:routepoint_id>
				</extensions>
			</trkpt>
			<trkpt lat="46.1489841663" lon="6.9170751393">
				<ele>2413.6</ele>
				<extensions>
					<swisstopo:routepoint_id>1317156396</swisstopo:routepoint_id>
				</extensions>
			</trkpt>
			<trkpt lat="46.1489754082" lon="6.9170348136">
				<ele>2413.6</ele>
				<extensions>
					<swisstopo:routepoint_id>1776892054</swisstopo:routepoint_id>
				</extensions>
			</trkpt>
			<trkpt lat="46.1489452730" lon="6.9170015378">
				<ele>2413.0</ele>
				<extensions>
					<swisstopo:routepoint_id>462516821</swisstopo:routepoint_id>
				</extensions>
			</trkpt>
			<trkpt lat="46.1489231841" lon="6.9169613385">
				<ele>2412.5</ele>
				<extensions>
					<swisstopo:routepoint_id>1368861476</swisstopo:routepoint_id>
				</extensions>
			</trkpt>
			<trkpt lat="46.1489096418" lon="6.9169135122">
				<ele>2412.3</ele>
				<extensions>
					<swisstopo:routepoint_id>313636802</swisstopo:routepoint_id>
				</extensions>
			</trkpt>
			<trkpt lat="46.1488994120" lon="6.9168622504">
				<ele>2412.0</ele>
				<extensions>
					<swisstopo:routepoint_id>673127714</swisstopo:routepoint_id>
				</extensions>
			</trkpt>
			<trkpt lat="46.1488739633" lon="6.9168152231">
				<ele>2411.1</ele>
				<extensions>
					<swisstopo:routepoint_id>229903981</swisstopo:routepoint_id>
				</extensions>
			</trkpt>
			<trkpt lat="46.1488442329" lon="6.9167682496">
				<ele>2410.3</ele>
				<extensions>
					<swisstopo:routepoint_id>1835475248</swisstopo:routepoint_id>
				</extensions>
			</trkpt>
			<trkpt lat="46.1488297847" lon="6.9167307219">
				<ele>2409.5</ele>
				<extensions>
					<swisstopo:routepoint_id>2077189840</swisstopo:routepoint_id>
				</extensions>
			</trkpt>
			<trkpt lat="46.1488162240" lon="6.9166808510">
				<ele>2408.4</ele>
				<extensions>
					<swisstopo:routepoint_id>888530433</swisstopo:routepoint_id>
				</extensions>
			</trkpt>
			<trkpt lat="46.1487959599" lon="6.9166228246">
				<ele>2407.6</ele>
				<extensions>
					<swisstopo:routepoint_id>1714641018</swisstopo:routepoint_id>
				</extensions>
			</trkpt>
			<trkpt lat="46.1487743788" lon="6.9165874099">
				<ele>2407.1</ele>
				<extensions>
					<swisstopo:routepoint_id>1122717080</swisstopo:routepoint_id>
				</extensions>
			</trkpt>
			<trkpt lat="46.1487527346" lon="6.9165383019">
				<ele>2406.8</ele>
				<extensions>
					<swisstopo:routepoint_id>314644342</swisstopo:routepoint_id>
				</extensions>
			</trkpt>
			<trkpt lat="46.1487450178" lon="6.9165171483">
				<ele>2406.7</ele>
				<extensions>
					<swisstopo:routepoint_id>1015432093</swisstopo:routepoint_id>
				</extensions>
			</trkpt>
			<trkpt lat="46.1487108452" lon="6.9164352833">
				<ele>2406.0</ele>
				<extensions>
					<swisstopo:routepoint_id>1630957143</swisstopo:routepoint_id>
				</extensions>
			</trkpt>
			<trkpt lat="46.1487025666" lon="6.9163935812">
				<ele>2405.7</ele>
				<extensions>
					<swisstopo:routepoint_id>430692619</swisstopo:routepoint_id>
				</extensions>
			</trkpt>
			<trkpt lat="46.1486937201" lon="6.9163340744">
				<ele>2405.4</ele>
				<extensions>
					<swisstopo:routepoint_id>968674018</swisstopo:routepoint_id>
				</extensions>
			</trkpt>
			<trkpt lat="46.1486736095" lon="6.9163075508">
				<ele>2404.9</ele>
				<extensions>
					<swisstopo:routepoint_id>1295549793</swisstopo:routepoint_id>
				</extensions>
			</trkpt>
			<trkpt lat="46.1486534750" lon="6.9162776105">
				<ele>2404.4</ele>
				<extensions>
					<swisstopo:routepoint_id>1668283575</swisstopo:routepoint_id>
				</extensions>
			</trkpt>
			<trkpt lat="46.1486242964" lon="6.9162470703">
				<ele>2403.9</ele>
				<extensions>
					<swisstopo:routepoint_id>1968700472</swisstopo:routepoint_id>
				</extensions>
			</trkpt>
			<trkpt lat="46.1485873477" lon="6.9161816703">
				<ele>2403.7</ele>
				<extensions>
					<swisstopo:routepoint_id>981670618</swisstopo:routepoint_id>
				</extensions>
			</trkpt>
			<trkpt lat="46.1485646963" lon="6.9161229810">
				<ele>2403.4</ele>
				<extensions>
					<swisstopo:routepoint_id>1709535633</swisstopo:routepoint_id>
				</extensions>
			</trkpt>
			<trkpt lat="46.1485330330" lon="6.9160684938">
				<ele>2403.5</ele>
				<extensions>
					<swisstopo:routepoint_id>347900281</swisstopo:routepoint_id>
				</extensions>
			</trkpt>
			<trkpt lat="46.1485089827" lon="6.9160146071">
				<ele>2403.6</ele>
				<extensions>
					<swisstopo:routepoint_id>520440816</swisstopo:routepoint_id>
				</extensions>
			</trkpt>
			<trkpt lat="46.1484829841" lon="6.9159497890">
				<ele>2403.4</ele>
				<extensions>
					<swisstopo:routepoint_id>2134098430</swisstopo:routepoint_id>
				</extensions>
			</trkpt>
			<trkpt lat="46.1484699317" lon="6.9159067605">
				<ele>2403.1</ele>
				<extensions>
					<swisstopo:routepoint_id>210058293</swisstopo:routepoint_id>
				</extensions>
			</trkpt>
			<trkpt lat="46.1484662286" lon="6.9158273502">
				<ele>2401.9</ele>
				<extensions>
					<swisstopo:routepoint_id>1699778962</swisstopo:routepoint_id>
				</extensions>
			</trkpt>
			<trkpt lat="46.1484621936" lon="6.9157773888">
				<ele>2401.4</ele>
				<extensions>
					<swisstopo:routepoint_id>1386440016</swisstopo:routepoint_id>
				</extensions>
			</trkpt>
			<trkpt lat="46.1484529516" lon="6.9157336382">
				<ele>2401.4</ele>
				<extensions>
					<swisstopo:routepoint_id>309165787</swisstopo:routepoint_id>
				</extensions>
			</trkpt>
			<trkpt lat="46.1484413257" lon="6.9156899230">
				<ele>2401.5</ele>
				<extensions>
					<swisstopo:routepoint_id>1979352552</swisstopo:routepoint_id>
				</extensions>
			</trkpt>
			<trkpt lat="46.1484219611" lon="6.9156202401">
				<ele>2401.1</ele>
				<extensions>
					<swisstopo:routepoint_id>398770056</swisstopo:routepoint_id>
				</extensions>
			</trkpt>
			<trkpt lat="46.1483925213" lon="6.9155328561">
				<ele>2399.6</ele>
				<extensions>
					<swisstopo:routepoint_id>1206713532</swisstopo:routepoint_id>
				</extensions>
			</trkpt>
			<trkpt lat="46.1483781698" lon="6.9155165551">
				<ele>2399.1</ele>
				<extensions>
					<swisstopo:routepoint_id>1945929385</swisstopo:routepoint_id>
				</extensions>
			</trkpt>
			<trkpt lat="46.1483253919" lon="6.9154266499">
				<ele>2396.8</ele>
				<extensions>
					<swisstopo:routepoint_id>746822179</swisstopo:routepoint_id>
				</extensions>
			</trkpt>
			<trkpt lat="46.1483075184" lon="6.9153699737">
				<ele>2395.8</ele>
				<extensions>
					<swisstopo:routepoint_id>728351497</swisstopo:routepoint_id>
				</extensions>
			</trkpt>
			<trkpt lat="46.1482825672" lon="6.9153277449">
				<ele>2395.1</ele>
				<extensions>
					<swisstopo:routepoint_id>1395454112</swisstopo:routepoint_id>
				</extensions>
			</trkpt>
			<trkpt lat="46.1482502339" lon="6.9152314842">
				<ele>2393.6</ele>
				<extensions>
					<swisstopo:routepoint_id>514881125</swisstopo:routepoint_id>
				</extensions>
			</trkpt>
			<trkpt lat="46.1482293420" lon="6.9151405892">
				<ele>2391.8</ele>
				<extensions>
					<swisstopo:routepoint_id>1587228937</swisstopo:routepoint_id>
				</extensions>
			</trkpt>
			<trkpt lat="46.1481985580" lon="6.9150703296">
				<ele>2390.3</ele>
				<extensions>
					<swisstopo:routepoint_id>530480862</swisstopo:routepoint_id>
				</extensions>
			</trkpt>
			<trkpt lat="46.1481716849" lon="6.9150247026">
				<ele>2389.2</ele>
				<extensions>
					<swisstopo:routepoint_id>35552504</swisstopo:routepoint_id>
				</extensions>
			</trkpt>
			<trkpt lat="46.1481328692" lon="6.9149682265">
				<ele>2387.8</ele>
				<extensions>
					<swisstopo:routepoint_id>1499803570</swisstopo:routepoint_id>
				</extensions>
			</trkpt>
			<trkpt lat="46.1481160749" lon="6.9149389281">
				<ele>2387.1</ele>
				<extensions>
					<swisstopo:routepoint_id>770305898</swisstopo:routepoint_id>
				</extensions>
			</trkpt>
			<trkpt lat="46.1480904734" lon="6.9148590414">
				<ele>2385.5</ele>
				<extensions>
					<swisstopo:routepoint_id>455557179</swisstopo:routepoint_id>
				</extensions>
			</trkpt>
			<trkpt lat="46.1480808208" lon="6.9148296878">
				<ele>2384.8</ele>
				<extensions>
					<swisstopo:routepoint_id>1169023826</swisstopo:routepoint_id>
				</extensions>
			</trkpt>
			<trkpt lat="46.1480777543" lon="6.9147831346">
				<ele>2383.7</ele>
				<extensions>
					<swisstopo:routepoint_id>1791832701</swisstopo:routepoint_id>
				</extensions>
			</trkpt>
			<trkpt lat="46.1480699971" lon="6.9147530771">
				<ele>2383.0</ele>
				<extensions>
					<swisstopo:routepoint_id>1174342033</swisstopo:routepoint_id>
				</extensions>
			</trkpt>
			<trkpt lat="46.1480345316" lon="6.9147013583">
				<ele>2381.3</ele>
				<extensions>
					<swisstopo:routepoint_id>347485118</swisstopo:routepoint_id>
				</extensions>
			</trkpt>
			<trkpt lat="46.1480130088" lon="6.9146796551">
				<ele>2380.4</ele>
				<extensions>
					<swisstopo:routepoint_id>1313784396</swisstopo:routepoint_id>
				</extensions>
			</trkpt>
			<trkpt lat="46.1479975965" lon="6.9146407580">
				<ele>2379.7</ele>
				<extensions>
					<swisstopo:routepoint_id>1117071210</swisstopo:routepoint_id>
				</extensions>
			</trkpt>
			<trkpt lat="46.1479874482" lon="6.9146079787">
				<ele>2378.7</ele>
				<extensions>
					<swisstopo:routepoint_id>1070294526</swisstopo:routepoint_id>
				</extensions>
			</trkpt>
			<trkpt lat="46.1479716563" lon="6.9145896375">
				<ele>2378.0</ele>
				<extensions>
					<swisstopo:routepoint_id>279120282</swisstopo:routepoint_id>
				</extensions>
			</trkpt>
			<trkpt lat="46.1479530981" lon="6.9145904973">
				<ele>2377.4</ele>
				<extensions>
					<swisstopo:routepoint_id>1795101855</swisstopo:routepoint_id>
				</extensions>
			</trkpt>
			<trkpt lat="46.1479217484" lon="6.9146044982">
				<ele>2376.3</ele>
				<extensions>
					<swisstopo:routepoint_id>495483382</swisstopo:routepoint_id>
				</extensions>
			</trkpt>
			<trkpt lat="46.1479017456" lon="6.9146026289">
				<ele>2375.5</ele>
				<extensions>
					<swisstopo:routepoint_id>1996996335</swisstopo:routepoint_id>
				</extensions>
			</trkpt>
			<trkpt lat="46.1478840318" lon="6.9145808808">
				<ele>2374.4</ele>
				<extensions>
					<swisstopo:routepoint_id>31678792</swisstopo:routepoint_id>
				</extensions>
			</trkpt>
			<trkpt lat="46.1478664096" lon="6.9145789888">
				<ele>2373.7</ele>
				<extensions>
					<swisstopo:routepoint_id>1786398557</swisstopo:routepoint_id>
				</extensions>
			</trkpt>
			<trkpt lat="46.1478524482" lon="6.9145442111">
				<ele>2372.4</ele>
				<extensions>
					<swisstopo:routepoint_id>937578028</swisstopo:routepoint_id>
				</extensions>
			</trkpt>
			<trkpt lat="46.1478419266" lon="6.9145333404">
				<ele>2371.9</ele>
				<extensions>
					<swisstopo:routepoint_id>1892376414</swisstopo:routepoint_id>
				</extensions>
			</trkpt>
			<trkpt lat="46.1478147640" lon="6.9145294919">
				<ele>2371.0</ele>
				<extensions>
					<swisstopo:routepoint_id>460096002</swisstopo:routepoint_id>
				</extensions>
			</trkpt>
			<trkpt lat="46.1477942799" lon="6.9145242145">
				<ele>2370.1</ele>
				<extensions>
					<swisstopo:routepoint_id>271673132</swisstopo:routepoint_id>
				</extensions>
			</trkpt>
			<trkpt lat="46.1477690012" lon="6.9145155449">
				<ele>2369.0</ele>
				<extensions>
					<swisstopo:routepoint_id>1965550819</swisstopo:routepoint_id>
				</extensions>
			</trkpt>
			<trkpt lat="46.1477494942" lon="6.9145164138">
				<ele>2368.4</ele>
				<extensions>
					<swisstopo:routepoint_id>1633185818</swisstopo:routepoint_id>
				</extensions>
			</trkpt>
			<trkpt lat="46.1477243161" lon="6.9145276256">
				<ele>2367.5</ele>
				<extensions>
					<swisstopo:routepoint_id>403732613</swisstopo:routepoint_id>
				</extensions>
			</trkpt>
			<trkpt lat="46.1476904752" lon="6.9145176727">
				<ele>2366.0</ele>
				<extensions>
					<swisstopo:routepoint_id>152457412</swisstopo:routepoint_id>
				</extensions>
			</trkpt>
			<trkpt lat="46.1476495652" lon="6.9145235364">
				<ele>2364.3</ele>
				<extensions>
					<swisstopo:routepoint_id>1896801761</swisstopo:routepoint_id>
				</extensions>
			</trkpt>
			<trkpt lat="46.1476163251" lon="6.9145409808">
				<ele>2363.0</ele>
				<extensions>
					<swisstopo:routepoint_id>431091756</swisstopo:routepoint_id>
				</extensions>
			</trkpt>
			<trkpt lat="46.1475887157" lon="6.9145412444">
				<ele>2362.0</ele>
				<extensions>
					<swisstopo:routepoint_id>59440173</swisstopo:routepoint_id>
				</extensions>
			</trkpt>
			<trkpt lat="46.1475482580" lon="6.9145423133">
				<ele>2360.4</ele>
				<extensions>
					<swisstopo:routepoint_id>156270122</swisstopo:routepoint_id>
				</extensions>
			</trkpt>
			<trkpt lat="46.1475054450" lon="6.9145488778">
				<ele>2359.1</ele>
				<extensions>
					<swisstopo:routepoint_id>1926445363</swisstopo:routepoint_id>
				</extensions>
			</trkpt>
			<trkpt lat="46.1474653763" lon="6.9145314639">
				<ele>2357.8</ele>
				<extensions>
					<swisstopo:routepoint_id>1277846309</swisstopo:routepoint_id>
				</extensions>
			</trkpt>
			<trkpt lat="46.1474444217" lon="6.9145289212">
				<ele>2357.4</ele>
				<extensions>
					<swisstopo:routepoint_id>1935839537</swisstopo:routepoint_id>
				</extensions>
			</trkpt>
			<trkpt lat="46.1474048551" lon="6.9145156104">
				<ele>2356.8</ele>
				<extensions>
					<swisstopo:routepoint_id>171586773</swisstopo:routepoint_id>
				</extensions>
			</trkpt>
			<trkpt lat="46.1473737275" lon="6.9144768511">
				<ele>2356.9</ele>
				<extensions>
					<swisstopo:routepoint_id>231535191</swisstopo:routepoint_id>
				</extensions>
			</trkpt>
			<trkpt lat="46.1473540057" lon="6.9144311576">
				<ele>2356.8</ele>
				<extensions>
					<swisstopo:routepoint_id>270254028</swisstopo:routepoint_id>
				</extensions>
			</trkpt>
			<trkpt lat="46.1473386531" lon="6.9143100650">
				<ele>2357.3</ele>
				<extensions>
					<swisstopo:routepoint_id>584706100</swisstopo:routepoint_id>
				</extensions>
			</trkpt>
			<trkpt lat="46.1473269212" lon="6.9142444385">
				<ele>2357.7</ele>
				<extensions>
					<swisstopo:routepoint_id>1349830544</swisstopo:routepoint_id>
				</extensions>
			</trkpt>
			<trkpt lat="46.1473037742" lon="6.9141799447">
				<ele>2357.7</ele>
				<extensions>
					<swisstopo:routepoint_id>425948285</swisstopo:routepoint_id>
				</extensions>
			</trkpt>
			<trkpt lat="46.1472669406" lon="6.9140888491">
				<ele>2357.4</ele>
				<extensions>
					<swisstopo:routepoint_id>575132376</swisstopo:routepoint_id>
				</extensions>
			</trkpt>
			<trkpt lat="46.1472408579" lon="6.9140069158">
				<ele>2357.3</ele>
				<extensions>
					<swisstopo:routepoint_id>2138573745</swisstopo:routepoint_id>
				</extensions>
			</trkpt>
			<trkpt lat="46.1472299742" lon="6.9139689999">
				<ele>2357.0</ele>
				<extensions>
					<swisstopo:routepoint_id>306016209</swisstopo:routepoint_id>
				</extensions>
			</trkpt>
			<trkpt lat="46.1472176871" lon="6.9139372782">
				<ele>2356.6</ele>
				<extensions>
					<swisstopo:routepoint_id>832460402</swisstopo:routepoint_id>
				</extensions>
			</trkpt>
			<trkpt lat="46.1471846287" lon="6.9138913588">
				<ele>2355.7</ele>
				<extensions>
					<swisstopo:routepoint_id>241924139</swisstopo:routepoint_id>
				</extensions>
			</trkpt>
			<trkpt lat="46.1471550126" lon="6.9138166386">
				<ele>2354.8</ele>
				<extensions>
					<swisstopo:routepoint_id>1392358614</swisstopo:routepoint_id>
				</extensions>
			</trkpt>
			<trkpt lat="46.1471340087" lon="6.9137521248">
				<ele>2354.2</ele>
				<extensions>
					<swisstopo:routepoint_id>392346472</swisstopo:routepoint_id>
				</extensions>
			</trkpt>
			<trkpt lat="46.1471185295" lon="6.9136474908">
				<ele>2353.4</ele>
				<extensions>
					<swisstopo:routepoint_id>1835357140</swisstopo:routepoint_id>
				</extensions>
			</trkpt>
			<trkpt lat="46.1471069253" lon="6.9136095820">
				<ele>2352.9</ele>
				<extensions>
					<swisstopo:routepoint_id>198540933</swisstopo:routepoint_id>
				</extensions>
			</trkpt>
			<trkpt lat="46.1470874197" lon="6.9135594251">
				<ele>2351.9</ele>
				<extensions>
					<swisstopo:routepoint_id>925345101</swisstopo:routepoint_id>
				</extensions>
			</trkpt>
			<trkpt lat="46.1470608917" lon="6.9135370793">
				<ele>2351.2</ele>
				<extensions>
					<swisstopo:routepoint_id>1852127138</swisstopo:routepoint_id>
				</extensions>
			</trkpt>
			<trkpt lat="46.1470408178" lon="6.9135198164">
				<ele>2350.5</ele>
				<extensions>
					<swisstopo:routepoint_id>550045918</swisstopo:routepoint_id>
				</extensions>
			</trkpt>
			<trkpt lat="46.1470320582" lon="6.9134777725">
				<ele>2349.6</ele>
				<extensions>
					<swisstopo:routepoint_id>1313668675</swisstopo:routepoint_id>
				</extensions>
			</trkpt>
			<trkpt lat="46.1470183337" lon="6.9134429808">
				<ele>2348.8</ele>
				<extensions>
					<swisstopo:routepoint_id>698997395</swisstopo:routepoint_id>
				</extensions>
			</trkpt>
			<trkpt lat="46.1469967653" lon="6.9134103116">
				<ele>2348.0</ele>
				<extensions>
					<swisstopo:routepoint_id>1510959310</swisstopo:routepoint_id>
				</extensions>
			</trkpt>
			<trkpt lat="46.1469572575" lon="6.9133603464">
				<ele>2346.9</ele>
				<extensions>
					<swisstopo:routepoint_id>1206651933</swisstopo:routepoint_id>
				</extensions>
			</trkpt>
			<trkpt lat="46.1469399244" lon="6.9133183975">
				<ele>2346.1</ele>
				<extensions>
					<swisstopo:routepoint_id>1545104951</swisstopo:routepoint_id>
				</extensions>
			</trkpt>
			<trkpt lat="46.1469246491" lon="6.9132579246">
				<ele>2345.1</ele>
				<extensions>
					<swisstopo:routepoint_id>1290984256</swisstopo:routepoint_id>
				</extensions>
			</trkpt>
			<trkpt lat="46.1468901673" lon="6.9132120193">
				<ele>2344.0</ele>
				<extensions>
					<swisstopo:routepoint_id>320915239</swisstopo:routepoint_id>
				</extensions>
			</trkpt>
			<trkpt lat="46.1468750678" lon="6.9131895644">
				<ele>2343.5</ele>
				<extensions>
					<swisstopo:routepoint_id>1604466774</swisstopo:routepoint_id>
				</extensions>
			</trkpt>
			<trkpt lat="46.1468705386" lon="6.9131372044">
				<ele>2342.6</ele>
				<extensions>
					<swisstopo:routepoint_id>419447004</swisstopo:routepoint_id>
				</extensions>
			</trkpt>
			<trkpt lat="46.1468703295" lon="6.9130920074">
				<ele>2342.1</ele>
				<extensions>
					<swisstopo:routepoint_id>266048694</swisstopo:routepoint_id>
				</extensions>
			</trkpt>
			<trkpt lat="46.1468470011" lon="6.9129884731">
				<ele>2341.4</ele>
				<extensions>
					<swisstopo:routepoint_id>2056908300</swisstopo:routepoint_id>
				</extensions>
			</trkpt>
			<trkpt lat="46.1468042714" lon="6.9128573809">
				<ele>2340.5</ele>
				<extensions>
					<swisstopo:routepoint_id>142461694</swisstopo:routepoint_id>
				</extensions>
			</trkpt>
			<trkpt lat="46.1467645684" lon="6.9127653034">
				<ele>2340.3</ele>
				<extensions>
					<swisstopo:routepoint_id>1921589161</swisstopo:routepoint_id>
				</extensions>
			</trkpt>
			<trkpt lat="46.1467365316" lon="6.9127244810">
				<ele>2340.0</ele>
				<extensions>
					<swisstopo:routepoint_id>1849503177</swisstopo:routepoint_id>
				</extensions>
			</trkpt>
			<trkpt lat="46.1467028611" lon="6.9127001441">
				<ele>2339.6</ele>
				<extensions>
					<swisstopo:routepoint_id>54158094</swisstopo:routepoint_id>
				</extensions>
			</trkpt>
			<trkpt lat="46.1466719163" lon="6.9126459898">
				<ele>2338.6</ele>
				<extensions>
					<swisstopo:routepoint_id>1447545451</swisstopo:routepoint_id>
				</extensions>
			</trkpt>
			<trkpt lat="46.1466588895" lon="6.9126101554">
				<ele>2337.9</ele>
				<extensions>
					<swisstopo:routepoint_id>1282417649</swisstopo:routepoint_id>
				</extensions>
			</trkpt>
			<trkpt lat="46.1466421439" lon="6.9125414940">
				<ele>2336.5</ele>
				<extensions>
					<swisstopo:routepoint_id>857562038</swisstopo:routepoint_id>
				</extensions>
			</trkpt>
			<trkpt lat="46.1466241315" lon="6.9125046835">
				<ele>2335.7</ele>
				<extensions>
					<swisstopo:routepoint_id>1473531206</swisstopo:routepoint_id>
				</extensions>
			</trkpt>
			<trkpt lat="46.1465896358" lon="6.9124577427">
				<ele>2334.8</ele>
				<extensions>
					<swisstopo:routepoint_id>1675321689</swisstopo:routepoint_id>
				</extensions>
			</trkpt>
			<trkpt lat="46.1465536887" lon="6.9124046731">
				<ele>2334.1</ele>
				<extensions>
					<swisstopo:routepoint_id>986764089</swisstopo:routepoint_id>
				</extensions>
			</trkpt>
			<trkpt lat="46.1465170632" lon="6.9123588020">
				<ele>2333.6</ele>
				<extensions>
					<swisstopo:routepoint_id>1120373855</swisstopo:routepoint_id>
				</extensions>
			</trkpt>
			<trkpt lat="46.1464788916" lon="6.9122882735">
				<ele>2332.8</ele>
				<extensions>
					<swisstopo:routepoint_id>1193340284</swisstopo:routepoint_id>
				</extensions>
			</trkpt>
			<trkpt lat="46.1464386338" lon="6.9122301137">
				<ele>2331.8</ele>
				<extensions>
					<swisstopo:routepoint_id>1485306316</swisstopo:routepoint_id>
				</extensions>
			</trkpt>
			<trkpt lat="46.1463718372" lon="6.9121454639">
				<ele>2330.0</ele>
				<extensions>
					<swisstopo:routepoint_id>949443018</swisstopo:routepoint_id>
				</extensions>
			</trkpt>
			<trkpt lat="46.1463328683" lon="6.9120564772">
				<ele>2328.6</ele>
				<extensions>
					<swisstopo:routepoint_id>2028711091</swisstopo:routepoint_id>
				</extensions>
			</trkpt>
			<trkpt lat="46.1463062632" lon="6.9120156419">
				<ele>2327.9</ele>
				<extensions>
					<swisstopo:routepoint_id>586727324</swisstopo:routepoint_id>
				</extensions>
			</trkpt>
			<trkpt lat="46.1462910062" lon="6.9119592775">
				<ele>2327.2</ele>
				<extensions>
					<swisstopo:routepoint_id>737797186</swisstopo:routepoint_id>
				</extensions>
			</trkpt>
			<trkpt lat="46.1462785708" lon="6.9118957071">
				<ele>2326.3</ele>
				<extensions>
					<swisstopo:routepoint_id>542057680</swisstopo:routepoint_id>
				</extensions>
			</trkpt>
			<trkpt lat="46.1462769953" lon="6.9118628471">
				<ele>2326.0</ele>
				<extensions>
					<swisstopo:routepoint_id>293910540</swisstopo:routepoint_id>
				</extensions>
			</trkpt>
			<trkpt lat="46.1462646361" lon="6.9118157071">
				<ele>2325.1</ele>
				<extensions>
					<swisstopo:routepoint_id>161011680</swisstopo:routepoint_id>
				</extensions>
			</trkpt>
			<trkpt lat="46.1462460079" lon="6.9118014897">
				<ele>2324.3</ele>
				<extensions>
					<swisstopo:routepoint_id>881388898</swisstopo:routepoint_id>
				</extensions>
			</trkpt>
			<trkpt lat="46.1462294716" lon="6.9117780380">
				<ele>2323.4</ele>
				<extensions>
					<swisstopo:routepoint_id>1544957825</swisstopo:routepoint_id>
				</extensions>
			</trkpt>
			<trkpt lat="46.1462101041" lon="6.9117597201">
				<ele>2322.2</ele>
				<extensions>
					<swisstopo:routepoint_id>875082583</swisstopo:routepoint_id>
				</extensions>
			</trkpt>
			<trkpt lat="46.1462178430" lon="6.9117349989">
				<ele>2321.8</ele>
				<extensions>
					<swisstopo:routepoint_id>1979769543</swisstopo:routepoint_id>
				</extensions>
			</trkpt>
			<trkpt lat="46.1462347953" lon="6.9116947566">
				<ele>2321.1</ele>
				<extensions>
					<swisstopo:routepoint_id>153573370</swisstopo:routepoint_id>
				</extensions>
			</trkpt>
			<trkpt lat="46.1462480868" lon="6.9116360833">
				<ele>2319.7</ele>
				<extensions>
					<swisstopo:routepoint_id>248783497</swisstopo:routepoint_id>
				</extensions>
			</trkpt>
			<trkpt lat="46.1462501102" lon="6.9116083206">
				<ele>2319.1</ele>
				<extensions>
					<swisstopo:routepoint_id>1096947456</swisstopo:routepoint_id>
				</extensions>
			</trkpt>
			<trkpt lat="46.1462564029" lon="6.9115805292">
				<ele>2318.6</ele>
				<extensions>
					<swisstopo:routepoint_id>2108705871</swisstopo:routepoint_id>
				</extensions>
			</trkpt>
			<trkpt lat="46.1462491897" lon="6.9115651785">
				<ele>2318.2</ele>
				<extensions>
					<swisstopo:routepoint_id>641546773</swisstopo:routepoint_id>
				</extensions>
			</trkpt>
			<trkpt lat="46.1462249192" lon="6.9115674719">
				<ele>2317.6</ele>
				<extensions>
					<swisstopo:routepoint_id>1444513844</swisstopo:routepoint_id>
				</extensions>
			</trkpt>
			<trkpt lat="46.1462028342" lon="6.9115769233">
				<ele>2316.9</ele>
				<extensions>
					<swisstopo:routepoint_id>288469989</swisstopo:routepoint_id>
				</extensions>
			</trkpt>
			<trkpt lat="46.1461892236" lon="6.9115667910">
				<ele>2316.5</ele>
				<extensions>
					<swisstopo:routepoint_id>369026075</swisstopo:routepoint_id>
				</extensions>
			</trkpt>
			<trkpt lat="46.1461869943" lon="6.9115483210">
				<ele>2316.2</ele>
				<extensions>
					<swisstopo:routepoint_id>1426864932</swisstopo:routepoint_id>
				</extensions>
			</trkpt>
			<trkpt lat="46.1461932869" lon="6.9115205171">
				<ele>2315.7</ele>
				<extensions>
					<swisstopo:routepoint_id>520249467</swisstopo:routepoint_id>
				</extensions>
			</trkpt>
			<trkpt lat="46.1461767211" lon="6.9114888250">
				<ele>2314.5</ele>
				<extensions>
					<swisstopo:routepoint_id>1274184993</swisstopo:routepoint_id>
				</extensions>
			</trkpt>
			<trkpt lat="46.1461673358" lon="6.9114673398">
				<ele>2313.9</ele>
				<extensions>
					<swisstopo:routepoint_id>1628289302</swisstopo:routepoint_id>
				</extensions>
			</trkpt>
			<trkpt lat="46.1461657984" lon="6.9114427078">
				<ele>2313.1</ele>
				<extensions>
					<swisstopo:routepoint_id>1287667103</swisstopo:routepoint_id>
				</extensions>
			</trkpt>
			<trkpt lat="46.1461756902" lon="6.9114200136">
				<ele>2312.5</ele>
				<extensions>
					<swisstopo:routepoint_id>189436451</swisstopo:routepoint_id>
				</extensions>
			</trkpt>
			<trkpt lat="46.1461827746" lon="6.9114076095">
				<ele>2312.3</ele>
				<extensions>
					<swisstopo:routepoint_id>537425219</swisstopo:routepoint_id>
				</extensions>
			</trkpt>
			<trkpt lat="46.1461783216" lon="6.9113737535">
				<ele>2311.2</ele>
				<extensions>
					<swisstopo:routepoint_id>1678588094</swisstopo:routepoint_id>
				</extensions>
			</trkpt>
			<trkpt lat="46.1461717333" lon="6.9113378579">
				<ele>2310.2</ele>
				<extensions>
					<swisstopo:routepoint_id>369364332</swisstopo:routepoint_id>
				</extensions>
			</trkpt>
			<trkpt lat="46.1461609632" lon="6.9113246143">
				<ele>2309.8</ele>
				<extensions>
					<swisstopo:routepoint_id>771771916</swisstopo:routepoint_id>
				</extensions>
			</trkpt>
			<trkpt lat="46.1461451899" lon="6.9113103821">
				<ele>2309.1</ele>
				<extensions>
					<swisstopo:routepoint_id>30583707</swisstopo:routepoint_id>
				</extensions>
			</trkpt>
			<trkpt lat="46.1461464119" lon="6.9112651595">
				<ele>2308.0</ele>
				<extensions>
					<swisstopo:routepoint_id>1857695920</swisstopo:routepoint_id>
				</extensions>
			</trkpt>
			<trkpt lat="46.1461562423" lon="6.9112311662">
				<ele>2307.3</ele>
				<extensions>
					<swisstopo:routepoint_id>1433469938</swisstopo:routepoint_id>
				</extensions>
			</trkpt>
			<trkpt lat="46.1461639953" lon="6.9112095163">
				<ele>2307.0</ele>
				<extensions>
					<swisstopo:routepoint_id>418031325</swisstopo:routepoint_id>
				</extensions>
			</trkpt>
			<trkpt lat="46.1461603191" lon="6.9111859161">
				<ele>2306.5</ele>
				<extensions>
					<swisstopo:routepoint_id>1225625107</swisstopo:routepoint_id>
				</extensions>
			</trkpt>
			<trkpt lat="46.1461453044" lon="6.9111799050">
				<ele>2306.1</ele>
				<extensions>
					<swisstopo:routepoint_id>555502888</swisstopo:routepoint_id>
				</extensions>
			</trkpt>
			<trkpt lat="46.1461373040" lon="6.9111501910">
				<ele>2305.2</ele>
				<extensions>
					<swisstopo:routepoint_id>387824619</swisstopo:routepoint_id>
				</extensions>
			</trkpt>
			<trkpt lat="46.1461464467" lon="6.9111213359">
				<ele>2304.5</ele>
				<extensions>
					<swisstopo:routepoint_id>255824959</swisstopo:routepoint_id>
				</extensions>
			</trkpt>
			<trkpt lat="46.1461511960" lon="6.9110658034">
				<ele>2303.4</ele>
				<extensions>
					<swisstopo:routepoint_id>1438485555</swisstopo:routepoint_id>
				</extensions>
			</trkpt>
			<trkpt lat="46.1461323778" lon="6.9110125705">
				<ele>2302.1</ele>
				<extensions>
					<swisstopo:routepoint_id>1224152545</swisstopo:routepoint_id>
				</extensions>
			</trkpt>
			<trkpt lat="46.1460963726" lon="6.9109471795">
				<ele>2300.5</ele>
				<extensions>
					<swisstopo:routepoint_id>1847033990</swisstopo:routepoint_id>
				</extensions>
			</trkpt>
			<trkpt lat="46.1460661147" lon="6.9108878759">
				<ele>2299.7</ele>
				<extensions>
					<swisstopo:routepoint_id>552345532</swisstopo:routepoint_id>
				</extensions>
			</trkpt>
			<trkpt lat="46.1460265246" lon="6.9108204467">
				<ele>2299.1</ele>
				<extensions>
					<swisstopo:routepoint_id>348342522</swisstopo:routepoint_id>
				</extensions>
			</trkpt>
			<trkpt lat="46.1459962149" lon="6.9107519170">
				<ele>2298.7</ele>
				<extensions>
					<swisstopo:routepoint_id>1117652633</swisstopo:routepoint_id>
				</extensions>
			</trkpt>
			<trkpt lat="46.1459825086" lon="6.9107212342">
				<ele>2298.3</ele>
				<extensions>
					<swisstopo:routepoint_id>1444669945</swisstopo:routepoint_id>
				</extensions>
			</trkpt>
			<trkpt lat="46.1459707832" lon="6.9106555974">
				<ele>2297.7</ele>
				<extensions>
					<swisstopo:routepoint_id>959151361</swisstopo:routepoint_id>
				</extensions>
			</trkpt>
			<trkpt lat="46.1459563661" lon="6.9106269564">
				<ele>2297.1</ele>
				<extensions>
					<swisstopo:routepoint_id>910568669</swisstopo:routepoint_id>
				</extensions>
			</trkpt>
			<trkpt lat="46.1459418869" lon="6.9105849815">
				<ele>2296.6</ele>
				<extensions>
					<swisstopo:routepoint_id>1236642905</swisstopo:routepoint_id>
				</extensions>
			</trkpt>
			<trkpt lat="46.1459344920" lon="6.9105306025">
				<ele>2296.0</ele>
				<extensions>
					<swisstopo:routepoint_id>829960310</swisstopo:routepoint_id>
				</extensions>
			</trkpt>
			<trkpt lat="46.1459086783" lon="6.9105051805">
				<ele>2295.9</ele>
				<extensions>
					<swisstopo:routepoint_id>206147503</swisstopo:routepoint_id>
				</extensions>
			</trkpt>
			<trkpt lat="46.1458850230" lon="6.9104848440">
				<ele>2295.9</ele>
				<extensions>
					<swisstopo:routepoint_id>581124637</swisstopo:routepoint_id>
				</extensions>
			</trkpt>
			<trkpt lat="46.1458598030" lon="6.9104378412">
				<ele>2296.2</ele>
				<extensions>
					<swisstopo:routepoint_id>389742741</swisstopo:routepoint_id>
				</extensions>
			</trkpt>
			<trkpt lat="46.1458296021" lon="6.9103908736">
				<ele>2296.0</ele>
				<extensions>
					<swisstopo:routepoint_id>864536449</swisstopo:routepoint_id>
				</extensions>
			</trkpt>
			<trkpt lat="46.1458044377" lon="6.9103520857">
				<ele>2295.6</ele>
				<extensions>
					<swisstopo:routepoint_id>1865795249</swisstopo:routepoint_id>
				</extensions>
			</trkpt>
			<trkpt lat="46.1457792174" lon="6.9103050575">
				<ele>2295.1</ele>
				<extensions>
					<swisstopo:routepoint_id>792176886</swisstopo:routepoint_id>
				</extensions>
			</trkpt>
			<trkpt lat="46.1457518436" lon="6.9102539678">
				<ele>2294.5</ele>
				<extensions>
					<swisstopo:routepoint_id>1741850970</swisstopo:routepoint_id>
				</extensions>
			</trkpt>
			<trkpt lat="46.1457380225" lon="6.9101986146">
				<ele>2294.0</ele>
				<extensions>
					<swisstopo:routepoint_id>1453651206</swisstopo:routepoint_id>
				</extensions>
			</trkpt>
			<trkpt lat="46.1457243351" lon="6.9101720522">
				<ele>2293.6</ele>
				<extensions>
					<swisstopo:routepoint_id>381106080</swisstopo:routepoint_id>
				</extensions>
			</trkpt>
			<trkpt lat="46.1457006519" lon="6.9101476212">
				<ele>2293.3</ele>
				<extensions>
					<swisstopo:routepoint_id>445695488</swisstopo:routepoint_id>
				</extensions>
			</trkpt>
			<trkpt lat="46.1456862482" lon="6.9101200040">
				<ele>2293.1</ele>
				<extensions>
					<swisstopo:routepoint_id>743283041</swisstopo:routepoint_id>
				</extensions>
			</trkpt>
			<trkpt lat="46.1456645880" lon="6.9100678231">
				<ele>2293.1</ele>
				<extensions>
					<swisstopo:routepoint_id>2058469973</swisstopo:routepoint_id>
				</extensions>
			</trkpt>
			<trkpt lat="46.1456456640" lon="6.9099919929">
				<ele>2292.6</ele>
				<extensions>
					<swisstopo:routepoint_id>1688772675</swisstopo:routepoint_id>
				</extensions>
			</trkpt>
			<trkpt lat="46.1456332028" lon="6.9099212321">
				<ele>2292.3</ele>
				<extensions>
					<swisstopo:routepoint_id>2117812979</swisstopo:routepoint_id>
				</extensions>
			</trkpt>
			<trkpt lat="46.1456052083" lon="6.9098613895">
				<ele>2292.1</ele>
				<extensions>
					<swisstopo:routepoint_id>1769912168</swisstopo:routepoint_id>
				</extensions>
			</trkpt>
			<trkpt lat="46.1455792576" lon="6.9097820378">
				<ele>2291.9</ele>
				<extensions>
					<swisstopo:routepoint_id>357486861</swisstopo:routepoint_id>
				</extensions>
			</trkpt>
			<trkpt lat="46.1455419485" lon="6.9096933541">
				<ele>2291.2</ele>
				<extensions>
					<swisstopo:routepoint_id>2129999993</swisstopo:routepoint_id>
				</extensions>
			</trkpt>
			<trkpt lat="46.1455152327" lon="6.9095780387">
				<ele>2290.6</ele>
				<extensions>
					<swisstopo:routepoint_id>1803900556</swisstopo:routepoint_id>
				</extensions>
			</trkpt>
			<trkpt lat="46.1455017851" lon="6.9095011196">
				<ele>2290.1</ele>
				<extensions>
					<swisstopo:routepoint_id>1624870944</swisstopo:routepoint_id>
				</extensions>
			</trkpt>
			<trkpt lat="46.1454873788" lon="6.9094730100">
				<ele>2289.8</ele>
				<extensions>
					<swisstopo:routepoint_id>1270545295</swisstopo:routepoint_id>
				</extensions>
			</trkpt>
			<trkpt lat="46.1454543052" lon="6.9093997055">
				<ele>2289.7</ele>
				<extensions>
					<swisstopo:routepoint_id>491363430</swisstopo:routepoint_id>
				</extensions>
			</trkpt>
			<trkpt lat="46.1454254599" lon="6.9093383425">
				<ele>2289.8</ele>
				<extensions>
					<swisstopo:routepoint_id>1234573592</swisstopo:routepoint_id>
				</extensions>
			</trkpt>
			<trkpt lat="46.1454104675" lon="6.9093145232">
				<ele>2289.9</ele>
				<extensions>
					<swisstopo:routepoint_id>642261402</swisstopo:routepoint_id>
				</extensions>
			</trkpt>
			<trkpt lat="46.1453870995" lon="6.9092804964">
				<ele>2290.1</ele>
				<extensions>
					<swisstopo:routepoint_id>1011746164</swisstopo:routepoint_id>
				</extensions>
			</trkpt>
			<trkpt lat="46.1453625697" lon="6.9092516250">
				<ele>2290.3</ele>
				<extensions>
					<swisstopo:routepoint_id>1670566606</swisstopo:routepoint_id>
				</extensions>
			</trkpt>
			<trkpt lat="46.1453367621" lon="6.9092030741">
				<ele>2290.6</ele>
				<extensions>
					<swisstopo:routepoint_id>642926209</swisstopo:routepoint_id>
				</extensions>
			</trkpt>
			<trkpt lat="46.1453235297" lon="6.9091723875">
				<ele>2290.6</ele>
				<extensions>
					<swisstopo:routepoint_id>1963911857</swisstopo:routepoint_id>
				</extensions>
			</trkpt>
			<trkpt lat="46.1452922798" lon="6.9091059163">
				<ele>2290.3</ele>
				<extensions>
					<swisstopo:routepoint_id>103229798</swisstopo:routepoint_id>
				</extensions>
			</trkpt>
			<trkpt lat="46.1452795481" lon="6.9090563799">
				<ele>2289.4</ele>
				<extensions>
					<swisstopo:routepoint_id>478516659</swisstopo:routepoint_id>
				</extensions>
			</trkpt>
			<trkpt lat="46.1452633378" lon="6.9090257221">
				<ele>2288.4</ele>
				<extensions>
					<swisstopo:routepoint_id>846397941</swisstopo:routepoint_id>
				</extensions>
			</trkpt>
			<trkpt lat="46.1452341514" lon="6.9090174470">
				<ele>2287.2</ele>
				<extensions>
					<swisstopo:routepoint_id>995914437</swisstopo:routepoint_id>
				</extensions>
			</trkpt>
			<trkpt lat="46.1452132118" lon="6.9089936728">
				<ele>2286.8</ele>
				<extensions>
					<swisstopo:routepoint_id>1925728682</swisstopo:routepoint_id>
				</extensions>
			</trkpt>
			<trkpt lat="46.1451898517" lon="6.9089613651">
				<ele>2286.1</ele>
				<extensions>
					<swisstopo:routepoint_id>1522915204</swisstopo:routepoint_id>
				</extensions>
			</trkpt>
			<trkpt lat="46.1451880006" lon="6.9089468352">
				<ele>2285.7</ele>
				<extensions>
					<swisstopo:routepoint_id>557437174</swisstopo:routepoint_id>
				</extensions>
			</trkpt>
			<trkpt lat="46.1451747920" lon="6.9089212675">
				<ele>2284.9</ele>
				<extensions>
					<swisstopo:routepoint_id>2098324144</swisstopo:routepoint_id>
				</extensions>
			</trkpt>
			<trkpt lat="46.1451414570" lon="6.9089181766">
				<ele>2284.1</ele>
				<extensions>
					<swisstopo:routepoint_id>314957936</swisstopo:routepoint_id>
				</extensions>
			</trkpt>
			<trkpt lat="46.1451080779" lon="6.9089056448">
				<ele>2283.3</ele>
				<extensions>
					<swisstopo:routepoint_id>1190609126</swisstopo:routepoint_id>
				</extensions>
			</trkpt>
			<trkpt lat="46.1450853472" lon="6.9088801943">
				<ele>2283.0</ele>
				<extensions>
					<swisstopo:routepoint_id>1618956888</swisstopo:routepoint_id>
				</extensions>
			</trkpt>
			<trkpt lat="46.1450756812" lon="6.9088494608">
				<ele>2283.0</ele>
				<extensions>
					<swisstopo:routepoint_id>1797481491</swisstopo:routepoint_id>
				</extensions>
			</trkpt>
			<trkpt lat="46.1450737262" lon="6.9088126620">
				<ele>2282.6</ele>
				<extensions>
					<swisstopo:routepoint_id>551831491</swisstopo:routepoint_id>
				</extensions>
			</trkpt>
			<trkpt lat="46.1450723646" lon="6.9087750105">
				<ele>2282.1</ele>
				<extensions>
					<swisstopo:routepoint_id>2007860407</swisstopo:routepoint_id>
				</extensions>
			</trkpt>
			<trkpt lat="46.1450750221" lon="6.9087082125">
				<ele>2281.6</ele>
				<extensions>
					<swisstopo:routepoint_id>1383775110</swisstopo:routepoint_id>
				</extensions>
			</trkpt>
			<trkpt lat="46.1450682221" lon="6.9086534876">
				<ele>2280.9</ele>
				<extensions>
					<swisstopo:routepoint_id>939598443</swisstopo:routepoint_id>
				</extensions>
			</trkpt>
			<trkpt lat="46.1450401576" lon="6.9086315137">
				<ele>2280.3</ele>
				<extensions>
					<swisstopo:routepoint_id>635982966</swisstopo:routepoint_id>
				</extensions>
			</trkpt>
			<trkpt lat="46.1450066547" lon="6.9085924539">
				<ele>2279.6</ele>
				<extensions>
					<swisstopo:routepoint_id>809991957</swisstopo:routepoint_id>
				</extensions>
			</trkpt>
			<trkpt lat="46.1449630241" lon="6.9085517731">
				<ele>2278.9</ele>
				<extensions>
					<swisstopo:routepoint_id>88850546</swisstopo:routepoint_id>
				</extensions>
			</trkpt>
			<trkpt lat="46.1449384660" lon="6.9085169117">
				<ele>2278.8</ele>
				<extensions>
					<swisstopo:routepoint_id>1498912329</swisstopo:routepoint_id>
				</extensions>
			</trkpt>
			<trkpt lat="46.1449198191" lon="6.9084742958">
				<ele>2278.7</ele>
				<extensions>
					<swisstopo:routepoint_id>587079121</swisstopo:routepoint_id>
				</extensions>
			</trkpt>
			<trkpt lat="46.1449178879" lon="6.9084426283">
				<ele>2278.1</ele>
				<extensions>
					<swisstopo:routepoint_id>1111917045</swisstopo:routepoint_id>
				</extensions>
			</trkpt>
			<trkpt lat="46.1448980751" lon="6.9084043086">
				<ele>2277.8</ele>
				<extensions>
					<swisstopo:routepoint_id>1748514199</swisstopo:routepoint_id>
				</extensions>
			</trkpt>
			<trkpt lat="46.1448710605" lon="6.9083531917">
				<ele>2277.9</ele>
				<extensions>
					<swisstopo:routepoint_id>1816016309</swisstopo:routepoint_id>
				</extensions>
			</trkpt>
			<trkpt lat="46.1448368202" lon="6.9082841848">
				<ele>2278.4</ele>
				<extensions>
					<swisstopo:routepoint_id>296797349</swisstopo:routepoint_id>
				</extensions>
			</trkpt>
			<trkpt lat="46.1448157406" lon="6.9082304577">
				<ele>2278.8</ele>
				<extensions>
					<swisstopo:routepoint_id>751068345</swisstopo:routepoint_id>
				</extensions>
			</trkpt>
			<trkpt lat="46.1447917637" lon="6.9081921529">
				<ele>2279.6</ele>
				<extensions>
					<swisstopo:routepoint_id>123601342</swisstopo:routepoint_id>
				</extensions>
			</trkpt>
			<trkpt lat="46.1447755331" lon="6.9081572112">
				<ele>2279.7</ele>
				<extensions>
					<swisstopo:routepoint_id>545087692</swisstopo:routepoint_id>
				</extensions>
			</trkpt>
			<trkpt lat="46.1447299913" lon="6.9080891732">
				<ele>2278.9</ele>
				<extensions>
					<swisstopo:routepoint_id>163454315</swisstopo:routepoint_id>
				</extensions>
			</trkpt>
			<trkpt lat="46.1447102510" lon="6.9080645284">
				<ele>2278.5</ele>
				<extensions>
					<swisstopo:routepoint_id>696373495</swisstopo:routepoint_id>
				</extensions>
			</trkpt>
			<trkpt lat="46.1446798130" lon="6.9080459905">
				<ele>2277.9</ele>
				<extensions>
					<swisstopo:routepoint_id>984022606</swisstopo:routepoint_id>
				</extensions>
			</trkpt>
			<trkpt lat="46.1446565566" lon="6.9080359399">
				<ele>2277.6</ele>
				<extensions>
					<swisstopo:routepoint_id>1158322323</swisstopo:routepoint_id>
				</extensions>
			</trkpt>
			<trkpt lat="46.1446237509" lon="6.9080182845">
				<ele>2277.2</ele>
				<extensions>
					<swisstopo:routepoint_id>634590475</swisstopo:routepoint_id>
				</extensions>
			</trkpt>
			<trkpt lat="46.1446057890" lon="6.9079944946">
				<ele>2276.8</ele>
				<extensions>
					<swisstopo:routepoint_id>1232409970</swisstopo:routepoint_id>
				</extensions>
			</trkpt>
			<trkpt lat="46.1445985194" lon="6.9079671762">
				<ele>2276.5</ele>
				<extensions>
					<swisstopo:routepoint_id>1283427034</swisstopo:routepoint_id>
				</extensions>
			</trkpt>
			<trkpt lat="46.1445721939" lon="6.9079357448">
				<ele>2275.9</ele>
				<extensions>
					<swisstopo:routepoint_id>2056202194</swisstopo:routepoint_id>
				</extensions>
			</trkpt>
			<trkpt lat="46.1445435079" lon="6.9079086208">
				<ele>2275.1</ele>
				<extensions>
					<swisstopo:routepoint_id>215164585</swisstopo:routepoint_id>
				</extensions>
			</trkpt>
			<trkpt lat="46.1445261434" lon="6.9078848253">
				<ele>2274.6</ele>
				<extensions>
					<swisstopo:routepoint_id>1484864796</swisstopo:routepoint_id>
				</extensions>
			</trkpt>
			<trkpt lat="46.1444986473" lon="6.9078585620">
				<ele>2273.8</ele>
				<extensions>
					<swisstopo:routepoint_id>1675066817</swisstopo:routepoint_id>
				</extensions>
			</trkpt>
			<trkpt lat="46.1444741529" lon="6.9078373886">
				<ele>2273.2</ele>
				<extensions>
					<swisstopo:routepoint_id>1479840732</swisstopo:routepoint_id>
				</extensions>
			</trkpt>
			<trkpt lat="46.1444406738" lon="6.9078034608">
				<ele>2272.3</ele>
				<extensions>
					<swisstopo:routepoint_id>838280036</swisstopo:routepoint_id>
				</extensions>
			</trkpt>
			<trkpt lat="46.1444213492" lon="6.9077437264">
				<ele>2271.7</ele>
				<extensions>
					<swisstopo:routepoint_id>390141361</swisstopo:routepoint_id>
				</extensions>
			</trkpt>
			<trkpt lat="46.1444051025" lon="6.9077053726">
				<ele>2271.1</ele>
				<extensions>
					<swisstopo:routepoint_id>183249937</swisstopo:routepoint_id>
				</extensions>
			</trkpt>
			<trkpt lat="46.1443811695" lon="6.9076764968">
				<ele>2270.1</ele>
				<extensions>
					<swisstopo:routepoint_id>193715027</swisstopo:routepoint_id>
				</extensions>
			</trkpt>
			<trkpt lat="46.1443595403" lon="6.9076330384">
				<ele>2269.4</ele>
				<extensions>
					<swisstopo:routepoint_id>1601648196</swisstopo:routepoint_id>
				</extensions>
			</trkpt>
			<trkpt lat="46.1443356593" lon="6.9076152969">
				<ele>2268.8</ele>
				<extensions>
					<swisstopo:routepoint_id>832665264</swisstopo:routepoint_id>
				</extensions>
			</trkpt>
			<trkpt lat="46.1442998996" lon="6.9076028019">
				<ele>2268.4</ele>
				<extensions>
					<swisstopo:routepoint_id>630993450</swisstopo:routepoint_id>
				</extensions>
			</trkpt>
			<trkpt lat="46.1442592587" lon="6.9075646590">
				<ele>2267.7</ele>
				<extensions>
					<swisstopo:routepoint_id>483531214</swisstopo:routepoint_id>
				</extensions>
			</trkpt>
			<trkpt lat="46.1442461179" lon="6.9075536640">
				<ele>2267.4</ele>
				<extensions>
					<swisstopo:routepoint_id>1348163473</swisstopo:routepoint_id>
				</extensions>
			</trkpt>
			<trkpt lat="46.1442234508" lon="6.9075418891">
				<ele>2267.1</ele>
				<extensions>
					<swisstopo:routepoint_id>36878887</swisstopo:routepoint_id>
				</extensions>
			</trkpt>
			<trkpt lat="46.1442150312" lon="6.9075222917">
				<ele>2267.2</ele>
				<extensions>
					<swisstopo:routepoint_id>1422628655</swisstopo:routepoint_id>
				</extensions>
			</trkpt>
			<trkpt lat="46.1441981919" lon="6.9074830718">
				<ele>2267.7</ele>
				<extensions>
					<swisstopo:routepoint_id>1653852768</swisstopo:routepoint_id>
				</extensions>
			</trkpt>
			<trkpt lat="46.1441825063" lon="6.9074369905">
				<ele>2268.3</ele>
				<extensions>
					<swisstopo:routepoint_id>116244213</swisstopo:routepoint_id>
				</extensions>
			</trkpt>
			<trkpt lat="46.1441567093" lon="6.9073927387">
				<ele>2268.5</ele>
				<extensions>
					<swisstopo:routepoint_id>344227833</swisstopo:routepoint_id>
				</extensions>
			</trkpt>
			<trkpt lat="46.1441392557" lon="6.9073518060">
				<ele>2268.9</ele>
				<extensions>
					<swisstopo:routepoint_id>140698740</swisstopo:routepoint_id>
				</extensions>
			</trkpt>
			<trkpt lat="46.1441224764" lon="6.9073254267">
				<ele>2268.7</ele>
				<extensions>
					<swisstopo:routepoint_id>733426360</swisstopo:routepoint_id>
				</extensions>
			</trkpt>
			<trkpt lat="46.1441062055" lon="6.9072819296">
				<ele>2268.5</ele>
				<extensions>
					<swisstopo:routepoint_id>1758202440</swisstopo:routepoint_id>
				</extensions>
			</trkpt>
			<trkpt lat="46.1440887287" lon="6.9072341595">
				<ele>2267.8</ele>
				<extensions>
					<swisstopo:routepoint_id>966836406</swisstopo:routepoint_id>
				</extensions>
			</trkpt>
			<trkpt lat="46.1440962915" lon="6.9071964097">
				<ele>2267.4</ele>
				<extensions>
					<swisstopo:routepoint_id>1460121525</swisstopo:routepoint_id>
				</extensions>
			</trkpt>
			<trkpt lat="46.1440818551" lon="6.9071657360">
				<ele>2266.9</ele>
				<extensions>
					<swisstopo:routepoint_id>1523015274</swisstopo:routepoint_id>
				</extensions>
			</trkpt>
			<trkpt lat="46.1440645144" lon="6.9071470721">
				<ele>2266.5</ele>
				<extensions>
					<swisstopo:routepoint_id>457518562</swisstopo:routepoint_id>
				</extensions>
			</trkpt>
			<trkpt lat="46.1440471297" lon="6.9071189926">
				<ele>2266.1</ele>
				<extensions>
					<swisstopo:routepoint_id>951170690</swisstopo:routepoint_id>
				</extensions>
			</trkpt>
			<trkpt lat="46.1440361933" lon="6.9070703124">
				<ele>2265.8</ele>
				<extensions>
					<swisstopo:routepoint_id>263780414</swisstopo:routepoint_id>
				</extensions>
			</trkpt>
			<trkpt lat="46.1440227839" lon="6.9070019523">
				<ele>2265.8</ele>
				<extensions>
					<swisstopo:routepoint_id>1859243073</swisstopo:routepoint_id>
				</extensions>
			</trkpt>
			<trkpt lat="46.1440130692" lon="6.9069609447">
				<ele>2265.9</ele>
				<extensions>
					<swisstopo:routepoint_id>1111609418</swisstopo:routepoint_id>
				</extensions>
			</trkpt>
			<trkpt lat="46.1439974798" lon="6.9069354263">
				<ele>2265.6</ele>
				<extensions>
					<swisstopo:routepoint_id>225969102</swisstopo:routepoint_id>
				</extensions>
			</trkpt>
			<trkpt lat="46.1439890119" lon="6.9069055289">
				<ele>2265.6</ele>
				<extensions>
					<swisstopo:routepoint_id>2099837700</swisstopo:routepoint_id>
				</extensions>
			</trkpt>
			<trkpt lat="46.1439828356" lon="6.9068585091">
				<ele>2265.5</ele>
				<extensions>
					<swisstopo:routepoint_id>301286297</swisstopo:routepoint_id>
				</extensions>
			</trkpt>
			<trkpt lat="46.1439884707" lon="6.9067899770">
				<ele>2265.2</ele>
				<extensions>
					<swisstopo:routepoint_id>1793697669</swisstopo:routepoint_id>
				</extensions>
			</trkpt>
			<trkpt lat="46.1440068530" lon="6.9067778172">
				<ele>2264.7</ele>
				<extensions>
					<swisstopo:routepoint_id>745024297</swisstopo:routepoint_id>
				</extensions>
			</trkpt>
			<trkpt lat="46.1440282340" lon="6.9067681814">
				<ele>2264.4</ele>
				<extensions>
					<swisstopo:routepoint_id>983514408</swisstopo:routepoint_id>
				</extensions>
			</trkpt>
			<trkpt lat="46.1440458834" lon="6.9067252152">
				<ele>2263.4</ele>
				<extensions>
					<swisstopo:routepoint_id>864699551</swisstopo:routepoint_id>
				</extensions>
			</trkpt>
			<trkpt lat="46.1440565080" lon="6.9067054081">
				<ele>2262.6</ele>
				<extensions>
					<swisstopo:routepoint_id>733213891</swisstopo:routepoint_id>
				</extensions>
			</trkpt>
			<trkpt lat="46.1440832179" lon="6.9066931676">
				<ele>2261.9</ele>
				<extensions>
					<swisstopo:routepoint_id>523658071</swisstopo:routepoint_id>
				</extensions>
			</trkpt>
			<trkpt lat="46.1440962425" lon="6.9066793533">
				<ele>2261.5</ele>
				<extensions>
					<swisstopo:routepoint_id>1820287719</swisstopo:routepoint_id>
				</extensions>
			</trkpt>
			<trkpt lat="46.1440853580" lon="6.9066417950">
				<ele>2260.9</ele>
				<extensions>
					<swisstopo:routepoint_id>678328285</swisstopo:routepoint_id>
				</extensions>
			</trkpt>
			<trkpt lat="46.1440643264" lon="6.9065966253">
				<ele>2259.9</ele>
				<extensions>
					<swisstopo:routepoint_id>2052971862</swisstopo:routepoint_id>
				</extensions>
			</trkpt>
			<trkpt lat="46.1440612081" lon="6.9065666888">
				<ele>2259.3</ele>
				<extensions>
					<swisstopo:routepoint_id>566668380</swisstopo:routepoint_id>
				</extensions>
			</trkpt>
			<trkpt lat="46.1440418105" lon="6.9064915366">
				<ele>2257.7</ele>
				<extensions>
					<swisstopo:routepoint_id>1774803030</swisstopo:routepoint_id>
				</extensions>
			</trkpt>
			<trkpt lat="46.1440260492" lon="6.9064274838">
				<ele>2256.5</ele>
				<extensions>
					<swisstopo:routepoint_id>1189673800</swisstopo:routepoint_id>
				</extensions>
			</trkpt>
			<trkpt lat="46.1440127993" lon="6.9063950799">
				<ele>2256.0</ele>
				<extensions>
					<swisstopo:routepoint_id>1977616117</swisstopo:routepoint_id>
				</extensions>
			</trkpt>
			<trkpt lat="46.1440006638" lon="6.9063455522">
				<ele>2255.2</ele>
				<extensions>
					<swisstopo:routepoint_id>1836218101</swisstopo:routepoint_id>
				</extensions>
			</trkpt>
			<trkpt lat="46.1439896747" lon="6.9062857380">
				<ele>2254.6</ele>
				<extensions>
					<swisstopo:routepoint_id>1325117013</swisstopo:routepoint_id>
				</extensions>
			</trkpt>
			<trkpt lat="46.1439739365" lon="6.9062285229">
				<ele>2254.3</ele>
				<extensions>
					<swisstopo:routepoint_id>1541662124</swisstopo:routepoint_id>
				</extensions>
			</trkpt>
			<trkpt lat="46.1439689507" lon="6.9061806448">
				<ele>2255.0</ele>
				<extensions>
					<swisstopo:routepoint_id>315563681</swisstopo:routepoint_id>
				</extensions>
			</trkpt>
			<trkpt lat="46.1439562746" lon="6.9061413724">
				<ele>2255.0</ele>
				<extensions>
					<swisstopo:routepoint_id>1753194424</swisstopo:routepoint_id>
				</extensions>
			</trkpt>
			<trkpt lat="46.1439298557" lon="6.9060919833">
				<ele>2254.6</ele>
				<extensions>
					<swisstopo:routepoint_id>1150062832</swisstopo:routepoint_id>
				</extensions>
			</trkpt>
			<trkpt lat="46.1439191001" lon="6.9060801061">
				<ele>2254.4</ele>
				<extensions>
					<swisstopo:routepoint_id>630373469</swisstopo:routepoint_id>
				</extensions>
			</trkpt>
			<trkpt lat="46.1438968850" lon="6.9060392329">
				<ele>2253.9</ele>
				<extensions>
					<swisstopo:routepoint_id>548567720</swisstopo:routepoint_id>
				</extensions>
			</trkpt>
			<trkpt lat="46.1438649764" lon="6.9059582117">
				<ele>2253.2</ele>
				<extensions>
					<swisstopo:routepoint_id>1742219795</swisstopo:routepoint_id>
				</extensions>
			</trkpt>
			<trkpt lat="46.1438451177" lon="6.9059121716">
				<ele>2253.0</ele>
				<extensions>
					<swisstopo:routepoint_id>1539259251</swisstopo:routepoint_id>
				</extensions>
			</trkpt>
			<trkpt lat="46.1438317727" lon="6.9058558056">
				<ele>2253.0</ele>
				<extensions>
					<swisstopo:routepoint_id>539677676</swisstopo:routepoint_id>
				</extensions>
			</trkpt>
			<trkpt lat="46.1438280207" lon="6.9058181783">
				<ele>2253.2</ele>
				<extensions>
					<swisstopo:routepoint_id>1903469005</swisstopo:routepoint_id>
				</extensions>
			</trkpt>
			<trkpt lat="46.1438296754" lon="6.9057907612">
				<ele>2253.3</ele>
				<extensions>
					<swisstopo:routepoint_id>439652955</swisstopo:routepoint_id>
				</extensions>
			</trkpt>
			<trkpt lat="46.1438359587" lon="6.9057350642">
				<ele>2252.8</ele>
				<extensions>
					<swisstopo:routepoint_id>1782589636</swisstopo:routepoint_id>
				</extensions>
			</trkpt>
			<trkpt lat="46.1438534912" lon="6.9056672508">
				<ele>2250.8</ele>
				<extensions>
					<swisstopo:routepoint_id>246708278</swisstopo:routepoint_id>
				</extensions>
			</trkpt>
			<trkpt lat="46.1438688279" lon="6.9056388540">
				<ele>2249.8</ele>
				<extensions>
					<swisstopo:routepoint_id>78084085</swisstopo:routepoint_id>
				</extensions>
			</trkpt>
			<trkpt lat="46.1438828493" lon="6.9055847880">
				<ele>2247.8</ele>
				<extensions>
					<swisstopo:routepoint_id>312793363</swisstopo:routepoint_id>
				</extensions>
			</trkpt>
			<trkpt lat="46.1438958102" lon="6.9055555548">
				<ele>2247.2</ele>
				<extensions>
					<swisstopo:routepoint_id>1013259839</swisstopo:routepoint_id>
				</extensions>
			</trkpt>
			<trkpt lat="46.1439033805" lon="6.9055195238">
				<ele>2247.0</ele>
				<extensions>
					<swisstopo:routepoint_id>1666733501</swisstopo:routepoint_id>
				</extensions>
			</trkpt>
			<trkpt lat="46.1439050632" lon="6.9054981098">
				<ele>2246.6</ele>
				<extensions>
					<swisstopo:routepoint_id>749744350</swisstopo:routepoint_id>
				</extensions>
			</trkpt>
			<trkpt lat="46.1438917534" lon="6.9054511468">
				<ele>2245.7</ele>
				<extensions>
					<swisstopo:routepoint_id>921544702</swisstopo:routepoint_id>
				</extensions>
			</trkpt>
			<trkpt lat="46.1438826598" lon="6.9054152904">
				<ele>2244.8</ele>
				<extensions>
					<swisstopo:routepoint_id>1540999246</swisstopo:routepoint_id>
				</extensions>
			</trkpt>
			<trkpt lat="46.1438693292" lon="6.9053657745">
				<ele>2243.5</ele>
				<extensions>
					<swisstopo:routepoint_id>353001180</swisstopo:routepoint_id>
				</extensions>
			</trkpt>
			<trkpt lat="46.1438541718" lon="6.9053051290">
				<ele>2242.2</ele>
				<extensions>
					<swisstopo:routepoint_id>58157795</swisstopo:routepoint_id>
				</extensions>
			</trkpt>
			<trkpt lat="46.1438391872" lon="6.9052812988">
				<ele>2241.4</ele>
				<extensions>
					<swisstopo:routepoint_id>894032322</swisstopo:routepoint_id>
				</extensions>
			</trkpt>
			<trkpt lat="46.1438068731" lon="6.9052431025">
				<ele>2240.7</ele>
				<extensions>
					<swisstopo:routepoint_id>1723457694</swisstopo:routepoint_id>
				</extensions>
			</trkpt>
			<trkpt lat="46.1437787066" lon="6.9052014280">
				<ele>2239.9</ele>
				<extensions>
					<swisstopo:routepoint_id>1446367041</swisstopo:routepoint_id>
				</extensions>
			</trkpt>
			<trkpt lat="46.1437653163" lon="6.9051373530">
				<ele>2239.2</ele>
				<extensions>
					<swisstopo:routepoint_id>77005505</swisstopo:routepoint_id>
				</extensions>
			</trkpt>
			<trkpt lat="46.1437608751" lon="6.9050783349">
				<ele>2239.2</ele>
				<extensions>
					<swisstopo:routepoint_id>467398833</swisstopo:routepoint_id>
				</extensions>
			</trkpt>
			<trkpt lat="46.1437471012" lon="6.9050579182">
				<ele>2239.4</ele>
				<extensions>
					<swisstopo:routepoint_id>1812234662</swisstopo:routepoint_id>
				</extensions>
			</trkpt>
			<trkpt lat="46.1437262333" lon="6.9050495647">
				<ele>2239.2</ele>
				<extensions>
					<swisstopo:routepoint_id>2023268180</swisstopo:routepoint_id>
				</extensions>
			</trkpt>
			<trkpt lat="46.1437100300" lon="6.9050206151">
				<ele>2239.2</ele>
				<extensions>
					<swisstopo:routepoint_id>834223628</swisstopo:routepoint_id>
				</extensions>
			</trkpt>
			<trkpt lat="46.1437045829" lon="6.9050018236">
				<ele>2238.9</ele>
				<extensions>
					<swisstopo:routepoint_id>2066141774</swisstopo:routepoint_id>
				</extensions>
			</trkpt>
			<trkpt lat="46.1436920192" lon="6.9049865390">
				<ele>2238.5</ele>
				<extensions>
					<swisstopo:routepoint_id>1269677138</swisstopo:routepoint_id>
				</extensions>
			</trkpt>
			<trkpt lat="46.1436587522" lon="6.9049661855">
				<ele>2237.5</ele>
				<extensions>
					<swisstopo:routepoint_id>1548941896</swisstopo:routepoint_id>
				</extensions>
			</trkpt>
			<trkpt lat="46.1436154362" lon="6.9049665563">
				<ele>2236.7</ele>
				<extensions>
					<swisstopo:routepoint_id>1447506616</swisstopo:routepoint_id>
				</extensions>
			</trkpt>
			<trkpt lat="46.1436191614" lon="6.9049049692">
				<ele>2237.6</ele>
				<extensions>
					<swisstopo:routepoint_id>489840681</swisstopo:routepoint_id>
				</extensions>
			</trkpt>
			<trkpt lat="46.1436132767" lon="6.9048640767">
				<ele>2238.4</ele>
				<extensions>
					<swisstopo:routepoint_id>1210041053</swisstopo:routepoint_id>
				</extensions>
			</trkpt>
			<trkpt lat="46.1435851740" lon="6.9048322729">
				<ele>2239.5</ele>
				<extensions>
					<swisstopo:routepoint_id>426195514</swisstopo:routepoint_id>
				</extensions>
			</trkpt>
			<trkpt lat="46.1435463520" lon="6.9048262049">
				<ele>2239.2</ele>
				<extensions>
					<swisstopo:routepoint_id>99816203</swisstopo:routepoint_id>
				</extensions>
			</trkpt>
			<trkpt lat="46.1435232932" lon="6.9048302082">
				<ele>2238.6</ele>
				<extensions>
					<swisstopo:routepoint_id>782999917</swisstopo:routepoint_id>
				</extensions>
			</trkpt>
			<trkpt lat="46.1435075462" lon="6.9048329523">
				<ele>2238.1</ele>
				<extensions>
					<swisstopo:routepoint_id>756719293</swisstopo:routepoint_id>
				</extensions>
			</trkpt>
			<trkpt lat="46.1434803284" lon="6.9047931522">
				<ele>2238.2</ele>
				<extensions>
					<swisstopo:routepoint_id>726179942</swisstopo:routepoint_id>
				</extensions>
			</trkpt>
			<trkpt lat="46.1434475727" lon="6.9047488940">
				<ele>2237.5</ele>
				<extensions>
					<swisstopo:routepoint_id>1849943144</swisstopo:routepoint_id>
				</extensions>
			</trkpt>
			<trkpt lat="46.1434151570" lon="6.9047078048">
				<ele>2237.4</ele>
				<extensions>
					<swisstopo:routepoint_id>1491989588</swisstopo:routepoint_id>
				</extensions>
			</trkpt>
			<trkpt lat="46.1433768410" lon="6.9046617809">
				<ele>2236.1</ele>
				<extensions>
					<swisstopo:routepoint_id>1741764835</swisstopo:routepoint_id>
				</extensions>
			</trkpt>
			<trkpt lat="46.1433163407" lon="6.9045759462">
				<ele>2233.7</ele>
				<extensions>
					<swisstopo:routepoint_id>269449473</swisstopo:routepoint_id>
				</extensions>
			</trkpt>
			<trkpt lat="46.1432618844" lon="6.9045237475">
				<ele>2232.8</ele>
				<extensions>
					<swisstopo:routepoint_id>1974111489</swisstopo:routepoint_id>
				</extensions>
			</trkpt>
			<trkpt lat="46.1432101573" lon="6.9044335938">
				<ele>2231.3</ele>
				<extensions>
					<swisstopo:routepoint_id>1724544143</swisstopo:routepoint_id>
				</extensions>
			</trkpt>
			<trkpt lat="46.1431906388" lon="6.9043367819">
				<ele>2230.6</ele>
				<extensions>
					<swisstopo:routepoint_id>1581423345</swisstopo:routepoint_id>
				</extensions>
			</trkpt>
			<trkpt lat="46.1431508249" lon="6.9042823557">
				<ele>2229.7</ele>
				<extensions>
					<swisstopo:routepoint_id>1543210652</swisstopo:routepoint_id>
				</extensions>
			</trkpt>
			<trkpt lat="46.1431154042" lon="6.9042299847">
				<ele>2228.4</ele>
				<extensions>
					<swisstopo:routepoint_id>666812214</swisstopo:routepoint_id>
				</extensions>
			</trkpt>
			<trkpt lat="46.1430930499" lon="6.9041521966">
				<ele>2228.0</ele>
				<extensions>
					<swisstopo:routepoint_id>1150509286</swisstopo:routepoint_id>
				</extensions>
			</trkpt>
			<trkpt lat="46.1430619407" lon="6.9040808006">
				<ele>2226.9</ele>
				<extensions>
					<swisstopo:routepoint_id>420953272</swisstopo:routepoint_id>
				</extensions>
			</trkpt>
			<trkpt lat="46.1430145943" lon="6.9039863708">
				<ele>2225.9</ele>
				<extensions>
					<swisstopo:routepoint_id>1779266421</swisstopo:routepoint_id>
				</extensions>
			</trkpt>
			<trkpt lat="46.1430040760" lon="6.9039316595">
				<ele>2225.4</ele>
				<extensions>
					<swisstopo:routepoint_id>877268668</swisstopo:routepoint_id>
				</extensions>
			</trkpt>
			<trkpt lat="46.1429745442" lon="6.9038855634">
				<ele>2223.9</ele>
				<extensions>
					<swisstopo:routepoint_id>290352836</swisstopo:routepoint_id>
				</extensions>
			</trkpt>
			<trkpt lat="46.1429596039" lon="6.9038245509">
				<ele>2222.7</ele>
				<extensions>
					<swisstopo:routepoint_id>1435932146</swisstopo:routepoint_id>
				</extensions>
			</trkpt>
			<trkpt lat="46.1429224677" lon="6.9037194940">
				<ele>2221.6</ele>
				<extensions>
					<swisstopo:routepoint_id>479745912</swisstopo:routepoint_id>
				</extensions>
			</trkpt>
			<trkpt lat="46.1428970989" lon="6.9036396251">
				<ele>2220.2</ele>
				<extensions>
					<swisstopo:routepoint_id>1238533869</swisstopo:routepoint_id>
				</extensions>
			</trkpt>
			<trkpt lat="46.1428897425" lon="6.9036165050">
				<ele>2220.2</ele>
				<extensions>
					<swisstopo:routepoint_id>1250589694</swisstopo:routepoint_id>
				</extensions>
			</trkpt>
			<trkpt lat="46.1428850622" lon="6.9035554050">
				<ele>2219.9</ele>
				<extensions>
					<swisstopo:routepoint_id>255365200</swisstopo:routepoint_id>
				</extensions>
			</trkpt>
			<trkpt lat="46.1428936170" lon="6.9035047167">
				<ele>2219.0</ele>
				<extensions>
					<swisstopo:routepoint_id>710306239</swisstopo:routepoint_id>
				</extensions>
			</trkpt>
			<trkpt lat="46.1428817605" lon="6.9034774064">
				<ele>2218.3</ele>
				<extensions>
					<swisstopo:routepoint_id>1467900425</swisstopo:routepoint_id>
				</extensions>
			</trkpt>
			<trkpt lat="46.1427962860" lon="6.9033770302">
				<ele>2214.1</ele>
				<extensions>
					<swisstopo:routepoint_id>2108472396</swisstopo:routepoint_id>
				</extensions>
			</trkpt>
			<trkpt lat="46.1428069194" lon="6.9033554788">
				<ele>2214.3</ele>
				<extensions>
					<swisstopo:routepoint_id>593759594</swisstopo:routepoint_id>
				</extensions>
			</trkpt>
			<trkpt lat="46.1428168248" lon="6.9033379031">
				<ele>2213.7</ele>
				<extensions>
					<swisstopo:routepoint_id>301324460</swisstopo:routepoint_id>
				</extensions>
			</trkpt>
			<trkpt lat="46.1428124791" lon="6.9033235626">
				<ele>2212.9</ele>
				<extensions>
					<swisstopo:routepoint_id>1520135317</swisstopo:routepoint_id>
				</extensions>
			</trkpt>
			<trkpt lat="46.1427931731" lon="6.9033186198">
				<ele>2212.0</ele>
				<extensions>
					<swisstopo:routepoint_id>921207220</swisstopo:routepoint_id>
				</extensions>
			</trkpt>
			<trkpt lat="46.1427724055" lon="6.9033054634">
				<ele>2210.6</ele>
				<extensions>
					<swisstopo:routepoint_id>76590939</swisstopo:routepoint_id>
				</extensions>
			</trkpt>
			<trkpt lat="46.1427444573" lon="6.9032841620">
				<ele>2208.8</ele>
				<extensions>
					<swisstopo:routepoint_id>1977805436</swisstopo:routepoint_id>
				</extensions>
			</trkpt>
			<trkpt lat="46.1427172875" lon="6.9032751882">
				<ele>2207.4</ele>
				<extensions>
					<swisstopo:routepoint_id>1265072048</swisstopo:routepoint_id>
				</extensions>
			</trkpt>
			<trkpt lat="46.1426843314" lon="6.9032518756">
				<ele>2205.5</ele>
				<extensions>
					<swisstopo:routepoint_id>161708329</swisstopo:routepoint_id>
				</extensions>
			</trkpt>
			<trkpt lat="46.1426542302" lon="6.9032285478">
				<ele>2203.5</ele>
				<extensions>
					<swisstopo:routepoint_id>658424760</swisstopo:routepoint_id>
				</extensions>
			</trkpt>
			<trkpt lat="46.1426205973" lon="6.9032144934">
				<ele>2202.0</ele>
				<extensions>
					<swisstopo:routepoint_id>1502651640</swisstopo:routepoint_id>
				</extensions>
			</trkpt>
			<trkpt lat="46.1425876015" lon="6.9031809187">
				<ele>2199.7</ele>
				<extensions>
					<swisstopo:routepoint_id>413307834</swisstopo:routepoint_id>
				</extensions>
			</trkpt>
			<trkpt lat="46.1425553956" lon="6.9031658139">
				<ele>2198.3</ele>
				<extensions>
					<swisstopo:routepoint_id>2122209151</swisstopo:routepoint_id>
				</extensions>
			</trkpt>
			<trkpt lat="46.1425296005" lon="6.9031465519">
				<ele>2197.4</ele>
				<extensions>
					<swisstopo:routepoint_id>1241698150</swisstopo:routepoint_id>
				</extensions>
			</trkpt>
			<trkpt lat="46.1425109568" lon="6.9031292799">
				<ele>2196.4</ele>
				<extensions>
					<swisstopo:routepoint_id>2025023058</swisstopo:routepoint_id>
				</extensions>
			</trkpt>
			<trkpt lat="46.1424799779" lon="6.9031228838">
				<ele>2195.0</ele>
				<extensions>
					<swisstopo:routepoint_id>253878000</swisstopo:routepoint_id>
				</extensions>
			</trkpt>
			<trkpt lat="46.1424359016" lon="6.9030980117">
				<ele>2193.4</ele>
				<extensions>
					<swisstopo:routepoint_id>1531504306</swisstopo:routepoint_id>
				</extensions>
			</trkpt>
			<trkpt lat="46.1424038846" lon="6.9030484652">
				<ele>2192.1</ele>
				<extensions>
					<swisstopo:routepoint_id>1068530360</swisstopo:routepoint_id>
				</extensions>
			</trkpt>
			<trkpt lat="46.1423752056" lon="6.9030230637">
				<ele>2190.6</ele>
				<extensions>
					<swisstopo:routepoint_id>235932846</swisstopo:routepoint_id>
				</extensions>
			</trkpt>
			<trkpt lat="46.1423502682" lon="6.9030366661">
				<ele>2189.7</ele>
				<extensions>
					<swisstopo:routepoint_id>2120409773</swisstopo:routepoint_id>
				</extensions>
			</trkpt>
			<trkpt lat="46.1423238430" lon="6.9030328038">
				<ele>2187.9</ele>
				<extensions>
					<swisstopo:routepoint_id>146043121</swisstopo:routepoint_id>
				</extensions>
			</trkpt>
			<trkpt lat="46.1423038402" lon="6.9030309642">
				<ele>2186.8</ele>
				<extensions>
					<swisstopo:routepoint_id>1597428845</swisstopo:routepoint_id>
				</extensions>
			</trkpt>
			<trkpt lat="46.1422845488" lon="6.9030290925">
				<ele>2186.1</ele>
				<extensions>
					<swisstopo:routepoint_id>1976107100</swisstopo:routepoint_id>
				</extensions>
			</trkpt>
			<trkpt lat="46.1422644247" lon="6.9030015474">
				<ele>2185.0</ele>
				<extensions>
					<swisstopo:routepoint_id>384459268</swisstopo:routepoint_id>
				</extensions>
			</trkpt>
			<trkpt lat="46.1422400420" lon="6.9029781642">
				<ele>2183.9</ele>
				<extensions>
					<swisstopo:routepoint_id>506643489</swisstopo:routepoint_id>
				</extensions>
			</trkpt>
			<trkpt lat="46.1422164978" lon="6.9029835253">
				<ele>2183.3</ele>
				<extensions>
					<swisstopo:routepoint_id>1513120009</swisstopo:routepoint_id>
				</extensions>
			</trkpt>
			<trkpt lat="46.1421815233" lon="6.9029848903">
				<ele>2182.3</ele>
				<extensions>
					<swisstopo:routepoint_id>504282953</swisstopo:routepoint_id>
				</extensions>
			</trkpt>
			<trkpt lat="46.1421650529" lon="6.9029758124">
				<ele>2181.8</ele>
				<extensions>
					<swisstopo:routepoint_id>1592211460</swisstopo:routepoint_id>
				</extensions>
			</trkpt>
			<trkpt lat="46.1421498690" lon="6.9029358967">
				<ele>2180.3</ele>
				<extensions>
					<swisstopo:routepoint_id>1036718453</swisstopo:routepoint_id>
				</extensions>
			</trkpt>
			<trkpt lat="46.1421284139" lon="6.9029278786">
				<ele>2179.7</ele>
				<extensions>
					<swisstopo:routepoint_id>653749215</swisstopo:routepoint_id>
				</extensions>
			</trkpt>
			<trkpt lat="46.1421104139" lon="6.9028962182">
				<ele>2178.8</ele>
				<extensions>
					<swisstopo:routepoint_id>1617136121</swisstopo:routepoint_id>
				</extensions>
			</trkpt>
			<trkpt lat="46.1421024152" lon="6.9028654710">
				<ele>2177.8</ele>
				<extensions>
					<swisstopo:routepoint_id>1766688049</swisstopo:routepoint_id>
				</extensions>
			</trkpt>
			<trkpt lat="46.1420986936" lon="6.9028326347">
				<ele>2177.1</ele>
				<extensions>
					<swisstopo:routepoint_id>2052781072</swisstopo:routepoint_id>
				</extensions>
			</trkpt>
			<trkpt lat="46.1420933910" lon="6.9027700379">
				<ele>2175.9</ele>
				<extensions>
					<swisstopo:routepoint_id>619183141</swisstopo:routepoint_id>
				</extensions>
			</trkpt>
			<trkpt lat="46.1420873999" lon="6.9027105063">
				<ele>2174.8</ele>
				<extensions>
					<swisstopo:routepoint_id>1276874116</swisstopo:routepoint_id>
				</extensions>
			</trkpt>
			<trkpt lat="46.1420629988" lon="6.9026850632">
				<ele>2173.7</ele>
				<extensions>
					<swisstopo:routepoint_id>1556353168</swisstopo:routepoint_id>
				</extensions>
			</trkpt>
			<trkpt lat="46.1420442134" lon="6.9026359316">
				<ele>2172.6</ele>
				<extensions>
					<swisstopo:routepoint_id>1162061798</swisstopo:routepoint_id>
				</extensions>
			</trkpt>
			<trkpt lat="46.1420203638" lon="6.9025765998">
				<ele>2171.7</ele>
				<extensions>
					<swisstopo:routepoint_id>1539096959</swisstopo:routepoint_id>
				</extensions>
			</trkpt>
			<trkpt lat="46.1420130863" lon="6.9025479059">
				<ele>2171.0</ele>
				<extensions>
					<swisstopo:routepoint_id>1576812477</swisstopo:routepoint_id>
				</extensions>
			</trkpt>
			<trkpt lat="46.1420093210" lon="6.9025058187">
				<ele>2170.3</ele>
				<extensions>
					<swisstopo:routepoint_id>1266325921</swisstopo:routepoint_id>
				</extensions>
			</trkpt>
			<trkpt lat="46.1419955551" lon="6.9024648658">
				<ele>2169.6</ele>
				<extensions>
					<swisstopo:routepoint_id>1470488971</swisstopo:routepoint_id>
				</extensions>
			</trkpt>
			<trkpt lat="46.1419854558" lon="6.9024413307">
				<ele>2169.2</ele>
				<extensions>
					<swisstopo:routepoint_id>1408786678</swisstopo:routepoint_id>
				</extensions>
			</trkpt>
			<trkpt lat="46.1419744614" lon="6.9023808370">
				<ele>2168.5</ele>
				<extensions>
					<swisstopo:routepoint_id>806204743</swisstopo:routepoint_id>
				</extensions>
			</trkpt>
			<trkpt lat="46.1419663714" lon="6.9023326247">
				<ele>2168.0</ele>
				<extensions>
					<swisstopo:routepoint_id>1445290280</swisstopo:routepoint_id>
				</extensions>
			</trkpt>
			<trkpt lat="46.1419334296" lon="6.9023124093">
				<ele>2167.3</ele>
				<extensions>
					<swisstopo:routepoint_id>995566751</swisstopo:routepoint_id>
				</extensions>
			</trkpt>
			<trkpt lat="46.1419183328" lon="6.9022909832">
				<ele>2166.8</ele>
				<extensions>
					<swisstopo:routepoint_id>1043327158</swisstopo:routepoint_id>
				</extensions>
			</trkpt>
			<trkpt lat="46.1418968681" lon="6.9022809179">
				<ele>2166.3</ele>
				<extensions>
					<swisstopo:routepoint_id>2048393745</swisstopo:routepoint_id>
				</extensions>
			</trkpt>
			<trkpt lat="46.1418802326" lon="6.9022369094">
				<ele>2165.7</ele>
				<extensions>
					<swisstopo:routepoint_id>940276853</swisstopo:routepoint_id>
				</extensions>
			</trkpt>
			<trkpt lat="46.1418792733" lon="6.9022142202">
				<ele>2165.5</ele>
				<extensions>
					<swisstopo:routepoint_id>1106699360</swisstopo:routepoint_id>
				</extensions>
			</trkpt>
			<trkpt lat="46.1418691312" lon="6.9021835070">
				<ele>2164.7</ele>
				<extensions>
					<swisstopo:routepoint_id>1560304011</swisstopo:routepoint_id>
				</extensions>
			</trkpt>
			<trkpt lat="46.1418781736" lon="6.9021320562">
				<ele>2163.8</ele>
				<extensions>
					<swisstopo:routepoint_id>1784445138</swisstopo:routepoint_id>
				</extensions>
			</trkpt>
			<trkpt lat="46.1418698121" lon="6.9021008075">
				<ele>2163.3</ele>
				<extensions>
					<swisstopo:routepoint_id>2030421824</swisstopo:routepoint_id>
				</extensions>
			</trkpt>
			<trkpt lat="46.1418531888" lon="6.9020593645">
				<ele>2163.0</ele>
				<extensions>
					<swisstopo:routepoint_id>1986993582</swisstopo:routepoint_id>
				</extensions>
			</trkpt>
			<trkpt lat="46.1418512566" lon="6.9020260055">
				<ele>2163.1</ele>
				<extensions>
					<swisstopo:routepoint_id>1243351156</swisstopo:routepoint_id>
				</extensions>
			</trkpt>
			<trkpt lat="46.1418326112" lon="6.9020102507">
				<ele>2162.5</ele>
				<extensions>
					<swisstopo:routepoint_id>1088829149</swisstopo:routepoint_id>
				</extensions>
			</trkpt>
			<trkpt lat="46.1418157093" lon="6.9019842294">
				<ele>2161.5</ele>
				<extensions>
					<swisstopo:routepoint_id>404977956</swisstopo:routepoint_id>
				</extensions>
			</trkpt>
			<trkpt lat="46.1418073673" lon="6.9019570879">
				<ele>2161.1</ele>
				<extensions>
					<swisstopo:routepoint_id>557498431</swisstopo:routepoint_id>
				</extensions>
			</trkpt>
			<trkpt lat="46.1418050530" lon="6.9019191071">
				<ele>2160.0</ele>
				<extensions>
					<swisstopo:routepoint_id>2109951506</swisstopo:routepoint_id>
				</extensions>
			</trkpt>
			<trkpt lat="46.1418017263" lon="6.9018955058">
				<ele>2159.3</ele>
				<extensions>
					<swisstopo:routepoint_id>1918895215</swisstopo:routepoint_id>
				</extensions>
			</trkpt>
			<trkpt lat="46.1417966066" lon="6.9018698747">
				<ele>2158.6</ele>
				<extensions>
					<swisstopo:routepoint_id>891076478</swisstopo:routepoint_id>
				</extensions>
			</trkpt>
			<trkpt lat="46.1417711214" lon="6.9018418772">
				<ele>2157.4</ele>
				<extensions>
					<swisstopo:routepoint_id>81700073</swisstopo:routepoint_id>
				</extensions>
			</trkpt>
			<trkpt lat="46.1417513816" lon="6.9018194730">
				<ele>2156.4</ele>
				<extensions>
					<swisstopo:routepoint_id>1618890909</swisstopo:routepoint_id>
				</extensions>
			</trkpt>
			<trkpt lat="46.1417291250" lon="6.9017924551">
				<ele>2155.5</ele>
				<extensions>
					<swisstopo:routepoint_id>1196947594</swisstopo:routepoint_id>
				</extensions>
			</trkpt>
			<trkpt lat="46.1416985637" lon="6.9017480776">
				<ele>2154.4</ele>
				<extensions>
					<swisstopo:routepoint_id>1857381998</swisstopo:routepoint_id>
				</extensions>
			</trkpt>
			<trkpt lat="46.1416841556" lon="6.9017199719">
				<ele>2154.1</ele>
				<extensions>
					<swisstopo:routepoint_id>1249221010</swisstopo:routepoint_id>
				</extensions>
			</trkpt>
			<trkpt lat="46.1416771239" lon="6.9016671366">
				<ele>2153.6</ele>
				<extensions>
					<swisstopo:routepoint_id>1761810778</swisstopo:routepoint_id>
				</extensions>
			</trkpt>
			<trkpt lat="46.1416711600" lon="6.9016153146">
				<ele>2152.9</ele>
				<extensions>
					<swisstopo:routepoint_id>1026890010</swisstopo:routepoint_id>
				</extensions>
			</trkpt>
			<trkpt lat="46.1416569939" lon="6.9015641037">
				<ele>2152.7</ele>
				<extensions>
					<swisstopo:routepoint_id>414301712</swisstopo:routepoint_id>
				</extensions>
			</trkpt>
			<trkpt lat="46.1416326215" lon="6.9015448160">
				<ele>2152.5</ele>
				<extensions>
					<swisstopo:routepoint_id>1497398415</swisstopo:routepoint_id>
				</extensions>
			</trkpt>
			<trkpt lat="46.1416178629" lon="6.9015187613">
				<ele>2152.2</ele>
				<extensions>
					<swisstopo:routepoint_id>1311041805</swisstopo:routepoint_id>
				</extensions>
			</trkpt>
			<trkpt lat="46.1416047635" lon="6.9014665036">
				<ele>2151.5</ele>
				<extensions>
					<swisstopo:routepoint_id>522031400</swisstopo:routepoint_id>
				</extensions>
			</trkpt>
			<trkpt lat="46.1415825556" lon="6.9014497731">
				<ele>2151.1</ele>
				<extensions>
					<swisstopo:routepoint_id>1920078467</swisstopo:routepoint_id>
				</extensions>
			</trkpt>
			<trkpt lat="46.1415363971" lon="6.9014286513">
				<ele>2150.3</ele>
				<extensions>
					<swisstopo:routepoint_id>1955427044</swisstopo:routepoint_id>
				</extensions>
			</trkpt>
			<trkpt lat="46.1414988340" lon="6.9014120712">
				<ele>2149.7</ele>
				<extensions>
					<swisstopo:routepoint_id>689197045</swisstopo:routepoint_id>
				</extensions>
			</trkpt>
			<trkpt lat="46.1414676291" lon="6.9013820827">
				<ele>2149.2</ele>
				<extensions>
					<swisstopo:routepoint_id>1230113302</swisstopo:routepoint_id>
				</extensions>
			</trkpt>
			<trkpt lat="46.1414536087" lon="6.9013616700">
				<ele>2148.9</ele>
				<extensions>
					<swisstopo:routepoint_id>326789183</swisstopo:routepoint_id>
				</extensions>
			</trkpt>
			<trkpt lat="46.1414259717" lon="6.9013300795">
				<ele>2148.4</ele>
				<extensions>
					<swisstopo:routepoint_id>125237149</swisstopo:routepoint_id>
				</extensions>
			</trkpt>
			<trkpt lat="46.1414012651" lon="6.9013144098">
				<ele>2147.8</ele>
				<extensions>
					<swisstopo:routepoint_id>1850290708</swisstopo:routepoint_id>
				</extensions>
			</trkpt>
			<trkpt lat="46.1413687012" lon="6.9012998282">
				<ele>2147.1</ele>
				<extensions>
					<swisstopo:routepoint_id>289005225</swisstopo:routepoint_id>
				</extensions>
			</trkpt>
			<trkpt lat="46.1413286912" lon="6.9012562769">
				<ele>2146.4</ele>
				<extensions>
					<swisstopo:routepoint_id>1580699066</swisstopo:routepoint_id>
				</extensions>
			</trkpt>
			<trkpt lat="46.1413055903" lon="6.9012030811">
				<ele>2146.4</ele>
				<extensions>
					<swisstopo:routepoint_id>726995607</swisstopo:routepoint_id>
				</extensions>
			</trkpt>
			<trkpt lat="46.1412900601" lon="6.9011402316">
				<ele>2145.5</ele>
				<extensions>
					<swisstopo:routepoint_id>1776090301</swisstopo:routepoint_id>
				</extensions>
			</trkpt>
			<trkpt lat="46.1412678949" lon="6.9010842971">
				<ele>2144.4</ele>
				<extensions>
					<swisstopo:routepoint_id>1235416671</swisstopo:routepoint_id>
				</extensions>
			</trkpt>
			<trkpt lat="46.1412389218" lon="6.9009969221">
				<ele>2143.3</ele>
				<extensions>
					<swisstopo:routepoint_id>344549969</swisstopo:routepoint_id>
				</extensions>
			</trkpt>
			<trkpt lat="46.1412215955" lon="6.9009573699">
				<ele>2142.8</ele>
				<extensions>
					<swisstopo:routepoint_id>931870220</swisstopo:routepoint_id>
				</extensions>
			</trkpt>
			<trkpt lat="46.1411842781" lon="6.9009166360">
				<ele>2141.8</ele>
				<extensions>
					<swisstopo:routepoint_id>1786068798</swisstopo:routepoint_id>
				</extensions>
			</trkpt>
			<trkpt lat="46.1411602414" lon="6.9008662050">
				<ele>2141.2</ele>
				<extensions>
					<swisstopo:routepoint_id>400419607</swisstopo:routepoint_id>
				</extensions>
			</trkpt>
			<trkpt lat="46.1411437816" lon="6.9008074722">
				<ele>2139.0</ele>
				<extensions>
					<swisstopo:routepoint_id>796945078</swisstopo:routepoint_id>
				</extensions>
			</trkpt>
			<trkpt lat="46.1411052710" lon="6.9007188261">
				<ele>2137.8</ele>
				<extensions>
					<swisstopo:routepoint_id>1996503179</swisstopo:routepoint_id>
				</extensions>
			</trkpt>
			<trkpt lat="46.1410762523" lon="6.9006218597">
				<ele>2136.9</ele>
				<extensions>
					<swisstopo:routepoint_id>1974214247</swisstopo:routepoint_id>
				</extensions>
			</trkpt>
			<trkpt lat="46.1410513487" lon="6.9005905969">
				<ele>2136.2</ele>
				<extensions>
					<swisstopo:routepoint_id>1594215517</swisstopo:routepoint_id>
				</extensions>
			</trkpt>
			<trkpt lat="46.1410169293" lon="6.9005608050">
				<ele>2135.6</ele>
				<extensions>
					<swisstopo:routepoint_id>467105786</swisstopo:routepoint_id>
				</extensions>
			</trkpt>
			<trkpt lat="46.1409843731" lon="6.9005200374">
				<ele>2135.0</ele>
				<extensions>
					<swisstopo:routepoint_id>719135186</swisstopo:routepoint_id>
				</extensions>
			</trkpt>
			<trkpt lat="46.1409717168" lon="6.9004612676">
				<ele>2134.3</ele>
				<extensions>
					<swisstopo:routepoint_id>1037560918</swisstopo:routepoint_id>
				</extensions>
			</trkpt>
			<trkpt lat="46.1409591708" lon="6.9004257763">
				<ele>2133.7</ele>
				<extensions>
					<swisstopo:routepoint_id>1478269523</swisstopo:routepoint_id>
				</extensions>
			</trkpt>
			<trkpt lat="46.1409293850" lon="6.9003671873">
				<ele>2132.9</ele>
				<extensions>
					<swisstopo:routepoint_id>1751858099</swisstopo:routepoint_id>
				</extensions>
			</trkpt>
			<trkpt lat="46.1409140013" lon="6.9003371962">
				<ele>2132.5</ele>
				<extensions>
					<swisstopo:routepoint_id>1253431246</swisstopo:routepoint_id>
				</extensions>
			</trkpt>
			<trkpt lat="46.1408819608" lon="6.9002032808">
				<ele>2130.7</ele>
				<extensions>
					<swisstopo:routepoint_id>857304767</swisstopo:routepoint_id>
				</extensions>
			</trkpt>
			<trkpt lat="46.1408646342" lon="6.9001637291">
				<ele>2130.4</ele>
				<extensions>
					<swisstopo:routepoint_id>793777933</swisstopo:routepoint_id>
				</extensions>
			</trkpt>
			<trkpt lat="46.1408349564" lon="6.9001297835">
				<ele>2130.0</ele>
				<extensions>
					<swisstopo:routepoint_id>461947234</swisstopo:routepoint_id>
				</extensions>
			</trkpt>
			<trkpt lat="46.1408034762" lon="6.9001177702">
				<ele>2129.6</ele>
				<extensions>
					<swisstopo:routepoint_id>2081324631</swisstopo:routepoint_id>
				</extensions>
			</trkpt>
			<trkpt lat="46.1407680973" lon="6.9000838681">
				<ele>2128.6</ele>
				<extensions>
					<swisstopo:routepoint_id>1596521807</swisstopo:routepoint_id>
				</extensions>
			</trkpt>
			<trkpt lat="46.1407353241" lon="6.8999992742">
				<ele>2127.5</ele>
				<extensions>
					<swisstopo:routepoint_id>1912476008</swisstopo:routepoint_id>
				</extensions>
			</trkpt>
			<trkpt lat="46.1406872934" lon="6.8999002206">
				<ele>2126.4</ele>
				<extensions>
					<swisstopo:routepoint_id>1791365843</swisstopo:routepoint_id>
				</extensions>
			</trkpt>
			<trkpt lat="46.1406644794" lon="6.8998576521">
				<ele>2125.7</ele>
				<extensions>
					<swisstopo:routepoint_id>1736032855</swisstopo:routepoint_id>
				</extensions>
			</trkpt>
			<trkpt lat="46.1406477384" lon="6.8998415512">
				<ele>2125.0</ele>
				<extensions>
					<swisstopo:routepoint_id>673084572</swisstopo:routepoint_id>
				</extensions>
			</trkpt>
			<trkpt lat="46.1406285814" lon="6.8998143398">
				<ele>2124.2</ele>
				<extensions>
					<swisstopo:routepoint_id>1066307141</swisstopo:routepoint_id>
				</extensions>
			</trkpt>
			<trkpt lat="46.1406112998" lon="6.8998102252">
				<ele>2123.6</ele>
				<extensions>
					<swisstopo:routepoint_id>1147083180</swisstopo:routepoint_id>
				</extensions>
			</trkpt>
			<trkpt lat="46.1405795000" lon="6.8997549046">
				<ele>2122.9</ele>
				<extensions>
					<swisstopo:routepoint_id>791878577</swisstopo:routepoint_id>
				</extensions>
			</trkpt>
			<trkpt lat="46.1405441864" lon="6.8997107275">
				<ele>2121.9</ele>
				<extensions>
					<swisstopo:routepoint_id>123475997</swisstopo:routepoint_id>
				</extensions>
			</trkpt>
			<trkpt lat="46.1405238341" lon="6.8996852594">
				<ele>2121.5</ele>
				<extensions>
					<swisstopo:routepoint_id>1117894800</swisstopo:routepoint_id>
				</extensions>
			</trkpt>
			<trkpt lat="46.1405064313" lon="6.8996537593">
				<ele>2120.9</ele>
				<extensions>
					<swisstopo:routepoint_id>659120518</swisstopo:routepoint_id>
				</extensions>
			</trkpt>
			<trkpt lat="46.1404807814" lon="6.8996411584">
				<ele>2120.5</ele>
				<extensions>
					<swisstopo:routepoint_id>1169930350</swisstopo:routepoint_id>
				</extensions>
			</trkpt>
			<trkpt lat="46.1404593117" lon="6.8996319665">
				<ele>2120.0</ele>
				<extensions>
					<swisstopo:routepoint_id>2011474832</swisstopo:routepoint_id>
				</extensions>
			</trkpt>
			<trkpt lat="46.1404275693" lon="6.8995869077">
				<ele>2119.7</ele>
				<extensions>
					<swisstopo:routepoint_id>1513976184</swisstopo:routepoint_id>
				</extensions>
			</trkpt>
			<trkpt lat="46.1403970893" lon="6.8995598080">
				<ele>2119.2</ele>
				<extensions>
					<swisstopo:routepoint_id>1144937672</swisstopo:routepoint_id>
				</extensions>
			</trkpt>
			<trkpt lat="46.1403712979" lon="6.8995155501">
				<ele>2118.3</ele>
				<extensions>
					<swisstopo:routepoint_id>873397731</swisstopo:routepoint_id>
				</extensions>
			</trkpt>
			<trkpt lat="46.1403473581" lon="6.8994875393">
				<ele>2117.2</ele>
				<extensions>
					<swisstopo:routepoint_id>607868930</swisstopo:routepoint_id>
				</extensions>
			</trkpt>
			<trkpt lat="46.1403192105" lon="6.8994484357">
				<ele>2116.4</ele>
				<extensions>
					<swisstopo:routepoint_id>1164944147</swisstopo:routepoint_id>
				</extensions>
			</trkpt>
			<trkpt lat="46.1402678302" lon="6.8994044296">
				<ele>2115.4</ele>
				<extensions>
					<swisstopo:routepoint_id>984433805</swisstopo:routepoint_id>
				</extensions>
			</trkpt>
			<trkpt lat="46.1402527998" lon="6.8993711876">
				<ele>2114.5</ele>
				<extensions>
					<swisstopo:routepoint_id>1643349296</swisstopo:routepoint_id>
				</extensions>
			</trkpt>
			<trkpt lat="46.1402263215" lon="6.8993081062">
				<ele>2113.6</ele>
				<extensions>
					<swisstopo:routepoint_id>2085739211</swisstopo:routepoint_id>
				</extensions>
			</trkpt>
			<trkpt lat="46.1401815954" lon="6.8992871370">
				<ele>2113.2</ele>
				<extensions>
					<swisstopo:routepoint_id>2048839087</swisstopo:routepoint_id>
				</extensions>
			</trkpt>
			<trkpt lat="46.1401333224" lon="6.8992722183">
				<ele>2113.1</ele>
				<extensions>
					<swisstopo:routepoint_id>909611319</swisstopo:routepoint_id>
				</extensions>
			</trkpt>
			<trkpt lat="46.1401059096" lon="6.8992639193">
				<ele>2112.5</ele>
				<extensions>
					<swisstopo:routepoint_id>2138465873</swisstopo:routepoint_id>
				</extensions>
			</trkpt>
			<trkpt lat="46.1400675453" lon="6.8992026611">
				<ele>2110.9</ele>
				<extensions>
					<swisstopo:routepoint_id>2088835226</swisstopo:routepoint_id>
				</extensions>
			</trkpt>
			<trkpt lat="46.1400155182" lon="6.8991501057">
				<ele>2109.6</ele>
				<extensions>
					<swisstopo:routepoint_id>1943426407</swisstopo:routepoint_id>
				</extensions>
			</trkpt>
			<trkpt lat="46.1399803102" lon="6.8991281965">
				<ele>2109.0</ele>
				<extensions>
					<swisstopo:routepoint_id>1194283667</swisstopo:routepoint_id>
				</extensions>
			</trkpt>
			<trkpt lat="46.1399877679" lon="6.8990707594">
				<ele>2107.7</ele>
				<extensions>
					<swisstopo:routepoint_id>1919096280</swisstopo:routepoint_id>
				</extensions>
			</trkpt>
			<trkpt lat="46.1400077543" lon="6.8990192150">
				<ele>2106.5</ele>
				<extensions>
					<swisstopo:routepoint_id>1417374172</swisstopo:routepoint_id>
				</extensions>
			</trkpt>
			<trkpt lat="46.1400033016" lon="6.8989584702">
				<ele>2105.5</ele>
				<extensions>
					<swisstopo:routepoint_id>1220445867</swisstopo:routepoint_id>
				</extensions>
			</trkpt>
			<trkpt lat="46.1399954453" lon="6.8989320205">
				<ele>2105.3</ele>
				<extensions>
					<swisstopo:routepoint_id>1921653300</swisstopo:routepoint_id>
				</extensions>
			</trkpt>
			<trkpt lat="46.1399929060" lon="6.8988986560">
				<ele>2105.0</ele>
				<extensions>
					<swisstopo:routepoint_id>42151709</swisstopo:routepoint_id>
				</extensions>
			</trkpt>
			<trkpt lat="46.1399784354" lon="6.8988594184">
				<ele>2104.7</ele>
				<extensions>
					<swisstopo:routepoint_id>196134322</swisstopo:routepoint_id>
				</extensions>
			</trkpt>
			<trkpt lat="46.1399751367" lon="6.8987901191">
				<ele>2104.1</ele>
				<extensions>
					<swisstopo:routepoint_id>587768246</swisstopo:routepoint_id>
				</extensions>
			</trkpt>
			<trkpt lat="46.1399493282" lon="6.8987441560">
				<ele>2103.8</ele>
				<extensions>
					<swisstopo:routepoint_id>916551911</swisstopo:routepoint_id>
				</extensions>
			</trkpt>
			<trkpt lat="46.1399236016" lon="6.8987135853">
				<ele>2103.5</ele>
				<extensions>
					<swisstopo:routepoint_id>1719753612</swisstopo:routepoint_id>
				</extensions>
			</trkpt>
			<trkpt lat="46.1398947092" lon="6.8986453974">
				<ele>2102.9</ele>
				<extensions>
					<swisstopo:routepoint_id>833311157</swisstopo:routepoint_id>
				</extensions>
			</trkpt>
			<trkpt lat="46.1398580343" lon="6.8985644332">
				<ele>2102.4</ele>
				<extensions>
					<swisstopo:routepoint_id>1282636649</swisstopo:routepoint_id>
				</extensions>
			</trkpt>
			<trkpt lat="46.1398383037" lon="6.8985034978">
				<ele>2101.9</ele>
				<extensions>
					<swisstopo:routepoint_id>105616953</swisstopo:routepoint_id>
				</extensions>
			</trkpt>
			<trkpt lat="46.1398052985" lon="6.8984442349">
				<ele>2101.1</ele>
				<extensions>
					<swisstopo:routepoint_id>2058815352</swisstopo:routepoint_id>
				</extensions>
			</trkpt>
			<trkpt lat="46.1397911771" lon="6.8983916486">
				<ele>2100.6</ele>
				<extensions>
					<swisstopo:routepoint_id>2055609463</swisstopo:routepoint_id>
				</extensions>
			</trkpt>
			<trkpt lat="46.1397789873" lon="6.8983203771">
				<ele>2099.9</ele>
				<extensions>
					<swisstopo:routepoint_id>1125548377</swisstopo:routepoint_id>
				</extensions>
			</trkpt>
			<trkpt lat="46.1397589021" lon="6.8982661437">
				<ele>2099.3</ele>
				<extensions>
					<swisstopo:routepoint_id>574024043</swisstopo:routepoint_id>
				</extensions>
			</trkpt>
			<trkpt lat="46.1397537314" lon="6.8982152006">
				<ele>2098.9</ele>
				<extensions>
					<swisstopo:routepoint_id>2052965656</swisstopo:routepoint_id>
				</extensions>
			</trkpt>
			<trkpt lat="46.1397535474" lon="6.8981710204">
				<ele>2098.6</ele>
				<extensions>
					<swisstopo:routepoint_id>486682376</swisstopo:routepoint_id>
				</extensions>
			</trkpt>
			<trkpt lat="46.1397374568" lon="6.8981218404">
				<ele>2097.9</ele>
				<extensions>
					<swisstopo:routepoint_id>1019914390</swisstopo:routepoint_id>
				</extensions>
			</trkpt>
			<trkpt lat="46.1397114487" lon="6.8980727583">
				<ele>2097.4</ele>
				<extensions>
					<swisstopo:routepoint_id>1095076740</swisstopo:routepoint_id>
				</extensions>
			</trkpt>
			<trkpt lat="46.1396873050" lon="6.8979964613">
				<ele>2096.9</ele>
				<extensions>
					<swisstopo:routepoint_id>781525856</swisstopo:routepoint_id>
				</extensions>
			</trkpt>
			<trkpt lat="46.1396563652" lon="6.8979558952">
				<ele>2096.3</ele>
				<extensions>
					<swisstopo:routepoint_id>769368749</swisstopo:routepoint_id>
				</extensions>
			</trkpt>
			<trkpt lat="46.1396254813" lon="6.8979289269">
				<ele>2095.9</ele>
				<extensions>
					<swisstopo:routepoint_id>862003573</swisstopo:routepoint_id>
				</extensions>
			</trkpt>
			<trkpt lat="46.1396202267" lon="6.8979243296">
				<ele>2095.8</ele>
				<extensions>
					<swisstopo:routepoint_id>1023799017</swisstopo:routepoint_id>
				</extensions>
			</trkpt>
			<trkpt lat="46.1395965995" lon="6.8979036578">
				<ele>2095.3</ele>
				<extensions>
					<swisstopo:routepoint_id>357442468</swisstopo:routepoint_id>
				</extensions>
			</trkpt>
			<trkpt lat="46.1395666353" lon="6.8978613762">
				<ele>2094.9</ele>
				<extensions>
					<swisstopo:routepoint_id>751583046</swisstopo:routepoint_id>
				</extensions>
			</trkpt>
			<trkpt lat="46.1395218315" lon="6.8978260147">
				<ele>2094.4</ele>
				<extensions>
					<swisstopo:routepoint_id>1965451600</swisstopo:routepoint_id>
				</extensions>
			</trkpt>
			<trkpt lat="46.1394919005" lon="6.8977888511">
				<ele>2093.9</ele>
				<extensions>
					<swisstopo:routepoint_id>1370356404</swisstopo:routepoint_id>
				</extensions>
			</trkpt>
			<trkpt lat="46.1394688611" lon="6.8977397148">
				<ele>2093.4</ele>
				<extensions>
					<swisstopo:routepoint_id>1015622680</swisstopo:routepoint_id>
				</extensions>
			</trkpt>
			<trkpt lat="46.1394557888" lon="6.8976990363">
				<ele>2092.6</ele>
				<extensions>
					<swisstopo:routepoint_id>1435336433</swisstopo:routepoint_id>
				</extensions>
			</trkpt>
			<trkpt lat="46.1394542973" lon="6.8976404115">
				<ele>2091.8</ele>
				<extensions>
					<swisstopo:routepoint_id>2027845589</swisstopo:routepoint_id>
				</extensions>
			</trkpt>
			<trkpt lat="46.1394534111" lon="6.8976055904">
				<ele>2091.5</ele>
				<extensions>
					<swisstopo:routepoint_id>257711363</swisstopo:routepoint_id>
				</extensions>
			</trkpt>
			<trkpt lat="46.1394272823" lon="6.8975275945">
				<ele>2090.6</ele>
				<extensions>
					<swisstopo:routepoint_id>1680615822</swisstopo:routepoint_id>
				</extensions>
			</trkpt>
			<trkpt lat="46.1393980313" lon="6.8974911827">
				<ele>2090.1</ele>
				<extensions>
					<swisstopo:routepoint_id>565751813</swisstopo:routepoint_id>
				</extensions>
			</trkpt>
			<trkpt lat="46.1393723583" lon="6.8974498323">
				<ele>2089.4</ele>
				<extensions>
					<swisstopo:routepoint_id>1139898100</swisstopo:routepoint_id>
				</extensions>
			</trkpt>
			<trkpt lat="46.1393572689" lon="6.8974006684">
				<ele>2088.7</ele>
				<extensions>
					<swisstopo:routepoint_id>1100450352</swisstopo:routepoint_id>
				</extensions>
			</trkpt>
			<trkpt lat="46.1393222071" lon="6.8973210422">
				<ele>2088.0</ele>
				<extensions>
					<swisstopo:routepoint_id>1517755174</swisstopo:routepoint_id>
				</extensions>
			</trkpt>
			<trkpt lat="46.1392841010" lon="6.8972312350">
				<ele>2087.2</ele>
				<extensions>
					<swisstopo:routepoint_id>137190915</swisstopo:routepoint_id>
				</extensions>
			</trkpt>
			<trkpt lat="46.1392420340" lon="6.8971397986">
				<ele>2086.4</ele>
				<extensions>
					<swisstopo:routepoint_id>1404107514</swisstopo:routepoint_id>
				</extensions>
			</trkpt>
			<trkpt lat="46.1392369025" lon="6.8970990418">
				<ele>2086.2</ele>
				<extensions>
					<swisstopo:routepoint_id>368836908</swisstopo:routepoint_id>
				</extensions>
			</trkpt>
			<trkpt lat="46.1392268248" lon="6.8970600274">
				<ele>2085.7</ele>
				<extensions>
					<swisstopo:routepoint_id>1216550285</swisstopo:routepoint_id>
				</extensions>
			</trkpt>
			<trkpt lat="46.1391936500" lon="6.8969616919">
				<ele>2084.8</ele>
				<extensions>
					<swisstopo:routepoint_id>490338032</swisstopo:routepoint_id>
				</extensions>
			</trkpt>
			<trkpt lat="46.1391646627" lon="6.8969143210">
				<ele>2084.2</ele>
				<extensions>
					<swisstopo:routepoint_id>1039974995</swisstopo:routepoint_id>
				</extensions>
			</trkpt>
			<trkpt lat="46.1391125479" lon="6.8967957499">
				<ele>2083.1</ele>
				<extensions>
					<swisstopo:routepoint_id>1747359960</swisstopo:routepoint_id>
				</extensions>
			</trkpt>
			<trkpt lat="46.1390603787" lon="6.8966584759">
				<ele>2081.9</ele>
				<extensions>
					<swisstopo:routepoint_id>840468097</swisstopo:routepoint_id>
				</extensions>
			</trkpt>
			<trkpt lat="46.1390151324" lon="6.8965194656">
				<ele>2081.1</ele>
				<extensions>
					<swisstopo:routepoint_id>1426637436</swisstopo:routepoint_id>
				</extensions>
			</trkpt>
			<trkpt lat="46.1389526726" lon="6.8963023981">
				<ele>2079.8</ele>
				<extensions>
					<swisstopo:routepoint_id>984832695</swisstopo:routepoint_id>
				</extensions>
			</trkpt>
			<trkpt lat="46.1389234854" lon="6.8962040366">
				<ele>2078.8</ele>
				<extensions>
					<swisstopo:routepoint_id>930247265</swisstopo:routepoint_id>
				</extensions>
			</trkpt>
			<trkpt lat="46.1388961697" lon="6.8960818853">
				<ele>2077.7</ele>
				<extensions>
					<swisstopo:routepoint_id>1543427454</swisstopo:routepoint_id>
				</extensions>
			</trkpt>
			<trkpt lat="46.1388798299" lon="6.8959715555">
				<ele>2077.1</ele>
				<extensions>
					<swisstopo:routepoint_id>364756456</swisstopo:routepoint_id>
				</extensions>
			</trkpt>
			<trkpt lat="46.1388615926" lon="6.8958833100">
				<ele>2075.8</ele>
				<extensions>
					<swisstopo:routepoint_id>1049039418</swisstopo:routepoint_id>
				</extensions>
			</trkpt>
			<trkpt lat="46.1388484599" lon="6.8958337989">
				<ele>2075.2</ele>
				<extensions>
					<swisstopo:routepoint_id>627939768</swisstopo:routepoint_id>
				</extensions>
			</trkpt>
			<trkpt lat="46.1388323481" lon="6.8957730700">
				<ele>2074.1</ele>
				<extensions>
					<swisstopo:routepoint_id>1255664291</swisstopo:routepoint_id>
				</extensions>
			</trkpt>
			<trkpt lat="46.1388021353" lon="6.8956679329">
				<ele>2073.6</ele>
				<extensions>
					<swisstopo:routepoint_id>1985669753</swisstopo:routepoint_id>
				</extensions>
			</trkpt>
			<trkpt lat="46.1387769648" lon="6.8955848364">
				<ele>2072.6</ele>
				<extensions>
					<swisstopo:routepoint_id>1639958993</swisstopo:routepoint_id>
				</extensions>
			</trkpt>
			<trkpt lat="46.1387287874" lon="6.8954577487">
				<ele>2070.9</ele>
				<extensions>
					<swisstopo:routepoint_id>75100426</swisstopo:routepoint_id>
				</extensions>
			</trkpt>
			<trkpt lat="46.1387128569" lon="6.8954459639">
				<ele>2070.4</ele>
				<extensions>
					<swisstopo:routepoint_id>1352100140</swisstopo:routepoint_id>
				</extensions>
			</trkpt>
			<trkpt lat="46.1386870963" lon="6.8954580475">
				<ele>2069.8</ele>
				<extensions>
					<swisstopo:routepoint_id>1995641798</swisstopo:routepoint_id>
				</extensions>
			</trkpt>
			<trkpt lat="46.1386483682" lon="6.8954515308">
				<ele>2068.9</ele>
				<extensions>
					<swisstopo:routepoint_id>181301092</swisstopo:routepoint_id>
				</extensions>
			</trkpt>
			<trkpt lat="46.1386352458" lon="6.8954464540">
				<ele>2068.6</ele>
				<extensions>
					<swisstopo:routepoint_id>1845183117</swisstopo:routepoint_id>
				</extensions>
			</trkpt>
			<trkpt lat="46.1386095906" lon="6.8954365093">
				<ele>2068.3</ele>
				<extensions>
					<swisstopo:routepoint_id>1587563635</swisstopo:routepoint_id>
				</extensions>
			</trkpt>
			<trkpt lat="46.1385764795" lon="6.8953517859">
				<ele>2067.5</ele>
				<extensions>
					<swisstopo:routepoint_id>32293297</swisstopo:routepoint_id>
				</extensions>
			</trkpt>
			<trkpt lat="46.1385413031" lon="6.8952466859">
				<ele>2066.2</ele>
				<extensions>
					<swisstopo:routepoint_id>600919134</swisstopo:routepoint_id>
				</extensions>
			</trkpt>
			<trkpt lat="46.1385311672" lon="6.8951974744">
				<ele>2065.4</ele>
				<extensions>
					<swisstopo:routepoint_id>1093390759</swisstopo:routepoint_id>
				</extensions>
			</trkpt>
			<trkpt lat="46.1385308213" lon="6.8951142085">
				<ele>2064.0</ele>
				<extensions>
					<swisstopo:routepoint_id>1427674670</swisstopo:routepoint_id>
				</extensions>
			</trkpt>
			<trkpt lat="46.1385371980" lon="6.8949782152">
				<ele>2062.1</ele>
				<extensions>
					<swisstopo:routepoint_id>118786219</swisstopo:routepoint_id>
				</extensions>
			</trkpt>
			<trkpt lat="46.1385329378" lon="6.8949085737">
				<ele>2061.1</ele>
				<extensions>
					<swisstopo:routepoint_id>1788064791</swisstopo:routepoint_id>
				</extensions>
			</trkpt>
			<trkpt lat="46.1385197124" lon="6.8948288224">
				<ele>2060.0</ele>
				<extensions>
					<swisstopo:routepoint_id>2069520629</swisstopo:routepoint_id>
				</extensions>
			</trkpt>
			<trkpt lat="46.1385123115" lon="6.8947619165">
				<ele>2059.1</ele>
				<extensions>
					<swisstopo:routepoint_id>763823364</swisstopo:routepoint_id>
				</extensions>
			</trkpt>
			<trkpt lat="46.1385070585" lon="6.8947326366">
				<ele>2058.8</ele>
				<extensions>
					<swisstopo:routepoint_id>1588138161</swisstopo:routepoint_id>
				</extensions>
			</trkpt>
			<trkpt lat="46.1384992867" lon="6.8946946997">
				<ele>2058.3</ele>
				<extensions>
					<swisstopo:routepoint_id>431967803</swisstopo:routepoint_id>
				</extensions>
			</trkpt>
			<trkpt lat="46.1384811048" lon="6.8946200780">
				<ele>2057.1</ele>
				<extensions>
					<swisstopo:routepoint_id>935453070</swisstopo:routepoint_id>
				</extensions>
			</trkpt>
			<trkpt lat="46.1384429737" lon="6.8945217943">
				<ele>2056.0</ele>
				<extensions>
					<swisstopo:routepoint_id>984036831</swisstopo:routepoint_id>
				</extensions>
			</trkpt>
			<trkpt lat="46.1384079410" lon="6.8944523696">
				<ele>2054.4</ele>
				<extensions>
					<swisstopo:routepoint_id>78639048</swisstopo:routepoint_id>
				</extensions>
			</trkpt>
			<trkpt lat="46.1383758631" lon="6.8943744232">
				<ele>2053.2</ele>
				<extensions>
					<swisstopo:routepoint_id>1657605997</swisstopo:routepoint_id>
				</extensions>
			</trkpt>
			<trkpt lat="46.1383439125" lon="6.8943321768">
				<ele>2051.9</ele>
				<extensions>
					<swisstopo:routepoint_id>497647345</swisstopo:routepoint_id>
				</extensions>
			</trkpt>
			<trkpt lat="46.1383060955" lon="6.8943086668">
				<ele>2051.8</ele>
				<extensions>
					<swisstopo:routepoint_id>337350775</swisstopo:routepoint_id>
				</extensions>
			</trkpt>
			<trkpt lat="46.1382751067" lon="6.8942545064">
				<ele>2049.4</ele>
				<extensions>
					<swisstopo:routepoint_id>1805966039</swisstopo:routepoint_id>
				</extensions>
			</trkpt>
			<trkpt lat="46.1382591436" lon="6.8942359360">
				<ele>2048.8</ele>
				<extensions>
					<swisstopo:routepoint_id>593613822</swisstopo:routepoint_id>
				</extensions>
			</trkpt>
			<trkpt lat="46.1382035078" lon="6.8942227381">
				<ele>2047.8</ele>
				<extensions>
					<swisstopo:routepoint_id>1062085898</swisstopo:routepoint_id>
				</extensions>
			</trkpt>
			<trkpt lat="46.1381308918" lon="6.8941858872">
				<ele>2046.7</ele>
				<extensions>
					<swisstopo:routepoint_id>1845363296</swisstopo:routepoint_id>
				</extensions>
			</trkpt>
			<trkpt lat="46.1380871753" lon="6.8941759961">
				<ele>2046.4</ele>
				<extensions>
					<swisstopo:routepoint_id>423166759</swisstopo:routepoint_id>
				</extensions>
			</trkpt>
			<trkpt lat="46.1380414898" lon="6.8941695240">
				<ele>2045.5</ele>
				<extensions>
					<swisstopo:routepoint_id>153736300</swisstopo:routepoint_id>
				</extensions>
			</trkpt>
			<trkpt lat="46.1379976198" lon="6.8941239714">
				<ele>2044.8</ele>
				<extensions>
					<swisstopo:routepoint_id>1808893897</swisstopo:routepoint_id>
				</extensions>
			</trkpt>
			<trkpt lat="46.1379667595" lon="6.8941021115">
				<ele>2044.1</ele>
				<extensions>
					<swisstopo:routepoint_id>426870011</swisstopo:routepoint_id>
				</extensions>
			</trkpt>
			<trkpt lat="46.1379448730" lon="6.8940903610">
				<ele>2043.4</ele>
				<extensions>
					<swisstopo:routepoint_id>625986152</swisstopo:routepoint_id>
				</extensions>
			</trkpt>
			<trkpt lat="46.1379107920" lon="6.8940124353">
				<ele>2041.8</ele>
				<extensions>
					<swisstopo:routepoint_id>2061529550</swisstopo:routepoint_id>
				</extensions>
			</trkpt>
			<trkpt lat="46.1378567554" lon="6.8939040747">
				<ele>2038.7</ele>
				<extensions>
					<swisstopo:routepoint_id>1295742590</swisstopo:routepoint_id>
				</extensions>
			</trkpt>
			<trkpt lat="46.1378323202" lon="6.8938683131">
				<ele>2037.2</ele>
				<extensions>
					<swisstopo:routepoint_id>735028362</swisstopo:routepoint_id>
				</extensions>
			</trkpt>
			<trkpt lat="46.1378048060" lon="6.8938279822">
				<ele>2036.2</ele>
				<extensions>
					<swisstopo:routepoint_id>485070682</swisstopo:routepoint_id>
				</extensions>
			</trkpt>
			<trkpt lat="46.1377955893" lon="6.8937617777">
				<ele>2035.2</ele>
				<extensions>
					<swisstopo:routepoint_id>2051171539</swisstopo:routepoint_id>
				</extensions>
			</trkpt>
			<trkpt lat="46.1377954034" lon="6.8937157286">
				<ele>2034.2</ele>
				<extensions>
					<swisstopo:routepoint_id>656109491</swisstopo:routepoint_id>
				</extensions>
			</trkpt>
			<trkpt lat="46.1377952425" lon="6.8936785256">
				<ele>2033.5</ele>
				<extensions>
					<swisstopo:routepoint_id>614244660</swisstopo:routepoint_id>
				</extensions>
			</trkpt>
			<trkpt lat="46.1377672062" lon="6.8936209498">
				<ele>2032.6</ele>
				<extensions>
					<swisstopo:routepoint_id>1975665282</swisstopo:routepoint_id>
				</extensions>
			</trkpt>
			<trkpt lat="46.1377012487" lon="6.8935126703">
				<ele>2029.6</ele>
				<extensions>
					<swisstopo:routepoint_id>381648232</swisstopo:routepoint_id>
				</extensions>
			</trkpt>
			<trkpt lat="46.1376682660" lon="6.8934568247">
				<ele>2027.9</ele>
				<extensions>
					<swisstopo:routepoint_id>460644981</swisstopo:routepoint_id>
				</extensions>
			</trkpt>
			<trkpt lat="46.1376621401" lon="6.8934177980">
				<ele>2026.5</ele>
				<extensions>
					<swisstopo:routepoint_id>508181300</swisstopo:routepoint_id>
				</extensions>
			</trkpt>
			<trkpt lat="46.1376569509" lon="6.8933634455">
				<ele>2024.3</ele>
				<extensions>
					<swisstopo:routepoint_id>1862579717</swisstopo:routepoint_id>
				</extensions>
			</trkpt>
			<trkpt lat="46.1376368236" lon="6.8932973245">
				<ele>2023.0</ele>
				<extensions>
					<swisstopo:routepoint_id>2024421134</swisstopo:routepoint_id>
				</extensions>
			</trkpt>
			<trkpt lat="46.1376206098" lon="6.8932192727">
				<ele>2021.9</ele>
				<extensions>
					<swisstopo:routepoint_id>1126057614</swisstopo:routepoint_id>
				</extensions>
			</trkpt>
			<trkpt lat="46.1376182207" lon="6.8931224308">
				<ele>2019.5</ele>
				<extensions>
					<swisstopo:routepoint_id>1007686208</swisstopo:routepoint_id>
				</extensions>
			</trkpt>
			<trkpt lat="46.1375879155" lon="6.8929986075">
				<ele>2017.4</ele>
				<extensions>
					<swisstopo:routepoint_id>1808050294</swisstopo:routepoint_id>
				</extensions>
			</trkpt>
			<trkpt lat="46.1375667381" lon="6.8929297043">
				<ele>2016.1</ele>
				<extensions>
					<swisstopo:routepoint_id>1836208012</swisstopo:routepoint_id>
				</extensions>
			</trkpt>
			<trkpt lat="46.1375587329" lon="6.8929036496">
				<ele>2015.6</ele>
				<extensions>
					<swisstopo:routepoint_id>581221624</swisstopo:routepoint_id>
				</extensions>
			</trkpt>
			<trkpt lat="46.1375592398" lon="6.8927897945">
				<ele>2013.6</ele>
				<extensions>
					<swisstopo:routepoint_id>486083716</swisstopo:routepoint_id>
				</extensions>
			</trkpt>
			<trkpt lat="46.1375529773" lon="6.8927150939">
				<ele>2012.4</ele>
				<extensions>
					<swisstopo:routepoint_id>934817424</swisstopo:routepoint_id>
				</extensions>
			</trkpt>
			<trkpt lat="46.1375317035" lon="6.8926115779">
				<ele>2010.9</ele>
				<extensions>
					<swisstopo:routepoint_id>150955733</swisstopo:routepoint_id>
				</extensions>
			</trkpt>
			<trkpt lat="46.1375044487" lon="6.8925047220">
				<ele>2009.5</ele>
				<extensions>
					<swisstopo:routepoint_id>582526858</swisstopo:routepoint_id>
				</extensions>
			</trkpt>
			<trkpt lat="46.1374800100" lon="6.8923587509">
				<ele>2006.7</ele>
				<extensions>
					<swisstopo:routepoint_id>13834162</swisstopo:routepoint_id>
				</extensions>
			</trkpt>
			<trkpt lat="46.1374743012" lon="6.8923115440">
				<ele>2006.1</ele>
				<extensions>
					<swisstopo:routepoint_id>1410616606</swisstopo:routepoint_id>
				</extensions>
			</trkpt>
			<trkpt lat="46.1374705016" lon="6.8922923350">
				<ele>2006.0</ele>
				<extensions>
					<swisstopo:routepoint_id>926694950</swisstopo:routepoint_id>
				</extensions>
			</trkpt>
			<trkpt lat="46.1374526984" lon="6.8922383233">
				<ele>2004.9</ele>
				<extensions>
					<swisstopo:routepoint_id>1729976069</swisstopo:routepoint_id>
				</extensions>
			</trkpt>
			<trkpt lat="46.1374448382" lon="6.8921621098">
				<ele>2003.8</ele>
				<extensions>
					<swisstopo:routepoint_id>2031824088</swisstopo:routepoint_id>
				</extensions>
			</trkpt>
			<trkpt lat="46.1374423598" lon="6.8921381362">
				<ele>2003.6</ele>
				<extensions>
					<swisstopo:routepoint_id>2011653887</swisstopo:routepoint_id>
				</extensions>
			</trkpt>
			<trkpt lat="46.1374348598" lon="6.8920090317">
				<ele>2002.4</ele>
				<extensions>
					<swisstopo:routepoint_id>816079147</swisstopo:routepoint_id>
				</extensions>
			</trkpt>
			<trkpt lat="46.1374115600" lon="6.8918953634">
				<ele>2000.5</ele>
				<extensions>
					<swisstopo:routepoint_id>540017967</swisstopo:routepoint_id>
				</extensions>
			</trkpt>
			<trkpt lat="46.1374003253" lon="6.8918189814">
				<ele>1999.0</ele>
				<extensions>
					<swisstopo:routepoint_id>1867692538</swisstopo:routepoint_id>
				</extensions>
			</trkpt>
			<trkpt lat="46.1373641593" lon="6.8917206820">
				<ele>1996.5</ele>
				<extensions>
					<swisstopo:routepoint_id>1302630808</swisstopo:routepoint_id>
				</extensions>
			</trkpt>
			<trkpt lat="46.1373474342" lon="6.8916680373">
				<ele>1995.3</ele>
				<extensions>
					<swisstopo:routepoint_id>2049686905</swisstopo:routepoint_id>
				</extensions>
			</trkpt>
			<trkpt lat="46.1373106026" lon="6.8915647150">
				<ele>1993.2</ele>
				<extensions>
					<swisstopo:routepoint_id>1508995304</swisstopo:routepoint_id>
				</extensions>
			</trkpt>
			<trkpt lat="46.1372797425" lon="6.8914828421">
				<ele>1991.8</ele>
				<extensions>
					<swisstopo:routepoint_id>612123262</swisstopo:routepoint_id>
				</extensions>
			</trkpt>
			<trkpt lat="46.1372681381" lon="6.8914446162">
				<ele>1991.2</ele>
				<extensions>
					<swisstopo:routepoint_id>170613601</swisstopo:routepoint_id>
				</extensions>
			</trkpt>
			<trkpt lat="46.1372583694" lon="6.8913954155">
				<ele>1990.3</ele>
				<extensions>
					<swisstopo:routepoint_id>420767196</swisstopo:routepoint_id>
				</extensions>
			</trkpt>
			<trkpt lat="46.1372523427" lon="6.8913297363">
				<ele>1989.5</ele>
				<extensions>
					<swisstopo:routepoint_id>1896689952</swisstopo:routepoint_id>
				</extensions>
			</trkpt>
			<trkpt lat="46.1372597475" lon="6.8912858235">
				<ele>1989.0</ele>
				<extensions>
					<swisstopo:routepoint_id>697371033</swisstopo:routepoint_id>
				</extensions>
			</trkpt>
			<trkpt lat="46.1372670687" lon="6.8912227661">
				<ele>1988.5</ele>
				<extensions>
					<swisstopo:routepoint_id>643762717</swisstopo:routepoint_id>
				</extensions>
			</trkpt>
			<trkpt lat="46.1372744117" lon="6.8911679100">
				<ele>1987.9</ele>
				<extensions>
					<swisstopo:routepoint_id>1032701053</swisstopo:routepoint_id>
				</extensions>
			</trkpt>
			<trkpt lat="46.1372722370" lon="6.8911104066">
				<ele>1987.3</ele>
				<extensions>
					<swisstopo:routepoint_id>1837311838</swisstopo:routepoint_id>
				</extensions>
			</trkpt>
			<trkpt lat="46.1372682264" lon="6.8910693627">
				<ele>1986.9</ele>
				<extensions>
					<swisstopo:routepoint_id>2080767598</swisstopo:routepoint_id>
				</extensions>
			</trkpt>
			<trkpt lat="46.1372661044" lon="6.8910228154">
				<ele>1986.4</ele>
				<extensions>
					<swisstopo:routepoint_id>495628152</swisstopo:routepoint_id>
				</extensions>
			</trkpt>
			<trkpt lat="46.1372640397" lon="6.8909899664">
				<ele>1986.0</ele>
				<extensions>
					<swisstopo:routepoint_id>1640636976</swisstopo:routepoint_id>
				</extensions>
			</trkpt>
			<trkpt lat="46.1372485301" lon="6.8909325960">
				<ele>1985.1</ele>
				<extensions>
					<swisstopo:routepoint_id>763158980</swisstopo:routepoint_id>
				</extensions>
			</trkpt>
			<trkpt lat="46.1372292346" lon="6.8908807481">
				<ele>1984.4</ele>
				<extensions>
					<swisstopo:routepoint_id>1230373249</swisstopo:routepoint_id>
				</extensions>
			</trkpt>
			<trkpt lat="46.1372157634" lon="6.8908507552">
				<ele>1983.9</ele>
				<extensions>
					<swisstopo:routepoint_id>1263877618</swisstopo:routepoint_id>
				</extensions>
			</trkpt>
			<trkpt lat="46.1371870865" lon="6.8908263861">
				<ele>1983.5</ele>
				<extensions>
					<swisstopo:routepoint_id>844016979</swisstopo:routepoint_id>
				</extensions>
			</trkpt>
			<trkpt lat="46.1371488741" lon="6.8907993700">
				<ele>1982.7</ele>
				<extensions>
					<swisstopo:routepoint_id>523153571</swisstopo:routepoint_id>
				</extensions>
			</trkpt>
			<trkpt lat="46.1371276944" lon="6.8907502833">
				<ele>1982.5</ele>
				<extensions>
					<swisstopo:routepoint_id>1615850619</swisstopo:routepoint_id>
				</extensions>
			</trkpt>
			<trkpt lat="46.1371017239" lon="6.8906860293">
				<ele>1982.1</ele>
				<extensions>
					<swisstopo:routepoint_id>820527658</swisstopo:routepoint_id>
				</extensions>
			</trkpt>
			<trkpt lat="46.1370844764" lon="6.8905944043">
				<ele>1981.4</ele>
				<extensions>
					<swisstopo:routepoint_id>549345673</swisstopo:routepoint_id>
				</extensions>
			</trkpt>
			<trkpt lat="46.1370691883" lon="6.8905010410">
				<ele>1980.7</ele>
				<extensions>
					<swisstopo:routepoint_id>1149096792</swisstopo:routepoint_id>
				</extensions>
			</trkpt>
			<trkpt lat="46.1370420376" lon="6.8904179821">
				<ele>1980.0</ele>
				<extensions>
					<swisstopo:routepoint_id>885919749</swisstopo:routepoint_id>
				</extensions>
			</trkpt>
			<trkpt lat="46.1370098826" lon="6.8903264557">
				<ele>1979.0</ele>
				<extensions>
					<swisstopo:routepoint_id>1396102353</swisstopo:routepoint_id>
				</extensions>
			</trkpt>
			<trkpt lat="46.1369816089" lon="6.8902128007">
				<ele>1978.1</ele>
				<extensions>
					<swisstopo:routepoint_id>1414787591</swisstopo:routepoint_id>
				</extensions>
			</trkpt>
			<trkpt lat="46.1369682331" lon="6.8901007661">
				<ele>1977.1</ele>
				<extensions>
					<swisstopo:routepoint_id>2046499249</swisstopo:routepoint_id>
				</extensions>
			</trkpt>
			<trkpt lat="46.1369508214" lon="6.8899734429">
				<ele>1975.9</ele>
				<extensions>
					<swisstopo:routepoint_id>29126274</swisstopo:routepoint_id>
				</extensions>
			</trkpt>
			<trkpt lat="46.1369292306" lon="6.8898702861">
				<ele>1975.2</ele>
				<extensions>
					<swisstopo:routepoint_id>1151749076</swisstopo:routepoint_id>
				</extensions>
			</trkpt>
			<trkpt lat="46.1369191170" lon="6.8897498659">
				<ele>1973.9</ele>
				<extensions>
					<swisstopo:routepoint_id>836088371</swisstopo:routepoint_id>
				</extensions>
			</trkpt>
			<trkpt lat="46.1369110860" lon="6.8896622943">
				<ele>1973.2</ele>
				<extensions>
					<swisstopo:routepoint_id>589595147</swisstopo:routepoint_id>
				</extensions>
			</trkpt>
			<trkpt lat="46.1369126655" lon="6.8895965395">
				<ele>1973.0</ele>
				<extensions>
					<swisstopo:routepoint_id>606318766</swisstopo:routepoint_id>
				</extensions>
			</trkpt>
			<trkpt lat="46.1369238820" lon="6.8895526014">
				<ele>1972.6</ele>
				<extensions>
					<swisstopo:routepoint_id>2104076845</swisstopo:routepoint_id>
				</extensions>
			</trkpt>
			<trkpt lat="46.1369465049" lon="6.8895058068">
				<ele>1971.6</ele>
				<extensions>
					<swisstopo:routepoint_id>1263546283</swisstopo:routepoint_id>
				</extensions>
			</trkpt>
			<trkpt lat="46.1369520294" lon="6.8894674100">
				<ele>1971.5</ele>
				<extensions>
					<swisstopo:routepoint_id>158513909</swisstopo:routepoint_id>
				</extensions>
			</trkpt>
			<trkpt lat="46.1369480402" lon="6.8894290959">
				<ele>1971.1</ele>
				<extensions>
					<swisstopo:routepoint_id>1741302175</swisstopo:routepoint_id>
				</extensions>
			</trkpt>
			<trkpt lat="46.1369286513" lon="6.8893580791">
				<ele>1970.3</ele>
				<extensions>
					<swisstopo:routepoint_id>384189751</swisstopo:routepoint_id>
				</extensions>
			</trkpt>
			<trkpt lat="46.1369073382" lon="6.8892815970">
				<ele>1968.9</ele>
				<extensions>
					<swisstopo:routepoint_id>1413066332</swisstopo:routepoint_id>
				</extensions>
			</trkpt>
			<trkpt lat="46.1368899349" lon="6.8892269888">
				<ele>1967.7</ele>
				<extensions>
					<swisstopo:routepoint_id>1075295291</swisstopo:routepoint_id>
				</extensions>
			</trkpt>
			<trkpt lat="46.1368837877" lon="6.8891366689">
				<ele>1966.1</ele>
				<extensions>
					<swisstopo:routepoint_id>19741047</swisstopo:routepoint_id>
				</extensions>
			</trkpt>
			<trkpt lat="46.1368700596" lon="6.8890518841">
				<ele>1965.4</ele>
				<extensions>
					<swisstopo:routepoint_id>1752537957</swisstopo:routepoint_id>
				</extensions>
			</trkpt>
			<trkpt lat="46.1368487642" lon="6.8889808867">
				<ele>1964.7</ele>
				<extensions>
					<swisstopo:routepoint_id>2078462637</swisstopo:routepoint_id>
				</extensions>
			</trkpt>
			<trkpt lat="46.1368255978" lon="6.8889153798">
				<ele>1964.8</ele>
				<extensions>
					<swisstopo:routepoint_id>1542218040</swisstopo:routepoint_id>
				</extensions>
			</trkpt>
			<trkpt lat="46.1368025508" lon="6.8888745272">
				<ele>1964.5</ele>
				<extensions>
					<swisstopo:routepoint_id>999277940</swisstopo:routepoint_id>
				</extensions>
			</trkpt>
			<trkpt lat="46.1367831880" lon="6.8888089823">
				<ele>1964.0</ele>
				<extensions>
					<swisstopo:routepoint_id>890510669</swisstopo:routepoint_id>
				</extensions>
			</trkpt>
			<trkpt lat="46.1367829494" lon="6.8887596869">
				<ele>1963.5</ele>
				<extensions>
					<swisstopo:routepoint_id>1828359256</swisstopo:routepoint_id>
				</extensions>
			</trkpt>
			<trkpt lat="46.1367846432" lon="6.8887158314">
				<ele>1963.3</ele>
				<extensions>
					<swisstopo:routepoint_id>734932279</swisstopo:routepoint_id>
				</extensions>
			</trkpt>
			<trkpt lat="46.1367881417" lon="6.8886527998">
				<ele>1963.1</ele>
				<extensions>
					<swisstopo:routepoint_id>1618418683</swisstopo:routepoint_id>
				</extensions>
			</trkpt>
			<trkpt lat="46.1367878366" lon="6.8885898064">
				<ele>1962.1</ele>
				<extensions>
					<swisstopo:routepoint_id>195972562</swisstopo:routepoint_id>
				</extensions>
			</trkpt>
			<trkpt lat="46.1367837941" lon="6.8885405366">
				<ele>1961.0</ele>
				<extensions>
					<swisstopo:routepoint_id>1037274244</swisstopo:routepoint_id>
				</extensions>
			</trkpt>
			<trkpt lat="46.1367684160" lon="6.8885105637">
				<ele>1960.7</ele>
				<extensions>
					<swisstopo:routepoint_id>1471497528</swisstopo:routepoint_id>
				</extensions>
			</trkpt>
			<trkpt lat="46.1367434493" lon="6.8884669881">
				<ele>1960.5</ele>
				<extensions>
					<swisstopo:routepoint_id>987007508</swisstopo:routepoint_id>
				</extensions>
			</trkpt>
			<trkpt lat="46.1367297386" lon="6.8883877008">
				<ele>1959.7</ele>
				<extensions>
					<swisstopo:routepoint_id>1809837888</swisstopo:routepoint_id>
				</extensions>
			</trkpt>
			<trkpt lat="46.1367310872" lon="6.8882726382">
				<ele>1959.2</ele>
				<extensions>
					<swisstopo:routepoint_id>2029784469</swisstopo:routepoint_id>
				</extensions>
			</trkpt>
			<trkpt lat="46.1367270358" lon="6.8882233811">
				<ele>1959.1</ele>
				<extensions>
					<swisstopo:routepoint_id>615604124</swisstopo:routepoint_id>
				</extensions>
			</trkpt>
			<trkpt lat="46.1367096851" lon="6.8881797294">
				<ele>1958.7</ele>
				<extensions>
					<swisstopo:routepoint_id>1078442172</swisstopo:routepoint_id>
				</extensions>
			</trkpt>
			<trkpt lat="46.1366961201" lon="6.8881305550">
				<ele>1958.2</ele>
				<extensions>
					<swisstopo:routepoint_id>1412852093</swisstopo:routepoint_id>
				</extensions>
			</trkpt>
			<trkpt lat="46.1366939881" lon="6.8880840210">
				<ele>1958.0</ele>
				<extensions>
					<swisstopo:routepoint_id>1480975089</swisstopo:routepoint_id>
				</extensions>
			</trkpt>
			<trkpt lat="46.1366994544" lon="6.8880319135">
				<ele>1957.9</ele>
				<extensions>
					<swisstopo:routepoint_id>386601952</swisstopo:routepoint_id>
				</extensions>
			</trkpt>
			<trkpt lat="46.1366878798" lon="6.8880019027">
				<ele>1958.3</ele>
				<extensions>
					<swisstopo:routepoint_id>137506932</swisstopo:routepoint_id>
				</extensions>
			</trkpt>
			<trkpt lat="46.1366705024" lon="6.8879527793">
				<ele>1958.1</ele>
				<extensions>
					<swisstopo:routepoint_id>29140464</swisstopo:routepoint_id>
				</extensions>
			</trkpt>
			<trkpt lat="46.1366606967" lon="6.8878926111">
				<ele>1957.3</ele>
				<extensions>
					<swisstopo:routepoint_id>195494682</swisstopo:routepoint_id>
				</extensions>
			</trkpt>
			<trkpt lat="46.1366526820" lon="6.8878105244">
				<ele>1956.7</ele>
				<extensions>
					<swisstopo:routepoint_id>1752420641</swisstopo:routepoint_id>
				</extensions>
			</trkpt>
			<trkpt lat="46.1366580729" lon="6.8877447318">
				<ele>1955.9</ele>
				<extensions>
					<swisstopo:routepoint_id>535984937</swisstopo:routepoint_id>
				</extensions>
			</trkpt>
			<trkpt lat="46.1366788686" lon="6.8877143959">
				<ele>1954.9</ele>
				<extensions>
					<swisstopo:routepoint_id>2029708676</swisstopo:routepoint_id>
				</extensions>
			</trkpt>
			<trkpt lat="46.1366996067" lon="6.8876703618">
				<ele>1953.7</ele>
				<extensions>
					<swisstopo:routepoint_id>1982777025</swisstopo:routepoint_id>
				</extensions>
			</trkpt>
			<trkpt lat="46.1367146838" lon="6.8876400834">
				<ele>1953.2</ele>
				<extensions>
					<swisstopo:routepoint_id>1246289688</swisstopo:routepoint_id>
				</extensions>
			</trkpt>
			<trkpt lat="46.1367393051" lon="6.8876124388">
				<ele>1953.1</ele>
				<extensions>
					<swisstopo:routepoint_id>523305279</swisstopo:routepoint_id>
				</extensions>
			</trkpt>
			<trkpt lat="46.1367468414" lon="6.8875959348">
				<ele>1952.1</ele>
				<extensions>
					<swisstopo:routepoint_id>966890704</swisstopo:routepoint_id>
				</extensions>
			</trkpt>
			<trkpt lat="46.1367428916" lon="6.8875658473">
				<ele>1951.7</ele>
				<extensions>
					<swisstopo:routepoint_id>120419854</swisstopo:routepoint_id>
				</extensions>
			</trkpt>
			<trkpt lat="46.1367350673" lon="6.8875248297">
				<ele>1951.1</ele>
				<extensions>
					<swisstopo:routepoint_id>1488053488</swisstopo:routepoint_id>
				</extensions>
			</trkpt>
			<trkpt lat="46.1367348280" lon="6.8874755344">
				<ele>1950.8</ele>
				<extensions>
					<swisstopo:routepoint_id>1219427887</swisstopo:routepoint_id>
				</extensions>
			</trkpt>
			<trkpt lat="46.1367498295" lon="6.8874260860">
				<ele>1950.6</ele>
				<extensions>
					<swisstopo:routepoint_id>662065342</swisstopo:routepoint_id>
				</extensions>
			</trkpt>
			<trkpt lat="46.1367609832" lon="6.8873711916">
				<ele>1950.2</ele>
				<extensions>
					<swisstopo:routepoint_id>1485530252</swisstopo:routepoint_id>
				</extensions>
			</trkpt>
			<trkpt lat="46.1367667048" lon="6.8873120425">
				<ele>1949.8</ele>
				<extensions>
					<swisstopo:routepoint_id>1381571888</swisstopo:routepoint_id>
				</extensions>
			</trkpt>
			<trkpt lat="46.1367622913" lon="6.8871720413">
				<ele>1949.0</ele>
				<extensions>
					<swisstopo:routepoint_id>1952072901</swisstopo:routepoint_id>
				</extensions>
			</trkpt>
			<trkpt lat="46.1367530282" lon="6.8870609270">
				<ele>1948.2</ele>
				<extensions>
					<swisstopo:routepoint_id>621477066</swisstopo:routepoint_id>
				</extensions>
			</trkpt>
			<trkpt lat="46.1367660188" lon="6.8869104137">
				<ele>1947.2</ele>
				<extensions>
					<swisstopo:routepoint_id>3614626</swisstopo:routepoint_id>
				</extensions>
			</trkpt>
			<trkpt lat="46.1367681432" lon="6.8868341900">
				<ele>1945.6</ele>
				<extensions>
					<swisstopo:routepoint_id>1752920317</swisstopo:routepoint_id>
				</extensions>
			</trkpt>
			<trkpt lat="46.1367538903" lon="6.8867231258">
				<ele>1943.5</ele>
				<extensions>
					<swisstopo:routepoint_id>449865851</swisstopo:routepoint_id>
				</extensions>
			</trkpt>
			<trkpt lat="46.1367471729" lon="6.8866243451">
				<ele>1942.5</ele>
				<extensions>
					<swisstopo:routepoint_id>313837669</swisstopo:routepoint_id>
				</extensions>
			</trkpt>
			<trkpt lat="46.1367252842" lon="6.8864804380">
				<ele>1941.9</ele>
				<extensions>
					<swisstopo:routepoint_id>1652253518</swisstopo:routepoint_id>
				</extensions>
			</trkpt>
			<trkpt lat="46.1367325379" lon="6.8864329630">
				<ele>1940.8</ele>
				<extensions>
					<swisstopo:routepoint_id>1255980783</swisstopo:routepoint_id>
				</extensions>
			</trkpt>
			<trkpt lat="46.1367535542" lon="6.8863956613">
				<ele>1939.6</ele>
				<extensions>
					<swisstopo:routepoint_id>1389863486</swisstopo:routepoint_id>
				</extensions>
			</trkpt>
			<trkpt lat="46.1367820044" lon="6.8863479475">
				<ele>1939.2</ele>
				<extensions>
					<swisstopo:routepoint_id>153410498</swisstopo:routepoint_id>
				</extensions>
			</trkpt>
			<trkpt lat="46.1368091971" lon="6.8862981738">
				<ele>1938.2</ele>
				<extensions>
					<swisstopo:routepoint_id>877044158</swisstopo:routepoint_id>
				</extensions>
			</trkpt>
			<trkpt lat="46.1368390839" lon="6.8862875231">
				<ele>1937.6</ele>
				<extensions>
					<swisstopo:routepoint_id>1452960885</swisstopo:routepoint_id>
				</extensions>
			</trkpt>
			<trkpt lat="46.1368740826" lon="6.8863056337">
				<ele>1936.8</ele>
				<extensions>
					<swisstopo:routepoint_id>621958462</swisstopo:routepoint_id>
				</extensions>
			</trkpt>
			<trkpt lat="46.1368977839" lon="6.8863074046">
				<ele>1936.4</ele>
				<extensions>
					<swisstopo:routepoint_id>878477541</swisstopo:routepoint_id>
				</extensions>
			</trkpt>
			<trkpt lat="46.1369288590" lon="6.8862864299">
				<ele>1935.1</ele>
				<extensions>
					<swisstopo:routepoint_id>459269037</swisstopo:routepoint_id>
				</extensions>
			</trkpt>
			<trkpt lat="46.1369759895" lon="6.8862323103">
				<ele>1931.4</ele>
				<extensions>
					<swisstopo:routepoint_id>6799304</swisstopo:routepoint_id>
				</extensions>
			</trkpt>
			<trkpt lat="46.1370367120" lon="6.8861532974">
				<ele>1930.5</ele>
				<extensions>
					<swisstopo:routepoint_id>911278644</swisstopo:routepoint_id>
				</extensions>
			</trkpt>
			<trkpt lat="46.1370651221" lon="6.8860973568">
				<ele>1928.6</ele>
				<extensions>
					<swisstopo:routepoint_id>1447724222</swisstopo:routepoint_id>
				</extensions>
			</trkpt>
			<trkpt lat="46.1371010463" lon="6.8860474822">
				<ele>1926.7</ele>
				<extensions>
					<swisstopo:routepoint_id>236210954</swisstopo:routepoint_id>
				</extensions>
			</trkpt>
			<trkpt lat="46.1371470397" lon="6.8860160450">
				<ele>1924.8</ele>
				<extensions>
					<swisstopo:routepoint_id>2086677673</swisstopo:routepoint_id>
				</extensions>
			</trkpt>
			<trkpt lat="46.1371856090" lon="6.8859970292">
				<ele>1922.6</ele>
				<extensions>
					<swisstopo:routepoint_id>938873626</swisstopo:routepoint_id>
				</extensions>
			</trkpt>
			<trkpt lat="46.1372289886" lon="6.8859429595">
				<ele>1920.1</ele>
				<extensions>
					<swisstopo:routepoint_id>551269312</swisstopo:routepoint_id>
				</extensions>
			</trkpt>
			<trkpt lat="46.1372784232" lon="6.8858496784">
				<ele>1918.0</ele>
				<extensions>
					<swisstopo:routepoint_id>463466083</swisstopo:routepoint_id>
				</extensions>
			</trkpt>
			<trkpt lat="46.1373401609" lon="6.8857212423">
				<ele>1914.9</ele>
				<extensions>
					<swisstopo:routepoint_id>1133758902</swisstopo:routepoint_id>
				</extensions>
			</trkpt>
			<trkpt lat="46.1374131084" lon="6.8855946898">
				<ele>1911.1</ele>
				<extensions>
					<swisstopo:routepoint_id>48876808</swisstopo:routepoint_id>
				</extensions>
			</trkpt>
			<trkpt lat="46.1374775111" lon="6.8855012319">
				<ele>1907.5</ele>
				<extensions>
					<swisstopo:routepoint_id>187701693</swisstopo:routepoint_id>
				</extensions>
			</trkpt>
			<trkpt lat="46.1375706646" lon="6.8854218399">
				<ele>1904.4</ele>
				<extensions>
					<swisstopo:routepoint_id>417190564</swisstopo:routepoint_id>
				</extensions>
			</trkpt>
			<trkpt lat="46.1376041353" lon="6.8853823139">
				<ele>1903.9</ele>
				<extensions>
					<swisstopo:routepoint_id>343479100</swisstopo:routepoint_id>
				</extensions>
			</trkpt>
			<trkpt lat="46.1376400479" lon="6.8853283313">
				<ele>1902.7</ele>
				<extensions>
					<swisstopo:routepoint_id>153987105</swisstopo:routepoint_id>
				</extensions>
			</trkpt>
			<trkpt lat="46.1376549172" lon="6.8853096042">
				<ele>1901.6</ele>
				<extensions>
					<swisstopo:routepoint_id>1484861156</swisstopo:routepoint_id>
				</extensions>
			</trkpt>
			<trkpt lat="46.1377166015" lon="6.8853000982">
				<ele>1900.0</ele>
				<extensions>
					<swisstopo:routepoint_id>1626768559</swisstopo:routepoint_id>
				</extensions>
			</trkpt>
			<trkpt lat="46.1377722943" lon="6.8852995366">
				<ele>1898.2</ele>
				<extensions>
					<swisstopo:routepoint_id>1122200759</swisstopo:routepoint_id>
				</extensions>
			</trkpt>
			<trkpt lat="46.1377536128" lon="6.8852750692">
				<ele>1898.0</ele>
				<extensions>
					<swisstopo:routepoint_id>811170845</swisstopo:routepoint_id>
				</extensions>
			</trkpt>
			<trkpt lat="46.1376748917" lon="6.8852388734">
				<ele>1896.8</ele>
				<extensions>
					<swisstopo:routepoint_id>2001487179</swisstopo:routepoint_id>
				</extensions>
			</trkpt>
			<trkpt lat="46.1375948075" lon="6.8852150380">
				<ele>1894.8</ele>
				<extensions>
					<swisstopo:routepoint_id>707726895</swisstopo:routepoint_id>
				</extensions>
			</trkpt>
			<trkpt lat="46.1375047382" lon="6.8851954108">
				<ele>1892.8</ele>
				<extensions>
					<swisstopo:routepoint_id>1989981439</swisstopo:routepoint_id>
				</extensions>
			</trkpt>
			<trkpt lat="46.1374547239" lon="6.8851876882">
				<ele>1891.2</ele>
				<extensions>
					<swisstopo:routepoint_id>1904577482</swisstopo:routepoint_id>
				</extensions>
			</trkpt>
			<trkpt lat="46.1374261171" lon="6.8851797624">
				<ele>1890.9</ele>
				<extensions>
					<swisstopo:routepoint_id>1367286226</swisstopo:routepoint_id>
				</extensions>
			</trkpt>
			<trkpt lat="46.1374431153" lon="6.8851508284">
				<ele>1889.8</ele>
				<extensions>
					<swisstopo:routepoint_id>1488638768</swisstopo:routepoint_id>
				</extensions>
			</trkpt>
			<trkpt lat="46.1374686969" lon="6.8851238676">
				<ele>1889.0</ele>
				<extensions>
					<swisstopo:routepoint_id>17849043</swisstopo:routepoint_id>
				</extensions>
			</trkpt>
			<trkpt lat="46.1374172719" lon="6.8851223264">
				<ele>1888.0</ele>
				<extensions>
					<swisstopo:routepoint_id>1931675827</swisstopo:routepoint_id>
				</extensions>
			</trkpt>
			<trkpt lat="46.1373744107" lon="6.8851186516">
				<ele>1886.7</ele>
				<extensions>
					<swisstopo:routepoint_id>699928578</swisstopo:routepoint_id>
				</extensions>
			</trkpt>
			<trkpt lat="46.1373201297" lon="6.8851150920">
				<ele>1885.0</ele>
				<extensions>
					<swisstopo:routepoint_id>1712074333</swisstopo:routepoint_id>
				</extensions>
			</trkpt>
			<trkpt lat="46.1372657887" lon="6.8850992115">
				<ele>1882.8</ele>
				<extensions>
					<swisstopo:routepoint_id>1608638288</swisstopo:routepoint_id>
				</extensions>
			</trkpt>
			<trkpt lat="46.1372356687" lon="6.8850728002">
				<ele>1881.4</ele>
				<extensions>
					<swisstopo:routepoint_id>1023558794</swisstopo:routepoint_id>
				</extensions>
			</trkpt>
			<trkpt lat="46.1372297798" lon="6.8850379300">
				<ele>1880.5</ele>
				<extensions>
					<swisstopo:routepoint_id>1772913617</swisstopo:routepoint_id>
				</extensions>
			</trkpt>
			<trkpt lat="46.1372396349" lon="6.8850070208">
				<ele>1879.9</ele>
				<extensions>
					<swisstopo:routepoint_id>85202417</swisstopo:routepoint_id>
				</extensions>
			</trkpt>
			<trkpt lat="46.1372680225" lon="6.8849718048">
				<ele>1878.4</ele>
				<extensions>
					<swisstopo:routepoint_id>1379316426</swisstopo:routepoint_id>
				</extensions>
			</trkpt>
			<trkpt lat="46.1372992952" lon="6.8849427394">
				<ele>1877.8</ele>
				<extensions>
					<swisstopo:routepoint_id>53107933</swisstopo:routepoint_id>
				</extensions>
			</trkpt>
			<trkpt lat="46.1373505810" lon="6.8849175664">
				<ele>1877.3</ele>
				<extensions>
					<swisstopo:routepoint_id>901953958</swisstopo:routepoint_id>
				</extensions>
			</trkpt>
			<trkpt lat="46.1374047504" lon="6.8848964714">
				<ele>1876.4</ele>
				<extensions>
					<swisstopo:routepoint_id>1333238908</swisstopo:routepoint_id>
				</extensions>
			</trkpt>
			<trkpt lat="46.1374346212" lon="6.8848735744">
				<ele>1875.7</ele>
				<extensions>
					<swisstopo:routepoint_id>961444648</swisstopo:routepoint_id>
				</extensions>
			</trkpt>
			<trkpt lat="46.1373916585" lon="6.8848473052">
				<ele>1874.3</ele>
				<extensions>
					<swisstopo:routepoint_id>1335031272</swisstopo:routepoint_id>
				</extensions>
			</trkpt>
			<trkpt lat="46.1373473041" lon="6.8848292770">
				<ele>1873.2</ele>
				<extensions>
					<swisstopo:routepoint_id>592946936</swisstopo:routepoint_id>
				</extensions>
			</trkpt>
			<trkpt lat="46.1373743198" lon="6.8848063962">
				<ele>1872.3</ele>
				<extensions>
					<swisstopo:routepoint_id>569648066</swisstopo:routepoint_id>
				</extensions>
			</trkpt>
			<trkpt lat="46.1374241136" lon="6.8847689167">
				<ele>1870.7</ele>
				<extensions>
					<swisstopo:routepoint_id>82192041</swisstopo:routepoint_id>
				</extensions>
			</trkpt>
			<trkpt lat="46.1374795858" lon="6.8847231529">
				<ele>1868.2</ele>
				<extensions>
					<swisstopo:routepoint_id>245840467</swisstopo:routepoint_id>
				</extensions>
			</trkpt>
			<trkpt lat="46.1375407768" lon="6.8846773440">
				<ele>1865.6</ele>
				<extensions>
					<swisstopo:routepoint_id>713116682</swisstopo:routepoint_id>
				</extensions>
			</trkpt>
			<trkpt lat="46.1375706575" lon="6.8846564938">
				<ele>1864.6</ele>
				<extensions>
					<swisstopo:routepoint_id>2132576616</swisstopo:routepoint_id>
				</extensions>
			</trkpt>
			<trkpt lat="46.1375191011" lon="6.8846262045">
				<ele>1862.9</ele>
				<extensions>
					<swisstopo:routepoint_id>2103528790</swisstopo:routepoint_id>
				</extensions>
			</trkpt>
			<trkpt lat="46.1374818382" lon="6.8845978306">
				<ele>1861.8</ele>
				<extensions>
					<swisstopo:routepoint_id>345496033</swisstopo:routepoint_id>
				</extensions>
			</trkpt>
			<trkpt lat="46.1375188305" lon="6.8845707416">
				<ele>1860.5</ele>
				<extensions>
					<swisstopo:routepoint_id>71445758</swisstopo:routepoint_id>
				</extensions>
			</trkpt>
			<trkpt lat="46.1375672012" lon="6.8845332762">
				<ele>1858.3</ele>
				<extensions>
					<swisstopo:routepoint_id>547512279</swisstopo:routepoint_id>
				</extensions>
			</trkpt>
			<trkpt lat="46.1376184568" lon="6.8845019487">
				<ele>1856.7</ele>
				<extensions>
					<swisstopo:routepoint_id>1102970569</swisstopo:routepoint_id>
				</extensions>
			</trkpt>
			<trkpt lat="46.1376698027" lon="6.8844891086">
				<ele>1855.8</ele>
				<extensions>
					<swisstopo:routepoint_id>1448885586</swisstopo:routepoint_id>
				</extensions>
			</trkpt>
			<trkpt lat="46.1377325268" lon="6.8844658669">
				<ele>1855.3</ele>
				<extensions>
					<swisstopo:routepoint_id>14269029</swisstopo:routepoint_id>
				</extensions>
			</trkpt>
			<trkpt lat="46.1377894509" lon="6.8844242077">
				<ele>1854.2</ele>
				<extensions>
					<swisstopo:routepoint_id>586096374</swisstopo:routepoint_id>
				</extensions>
			</trkpt>
			<trkpt lat="46.1378505338" lon="6.8843599106">
				<ele>1851.8</ele>
				<extensions>
					<swisstopo:routepoint_id>401242622</swisstopo:routepoint_id>
				</extensions>
			</trkpt>
			<trkpt lat="46.1379101623" lon="6.8842874010">
				<ele>1849.6</ele>
				<extensions>
					<swisstopo:routepoint_id>572830989</swisstopo:routepoint_id>
				</extensions>
			</trkpt>
			<trkpt lat="46.1379669359" lon="6.8842149327">
				<ele>1846.7</ele>
				<extensions>
					<swisstopo:routepoint_id>521093065</swisstopo:routepoint_id>
				</extensions>
			</trkpt>
			<trkpt lat="46.1379982283" lon="6.8841899608">
				<ele>1845.7</ele>
				<extensions>
					<swisstopo:routepoint_id>1416396580</swisstopo:routepoint_id>
				</extensions>
			</trkpt>
			<trkpt lat="46.1380210463" lon="6.8841835632">
				<ele>1845.5</ele>
				<extensions>
					<swisstopo:routepoint_id>737463231</swisstopo:routepoint_id>
				</extensions>
			</trkpt>
			<trkpt lat="46.1380466490" lon="6.8841627684">
				<ele>1844.3</ele>
				<extensions>
					<swisstopo:routepoint_id>1119720156</swisstopo:routepoint_id>
				</extensions>
			</trkpt>
			<trkpt lat="46.1380706781" lon="6.8841111542">
				<ele>1843.4</ele>
				<extensions>
					<swisstopo:routepoint_id>888856784</swisstopo:routepoint_id>
				</extensions>
			</trkpt>
			<trkpt lat="46.1380861337" lon="6.8840596391">
				<ele>1841.8</ele>
				<extensions>
					<swisstopo:routepoint_id>219567190</swisstopo:routepoint_id>
				</extensions>
			</trkpt>
			<trkpt lat="46.1380985537" lon="6.8839711773">
				<ele>1839.4</ele>
				<extensions>
					<swisstopo:routepoint_id>604252379</swisstopo:routepoint_id>
				</extensions>
			</trkpt>
			<trkpt lat="46.1381124467" lon="6.8838929623">
				<ele>1837.6</ele>
				<extensions>
					<swisstopo:routepoint_id>1905644991</swisstopo:routepoint_id>
				</extensions>
			</trkpt>
			<trkpt lat="46.1381293442" lon="6.8838434925">
				<ele>1836.6</ele>
				<extensions>
					<swisstopo:routepoint_id>1109440035</swisstopo:routepoint_id>
				</extensions>
			</trkpt>
			<trkpt lat="46.1381419749" lon="6.8837981730">
				<ele>1835.9</ele>
				<extensions>
					<swisstopo:routepoint_id>138188806</swisstopo:routepoint_id>
				</extensions>
			</trkpt>
			<trkpt lat="46.1381646222" lon="6.8837568593">
				<ele>1835.2</ele>
				<extensions>
					<swisstopo:routepoint_id>1905106168</swisstopo:routepoint_id>
				</extensions>
			</trkpt>
			<trkpt lat="46.1381972058" lon="6.8837031109">
				<ele>1834.6</ele>
				<extensions>
					<swisstopo:routepoint_id>1441905788</swisstopo:routepoint_id>
				</extensions>
			</trkpt>
			<trkpt lat="46.1382283462" lon="6.8836452698">
				<ele>1834.9</ele>
				<extensions>
					<swisstopo:routepoint_id>1378247190</swisstopo:routepoint_id>
				</extensions>
			</trkpt>
			<trkpt lat="46.1382495516" lon="6.8836019235">
				<ele>1834.2</ele>
				<extensions>
					<swisstopo:routepoint_id>204263528</swisstopo:routepoint_id>
				</extensions>
			</trkpt>
			<trkpt lat="46.1382765170" lon="6.8835687804">
				<ele>1833.3</ele>
				<extensions>
					<swisstopo:routepoint_id>792461346</swisstopo:routepoint_id>
				</extensions>
			</trkpt>
			<trkpt lat="46.1382849499" lon="6.8835399320">
				<ele>1832.7</ele>
				<extensions>
					<swisstopo:routepoint_id>1150516762</swisstopo:routepoint_id>
				</extensions>
			</trkpt>
			<trkpt lat="46.1382861620" lon="6.8834967751">
				<ele>1831.8</ele>
				<extensions>
					<swisstopo:routepoint_id>1544334972</swisstopo:routepoint_id>
				</extensions>
			</trkpt>
			<trkpt lat="46.1383059945" lon="6.8834637041">
				<ele>1830.6</ele>
				<extensions>
					<swisstopo:routepoint_id>1803482390</swisstopo:routepoint_id>
				</extensions>
			</trkpt>
			<trkpt lat="46.1383600144" lon="6.8834138583">
				<ele>1828.5</ele>
				<extensions>
					<swisstopo:routepoint_id>1412000820</swisstopo:routepoint_id>
				</extensions>
			</trkpt>
			<trkpt lat="46.1383954829" lon="6.8833662475">
				<ele>1828.1</ele>
				<extensions>
					<swisstopo:routepoint_id>1408016559</swisstopo:routepoint_id>
				</extensions>
			</trkpt>
			<trkpt lat="46.1384208832" lon="6.8833023097">
				<ele>1828.0</ele>
				<extensions>
					<swisstopo:routepoint_id>1812418401</swisstopo:routepoint_id>
				</extensions>
			</trkpt>
			<trkpt lat="46.1384433996" lon="6.8832342811">
				<ele>1827.7</ele>
				<extensions>
					<swisstopo:routepoint_id>2109642853</swisstopo:routepoint_id>
				</extensions>
			</trkpt>
			<trkpt lat="46.1384789499" lon="6.8832051706">
				<ele>1826.8</ele>
				<extensions>
					<swisstopo:routepoint_id>1376242549</swisstopo:routepoint_id>
				</extensions>
			</trkpt>
			<trkpt lat="46.1385045410" lon="6.8831802557">
				<ele>1826.1</ele>
				<extensions>
					<swisstopo:routepoint_id>1176744996</swisstopo:routepoint_id>
				</extensions>
			</trkpt>
			<trkpt lat="46.1385256054" lon="6.8831081343">
				<ele>1825.6</ele>
				<extensions>
					<swisstopo:routepoint_id>112765950</swisstopo:routepoint_id>
				</extensions>
			</trkpt>
			<trkpt lat="46.1385467201" lon="6.8830462868">
				<ele>1826.5</ele>
				<extensions>
					<swisstopo:routepoint_id>824271421</swisstopo:routepoint_id>
				</extensions>
			</trkpt>
			<trkpt lat="46.1385679039" lon="6.8829967729">
				<ele>1827.0</ele>
				<extensions>
					<swisstopo:routepoint_id>996296440</swisstopo:routepoint_id>
				</extensions>
			</trkpt>
			<trkpt lat="46.1385793436" lon="6.8829163955">
				<ele>1827.8</ele>
				<extensions>
					<swisstopo:routepoint_id>267616294</swisstopo:routepoint_id>
				</extensions>
			</trkpt>
			<trkpt lat="46.1385939883" lon="6.8828411038">
				<ele>1828.7</ele>
				<extensions>
					<swisstopo:routepoint_id>1783346039</swisstopo:routepoint_id>
				</extensions>
			</trkpt>
			<trkpt lat="46.1386275936" lon="6.8828113304">
				<ele>1829.0</ele>
				<extensions>
					<swisstopo:routepoint_id>1715716444</swisstopo:routepoint_id>
				</extensions>
			</trkpt>
			<trkpt lat="46.1386311998" lon="6.8827045816">
				<ele>1826.7</ele>
				<extensions>
					<swisstopo:routepoint_id>3551959</swisstopo:routepoint_id>
				</extensions>
			</trkpt>
			<trkpt lat="46.1386653200" lon="6.8826005692">
				<ele>1823.7</ele>
				<extensions>
					<swisstopo:routepoint_id>1191612783</swisstopo:routepoint_id>
				</extensions>
			</trkpt>
			<trkpt lat="46.1386836897" lon="6.8825773824">
				<ele>1823.8</ele>
				<extensions>
					<swisstopo:routepoint_id>1297351882</swisstopo:routepoint_id>
				</extensions>
			</trkpt>
			<trkpt lat="46.1387788196" lon="6.8824912025">
				<ele>1824.5</ele>
				<extensions>
					<swisstopo:routepoint_id>750361238</swisstopo:routepoint_id>
				</extensions>
			</trkpt>
			<trkpt lat="46.1389082183" lon="6.8823994809">
				<ele>1826.0</ele>
				<extensions>
					<swisstopo:routepoint_id>2008383312</swisstopo:routepoint_id>
				</extensions>
			</trkpt>
			<trkpt lat="46.1389712265" lon="6.8823536371">
				<ele>1824.5</ele>
				<extensions>
					<swisstopo:routepoint_id>493196155</swisstopo:routepoint_id>
				</extensions>
			</trkpt>
			<trkpt lat="46.1390054524" lon="6.8823357869">
				<ele>1823.9</ele>
				<extensions>
					<swisstopo:routepoint_id>142624201</swisstopo:routepoint_id>
				</extensions>
			</trkpt>
			<trkpt lat="46.1390214964" lon="6.8823130784">
				<ele>1822.5</ele>
				<extensions>
					<swisstopo:routepoint_id>739815133</swisstopo:routepoint_id>
				</extensions>
			</trkpt>
			<trkpt lat="46.1390636213" lon="6.8822202188">
				<ele>1819.7</ele>
				<extensions>
					<swisstopo:routepoint_id>1914852725</swisstopo:routepoint_id>
				</extensions>
			</trkpt>
			<trkpt lat="46.1391147972" lon="6.8821405118">
				<ele>1819.1</ele>
				<extensions>
					<swisstopo:routepoint_id>974767663</swisstopo:routepoint_id>
				</extensions>
			</trkpt>
			<trkpt lat="46.1391843179" lon="6.8820737617">
				<ele>1818.4</ele>
				<extensions>
					<swisstopo:routepoint_id>150958110</swisstopo:routepoint_id>
				</extensions>
			</trkpt>
			<trkpt lat="46.1392836983" lon="6.8819963330">
				<ele>1817.3</ele>
				<extensions>
					<swisstopo:routepoint_id>851233832</swisstopo:routepoint_id>
				</extensions>
			</trkpt>
			<trkpt lat="46.1393196308" lon="6.8819485261">
				<ele>1816.9</ele>
				<extensions>
					<swisstopo:routepoint_id>693986727</swisstopo:routepoint_id>
				</extensions>
			</trkpt>
			<trkpt lat="46.1393926221" lon="6.8818281811">
				<ele>1815.7</ele>
				<extensions>
					<swisstopo:routepoint_id>861360222</swisstopo:routepoint_id>
				</extensions>
			</trkpt>
			<trkpt lat="46.1394422553" lon="6.8817760772">
				<ele>1815.3</ele>
				<extensions>
					<swisstopo:routepoint_id>1926359542</swisstopo:routepoint_id>
				</extensions>
			</trkpt>
			<trkpt lat="46.1394768697" lon="6.8817138637">
				<ele>1814.7</ele>
				<extensions>
					<swisstopo:routepoint_id>1870074941</swisstopo:routepoint_id>
				</extensions>
			</trkpt>
			<trkpt lat="46.1395058159" lon="6.8817049762">
				<ele>1814.0</ele>
				<extensions>
					<swisstopo:routepoint_id>865902259</swisstopo:routepoint_id>
				</extensions>
			</trkpt>
			<trkpt lat="46.1395474042" lon="6.8816819196">
				<ele>1812.1</ele>
				<extensions>
					<swisstopo:routepoint_id>554842619</swisstopo:routepoint_id>
				</extensions>
			</trkpt>
			<trkpt lat="46.1395770170" lon="6.8816423911">
				<ele>1811.1</ele>
				<extensions>
					<swisstopo:routepoint_id>857518748</swisstopo:routepoint_id>
				</extensions>
			</trkpt>
			<trkpt lat="46.1395995699" lon="6.8816106307">
				<ele>1810.3</ele>
				<extensions>
					<swisstopo:routepoint_id>132168478</swisstopo:routepoint_id>
				</extensions>
			</trkpt>
			<trkpt lat="46.1396224830" lon="6.8816236427">
				<ele>1809.4</ele>
				<extensions>
					<swisstopo:routepoint_id>1640232031</swisstopo:routepoint_id>
				</extensions>
			</trkpt>
			<trkpt lat="46.1396359228" lon="6.8815965875">
				<ele>1808.5</ele>
				<extensions>
					<swisstopo:routepoint_id>1354620954</swisstopo:routepoint_id>
				</extensions>
			</trkpt>
			<trkpt lat="46.1396767606" lon="6.8815799459">
				<ele>1807.2</ele>
				<extensions>
					<swisstopo:routepoint_id>496351586</swisstopo:routepoint_id>
				</extensions>
			</trkpt>
			<trkpt lat="46.1396916406" lon="6.8815760666">
				<ele>1806.5</ele>
				<extensions>
					<swisstopo:routepoint_id>528243812</swisstopo:routepoint_id>
				</extensions>
			</trkpt>
			<trkpt lat="46.1397019567" lon="6.8815676715">
				<ele>1805.8</ele>
				<extensions>
					<swisstopo:routepoint_id>452859540</swisstopo:routepoint_id>
				</extensions>
			</trkpt>
			<trkpt lat="46.1397089096" lon="6.8815488335">
				<ele>1804.9</ele>
				<extensions>
					<swisstopo:routepoint_id>717345514</swisstopo:routepoint_id>
				</extensions>
			</trkpt>
			<trkpt lat="46.1397166732" lon="6.8815287111">
				<ele>1804.3</ele>
				<extensions>
					<swisstopo:routepoint_id>563905675</swisstopo:routepoint_id>
				</extensions>
			</trkpt>
			<trkpt lat="46.1397277137" lon="6.8815121571">
				<ele>1803.9</ele>
				<extensions>
					<swisstopo:routepoint_id>1736470915</swisstopo:routepoint_id>
				</extensions>
			</trkpt>
			<trkpt lat="46.1397422551" lon="6.8815055514">
				<ele>1803.9</ele>
				<extensions>
					<swisstopo:routepoint_id>2025435816</swisstopo:routepoint_id>
				</extensions>
			</trkpt>
			<trkpt lat="46.1397477328" lon="6.8814886242">
				<ele>1803.2</ele>
				<extensions>
					<swisstopo:routepoint_id>579060739</swisstopo:routepoint_id>
				</extensions>
			</trkpt>
			<trkpt lat="46.1397394544" lon="6.8814825916">
				<ele>1803.0</ele>
				<extensions>
					<swisstopo:routepoint_id>1353535630</swisstopo:routepoint_id>
				</extensions>
			</trkpt>
			<trkpt lat="46.1397208497" lon="6.8814829069">
				<ele>1802.4</ele>
				<extensions>
					<swisstopo:routepoint_id>1302472443</swisstopo:routepoint_id>
				</extensions>
			</trkpt>
			<trkpt lat="46.1397119448" lon="6.8814709659">
				<ele>1801.6</ele>
				<extensions>
					<swisstopo:routepoint_id>1264009681</swisstopo:routepoint_id>
				</extensions>
			</trkpt>
			<trkpt lat="46.1397069330" lon="6.8814557377">
				<ele>1800.9</ele>
				<extensions>
					<swisstopo:routepoint_id>1674798130</swisstopo:routepoint_id>
				</extensions>
			</trkpt>
			<trkpt lat="46.1397092708" lon="6.8814380335">
				<ele>1800.5</ele>
				<extensions>
					<swisstopo:routepoint_id>379585960</swisstopo:routepoint_id>
				</extensions>
			</trkpt>
			<trkpt lat="46.1397167374" lon="6.8814272028">
				<ele>1800.3</ele>
				<extensions>
					<swisstopo:routepoint_id>1089672168</swisstopo:routepoint_id>
				</extensions>
			</trkpt>
			<trkpt lat="46.1397266282" lon="6.8814234627">
				<ele>1800.0</ele>
				<extensions>
					<swisstopo:routepoint_id>1545992403</swisstopo:routepoint_id>
				</extensions>
			</trkpt>
			<trkpt lat="46.1397311950" lon="6.8814034989">
				<ele>1799.4</ele>
				<extensions>
					<swisstopo:routepoint_id>2135437181</swisstopo:routepoint_id>
				</extensions>
			</trkpt>
			<trkpt lat="46.1397260205" lon="6.8813819659">
				<ele>1799.1</ele>
				<extensions>
					<swisstopo:routepoint_id>632093149</swisstopo:routepoint_id>
				</extensions>
			</trkpt>
			<trkpt lat="46.1397182919" lon="6.8813626959">
				<ele>1798.7</ele>
				<extensions>
					<swisstopo:routepoint_id>1443363323</swisstopo:routepoint_id>
				</extensions>
			</trkpt>
			<trkpt lat="46.1396865109" lon="6.8812951531">
				<ele>1798.6</ele>
				<extensions>
					<swisstopo:routepoint_id>1785843685</swisstopo:routepoint_id>
				</extensions>
			</trkpt>
			<trkpt lat="46.1396826956" lon="6.8812784972">
				<ele>1798.7</ele>
				<extensions>
					<swisstopo:routepoint_id>989837221</swisstopo:routepoint_id>
				</extensions>
			</trkpt>
			<trkpt lat="46.1396833345" lon="6.8812493983">
				<ele>1799.1</ele>
				<extensions>
					<swisstopo:routepoint_id>1396875175</swisstopo:routepoint_id>
				</extensions>
			</trkpt>
			<trkpt lat="46.1396935659" lon="6.8812165875">
				<ele>1799.6</ele>
				<extensions>
					<swisstopo:routepoint_id>18482449</swisstopo:routepoint_id>
				</extensions>
			</trkpt>
			<trkpt lat="46.1397126900" lon="6.8811932659">
				<ele>1800.6</ele>
				<extensions>
					<swisstopo:routepoint_id>2074270721</swisstopo:routepoint_id>
				</extensions>
			</trkpt>
			<trkpt lat="46.1397418525" lon="6.8811657981">
				<ele>1801.3</ele>
				<extensions>
					<swisstopo:routepoint_id>1958247228</swisstopo:routepoint_id>
				</extensions>
			</trkpt>
			<trkpt lat="46.1397668393" lon="6.8811467139">
				<ele>1802.1</ele>
				<extensions>
					<swisstopo:routepoint_id>1852444141</swisstopo:routepoint_id>
				</extensions>
			</trkpt>
			<trkpt lat="46.1397843480" lon="6.8811307384">
				<ele>1802.8</ele>
				<extensions>
					<swisstopo:routepoint_id>2017648553</swisstopo:routepoint_id>
				</extensions>
			</trkpt>
			<trkpt lat="46.1397989630" lon="6.8811086759">
				<ele>1803.8</ele>
				<extensions>
					<swisstopo:routepoint_id>96205471</swisstopo:routepoint_id>
				</extensions>
			</trkpt>
			<trkpt lat="46.1398200502" lon="6.8810879881">
				<ele>1804.9</ele>
				<extensions>
					<swisstopo:routepoint_id>146050456</swisstopo:routepoint_id>
				</extensions>
			</trkpt>
			<trkpt lat="46.1398582238" lon="6.8810618948">
				<ele>1805.9</ele>
				<extensions>
					<swisstopo:routepoint_id>1806849069</swisstopo:routepoint_id>
				</extensions>
			</trkpt>
			<trkpt lat="46.1398838148" lon="6.8810423997">
				<ele>1806.7</ele>
				<extensions>
					<swisstopo:routepoint_id>97981753</swisstopo:routepoint_id>
				</extensions>
			</trkpt>
			<trkpt lat="46.1399081427" lon="6.8810054139">
				<ele>1807.4</ele>
				<extensions>
					<swisstopo:routepoint_id>288645418</swisstopo:routepoint_id>
				</extensions>
			</trkpt>
			<trkpt lat="46.1399411013" lon="6.8809710324">
				<ele>1808.2</ele>
				<extensions>
					<swisstopo:routepoint_id>2955957</swisstopo:routepoint_id>
				</extensions>
			</trkpt>
			<trkpt lat="46.1399806868" lon="6.8809569937">
				<ele>1809.3</ele>
				<extensions>
					<swisstopo:routepoint_id>1795468743</swisstopo:routepoint_id>
				</extensions>
			</trkpt>
			<trkpt lat="46.1400013919" lon="6.8809067875">
				<ele>1810.7</ele>
				<extensions>
					<swisstopo:routepoint_id>1214974117</swisstopo:routepoint_id>
				</extensions>
			</trkpt>
			<trkpt lat="46.1400194386" lon="6.8808983893">
				<ele>1809.9</ele>
				<extensions>
					<swisstopo:routepoint_id>55525845</swisstopo:routepoint_id>
				</extensions>
			</trkpt>
			<trkpt lat="46.1400708614" lon="6.8809012790">
				<ele>1808.4</ele>
				<extensions>
					<swisstopo:routepoint_id>838450837</swisstopo:routepoint_id>
				</extensions>
			</trkpt>
			<trkpt lat="46.1401136118" lon="6.8808823677">
				<ele>1808.6</ele>
				<extensions>
					<swisstopo:routepoint_id>760300241</swisstopo:routepoint_id>
				</extensions>
			</trkpt>
			<trkpt lat="46.1401691714" lon="6.8808564637">
				<ele>1809.6</ele>
				<extensions>
					<swisstopo:routepoint_id>434601784</swisstopo:routepoint_id>
				</extensions>
			</trkpt>
			<trkpt lat="46.1402370932" lon="6.8808256316">
				<ele>1809.9</ele>
				<extensions>
					<swisstopo:routepoint_id>1682287398</swisstopo:routepoint_id>
				</extensions>
			</trkpt>
			<trkpt lat="46.1402755892" lon="6.8808115406">
				<ele>1810.0</ele>
				<extensions>
					<swisstopo:routepoint_id>1020496620</swisstopo:routepoint_id>
				</extensions>
			</trkpt>
			<trkpt lat="46.1403198367" lon="6.8808076658">
				<ele>1810.9</ele>
				<extensions>
					<swisstopo:routepoint_id>1445941896</swisstopo:routepoint_id>
				</extensions>
			</trkpt>
			<trkpt lat="46.1403602134" lon="6.8807901434">
				<ele>1812.3</ele>
				<extensions>
					<swisstopo:routepoint_id>424037406</swisstopo:routepoint_id>
				</extensions>
			</trkpt>
			<trkpt lat="46.1404016429" lon="6.8807938296">
				<ele>1811.5</ele>
				<extensions>
					<swisstopo:routepoint_id>1666059577</swisstopo:routepoint_id>
				</extensions>
			</trkpt>
			<trkpt lat="46.1404206282" lon="6.8807833618">
				<ele>1812.1</ele>
				<extensions>
					<swisstopo:routepoint_id>1516127776</swisstopo:routepoint_id>
				</extensions>
			</trkpt>
			<trkpt lat="46.1404653857" lon="6.8807849668">
				<ele>1813.5</ele>
				<extensions>
					<swisstopo:routepoint_id>1205502282</swisstopo:routepoint_id>
				</extensions>
			</trkpt>
			<trkpt lat="46.1405120643" lon="6.8807913294">
				<ele>1814.2</ele>
				<extensions>
					<swisstopo:routepoint_id>1508306210</swisstopo:routepoint_id>
				</extensions>
			</trkpt>
			<trkpt lat="46.1405392227" lon="6.8807958557">
				<ele>1813.6</ele>
				<extensions>
					<swisstopo:routepoint_id>1495802456</swisstopo:routepoint_id>
				</extensions>
			</trkpt>
			<trkpt lat="46.1405800918" lon="6.8807838006">
				<ele>1812.2</ele>
				<extensions>
					<swisstopo:routepoint_id>846075149</swisstopo:routepoint_id>
				</extensions>
			</trkpt>
			<trkpt lat="46.1406342773" lon="6.8807661250">
				<ele>1811.3</ele>
				<extensions>
					<swisstopo:routepoint_id>186599167</swisstopo:routepoint_id>
				</extensions>
			</trkpt>
			<trkpt lat="46.1406789340" lon="6.8807471814">
				<ele>1809.5</ele>
				<extensions>
					<swisstopo:routepoint_id>1389160993</swisstopo:routepoint_id>
				</extensions>
			</trkpt>
			<trkpt lat="46.1406921455" lon="6.8807237676">
				<ele>1809.4</ele>
				<extensions>
					<swisstopo:routepoint_id>921838293</swisstopo:routepoint_id>
				</extensions>
			</trkpt>
			<trkpt lat="46.1407195595" lon="6.8806837673">
				<ele>1808.9</ele>
				<extensions>
					<swisstopo:routepoint_id>1758724743</swisstopo:routepoint_id>
				</extensions>
			</trkpt>
			<trkpt lat="46.1407352154" lon="6.8806733333">
				<ele>1808.4</ele>
				<extensions>
					<swisstopo:routepoint_id>910744016</swisstopo:routepoint_id>
				</extensions>
			</trkpt>
			<trkpt lat="46.1407513794" lon="6.8806697440">
				<ele>1807.7</ele>
				<extensions>
					<swisstopo:routepoint_id>1405175725</swisstopo:routepoint_id>
				</extensions>
			</trkpt>
			<trkpt lat="46.1407806794" lon="6.8806256170">
				<ele>1807.6</ele>
				<extensions>
					<swisstopo:routepoint_id>457767097</swisstopo:routepoint_id>
				</extensions>
			</trkpt>
			<trkpt lat="46.1408276774" lon="6.8806004819">
				<ele>1807.0</ele>
				<extensions>
					<swisstopo:routepoint_id>656014685</swisstopo:routepoint_id>
				</extensions>
			</trkpt>
			<trkpt lat="46.1408665233" lon="6.8805610602">
				<ele>1807.4</ele>
				<extensions>
					<swisstopo:routepoint_id>1907309122</swisstopo:routepoint_id>
				</extensions>
			</trkpt>
			<trkpt lat="46.1409092400" lon="6.8805352862">
				<ele>1807.0</ele>
				<extensions>
					<swisstopo:routepoint_id>1129117202</swisstopo:routepoint_id>
				</extensions>
			</trkpt>
			<trkpt lat="46.1409366756" lon="6.8805014528">
				<ele>1807.1</ele>
				<extensions>
					<swisstopo:routepoint_id>1066717594</swisstopo:routepoint_id>
				</extensions>
			</trkpt>
			<trkpt lat="46.1409564364" lon="6.8804539976">
				<ele>1807.0</ele>
				<extensions>
					<swisstopo:routepoint_id>1624571536</swisstopo:routepoint_id>
				</extensions>
			</trkpt>
			<trkpt lat="46.1409702084" lon="6.8804463251">
				<ele>1806.4</ele>
				<extensions>
					<swisstopo:routepoint_id>950856809</swisstopo:routepoint_id>
				</extensions>
			</trkpt>
			<trkpt lat="46.1409949223" lon="6.8804378588">
				<ele>1804.4</ele>
				<extensions>
					<swisstopo:routepoint_id>1959713664</swisstopo:routepoint_id>
				</extensions>
			</trkpt>
			<trkpt lat="46.1410248999" lon="6.8804368715">
				<ele>1802.4</ele>
				<extensions>
					<swisstopo:routepoint_id>1425937391</swisstopo:routepoint_id>
				</extensions>
			</trkpt>
			<trkpt lat="46.1410438602" lon="6.8804195538">
				<ele>1802.0</ele>
				<extensions>
					<swisstopo:routepoint_id>1035303055</swisstopo:routepoint_id>
				</extensions>
			</trkpt>
			<trkpt lat="46.1410737220" lon="6.8803932279">
				<ele>1801.8</ele>
				<extensions>
					<swisstopo:routepoint_id>2033571580</swisstopo:routepoint_id>
				</extensions>
			</trkpt>
			<trkpt lat="46.1410993859" lon="6.8803867993">
				<ele>1800.6</ele>
				<extensions>
					<swisstopo:routepoint_id>297321386</swisstopo:routepoint_id>
				</extensions>
			</trkpt>
			<trkpt lat="46.1411150237" lon="6.8803708930">
				<ele>1800.4</ele>
				<extensions>
					<swisstopo:routepoint_id>2065470963</swisstopo:routepoint_id>
				</extensions>
			</trkpt>
			<trkpt lat="46.1411487228" lon="6.8803513779">
				<ele>1799.2</ele>
				<extensions>
					<swisstopo:routepoint_id>1120438037</swisstopo:routepoint_id>
				</extensions>
			</trkpt>
			<trkpt lat="46.1411875698" lon="6.8803139905">
				<ele>1797.3</ele>
				<extensions>
					<swisstopo:routepoint_id>1934041347</swisstopo:routepoint_id>
				</extensions>
			</trkpt>
			<trkpt lat="46.1412075192" lon="6.8803048776">
				<ele>1796.7</ele>
				<extensions>
					<swisstopo:routepoint_id>653930378</swisstopo:routepoint_id>
				</extensions>
			</trkpt>
			<trkpt lat="46.1412459309" lon="6.8802736746">
				<ele>1795.0</ele>
				<extensions>
					<swisstopo:routepoint_id>479954930</swisstopo:routepoint_id>
				</extensions>
			</trkpt>
			<trkpt lat="46.1412776465" lon="6.8802384323">
				<ele>1793.4</ele>
				<extensions>
					<swisstopo:routepoint_id>40277105</swisstopo:routepoint_id>
				</extensions>
			</trkpt>
			<trkpt lat="46.1412951782" lon="6.8802218116">
				<ele>1791.5</ele>
				<extensions>
					<swisstopo:routepoint_id>1904078157</swisstopo:routepoint_id>
				</extensions>
			</trkpt>
			<trkpt lat="46.1413316143" lon="6.8801783063">
				<ele>1789.7</ele>
				<extensions>
					<swisstopo:routepoint_id>1626793502</swisstopo:routepoint_id>
				</extensions>
			</trkpt>
			<trkpt lat="46.1413637758" lon="6.8801355143">
				<ele>1786.2</ele>
				<extensions>
					<swisstopo:routepoint_id>1451983309</swisstopo:routepoint_id>
				</extensions>
			</trkpt>
			<trkpt lat="46.1413864521" lon="6.8801003639">
				<ele>1783.1</ele>
				<extensions>
					<swisstopo:routepoint_id>1186971356</swisstopo:routepoint_id>
				</extensions>
			</trkpt>
			<trkpt lat="46.1414111558" lon="6.8800898248">
				<ele>1781.4</ele>
				<extensions>
					<swisstopo:routepoint_id>63957208</swisstopo:routepoint_id>
				</extensions>
			</trkpt>
			<trkpt lat="46.1414511031" lon="6.8800832634">
				<ele>1778.2</ele>
				<extensions>
					<swisstopo:routepoint_id>1301373529</swisstopo:routepoint_id>
				</extensions>
			</trkpt>
			<trkpt lat="46.1414766208" lon="6.8800453414">
				<ele>1777.9</ele>
				<extensions>
					<swisstopo:routepoint_id>1524028014</swisstopo:routepoint_id>
				</extensions>
			</trkpt>
			<trkpt lat="46.1415021203" lon="6.8800019346">
				<ele>1775.2</ele>
				<extensions>
					<swisstopo:routepoint_id>2095953965</swisstopo:routepoint_id>
				</extensions>
			</trkpt>
			<trkpt lat="46.1415171448" lon="6.8799613769">
				<ele>1772.3</ele>
				<extensions>
					<swisstopo:routepoint_id>408871074</swisstopo:routepoint_id>
				</extensions>
			</trkpt>
			<trkpt lat="46.1415313251" lon="6.8799420603">
				<ele>1770.9</ele>
				<extensions>
					<swisstopo:routepoint_id>1658775604</swisstopo:routepoint_id>
				</extensions>
			</trkpt>
			<trkpt lat="46.1415456353" lon="6.8799473869">
				<ele>1767.8</ele>
				<extensions>
					<swisstopo:routepoint_id>903071679</swisstopo:routepoint_id>
				</extensions>
			</trkpt>
			<trkpt lat="46.1415429590" lon="6.8799837114">
				<ele>1766.3</ele>
				<extensions>
					<swisstopo:routepoint_id>1076159359</swisstopo:routepoint_id>
				</extensions>
			</trkpt>
			<trkpt lat="46.1415312888" lon="6.8800310849">
				<ele>1765.0</ele>
				<extensions>
					<swisstopo:routepoint_id>374567188</swisstopo:routepoint_id>
				</extensions>
			</trkpt>
			<trkpt lat="46.1415310354" lon="6.8800742348">
				<ele>1762.7</ele>
				<extensions>
					<swisstopo:routepoint_id>58797944</swisstopo:routepoint_id>
				</extensions>
			</trkpt>
			<trkpt lat="46.1415514538" lon="6.8800658120">
				<ele>1762.2</ele>
				<extensions>
					<swisstopo:routepoint_id>1124918476</swisstopo:routepoint_id>
				</extensions>
			</trkpt>
			<trkpt lat="46.1415879033" lon="6.8800500222">
				<ele>1760.5</ele>
				<extensions>
					<swisstopo:routepoint_id>1569376990</swisstopo:routepoint_id>
				</extensions>
			</trkpt>
			<trkpt lat="46.1416023035" lon="6.8799950884">
				<ele>1759.2</ele>
				<extensions>
					<swisstopo:routepoint_id>1661144570</swisstopo:routepoint_id>
				</extensions>
			</trkpt>
			<trkpt lat="46.1416157634" lon="6.8799828943">
				<ele>1758.6</ele>
				<extensions>
					<swisstopo:routepoint_id>546456906</swisstopo:routepoint_id>
				</extensions>
			</trkpt>
			<trkpt lat="46.1416356552" lon="6.8799656680">
				<ele>1757.8</ele>
				<extensions>
					<swisstopo:routepoint_id>1696476875</swisstopo:routepoint_id>
				</extensions>
			</trkpt>
			<trkpt lat="46.1416333427" lon="6.8799277512">
				<ele>1756.6</ele>
				<extensions>
					<swisstopo:routepoint_id>768145456</swisstopo:routepoint_id>
				</extensions>
			</trkpt>
			<trkpt lat="46.1416197710" lon="6.8798993393">
				<ele>1755.7</ele>
				<extensions>
					<swisstopo:routepoint_id>6178816</swisstopo:routepoint_id>
				</extensions>
			</trkpt>
			<trkpt lat="46.1416199015" lon="6.8798615999">
				<ele>1753.4</ele>
				<extensions>
					<swisstopo:routepoint_id>248646954</swisstopo:routepoint_id>
				</extensions>
			</trkpt>
			<trkpt lat="46.1416389299" lon="6.8798278008">
				<ele>1751.1</ele>
				<extensions>
					<swisstopo:routepoint_id>1032677544</swisstopo:routepoint_id>
				</extensions>
			</trkpt>
			<trkpt lat="46.1416631906" lon="6.8798165078">
				<ele>1749.3</ele>
				<extensions>
					<swisstopo:routepoint_id>1481719108</swisstopo:routepoint_id>
				</extensions>
			</trkpt>
			<trkpt lat="46.1416806744" lon="6.8797919377">
				<ele>1748.3</ele>
				<extensions>
					<swisstopo:routepoint_id>308404817</swisstopo:routepoint_id>
				</extensions>
			</trkpt>
			<trkpt lat="46.1416992645" lon="6.8797351286">
				<ele>1747.5</ele>
				<extensions>
					<swisstopo:routepoint_id>1215524504</swisstopo:routepoint_id>
				</extensions>
			</trkpt>
			<trkpt lat="46.1417277616" lon="6.8796796592">
				<ele>1746.1</ele>
				<extensions>
					<swisstopo:routepoint_id>173843832</swisstopo:routepoint_id>
				</extensions>
			</trkpt>
			<trkpt lat="46.1417436251" lon="6.8796453866">
				<ele>1745.0</ele>
				<extensions>
					<swisstopo:routepoint_id>1775290750</swisstopo:routepoint_id>
				</extensions>
			</trkpt>
			<trkpt lat="46.1417605732" lon="6.8795798356">
				<ele>1743.5</ele>
				<extensions>
					<swisstopo:routepoint_id>746684253</swisstopo:routepoint_id>
				</extensions>
			</trkpt>
			<trkpt lat="46.1417663235" lon="6.8795130339">
				<ele>1742.1</ele>
				<extensions>
					<swisstopo:routepoint_id>1614458414</swisstopo:routepoint_id>
				</extensions>
			</trkpt>
			<trkpt lat="46.1417821675" lon="6.8794801896">
				<ele>1741.0</ele>
				<extensions>
					<swisstopo:routepoint_id>111642035</swisstopo:routepoint_id>
				</extensions>
			</trkpt>
			<trkpt lat="46.1418079068" lon="6.8794444765">
				<ele>1738.8</ele>
				<extensions>
					<swisstopo:routepoint_id>713619790</swisstopo:routepoint_id>
				</extensions>
			</trkpt>
			<trkpt lat="46.1418131406" lon="6.8794048525">
				<ele>1738.0</ele>
				<extensions>
					<swisstopo:routepoint_id>1355715780</swisstopo:routepoint_id>
				</extensions>
			</trkpt>
			<trkpt lat="46.1418324349" lon="6.8793590691">
				<ele>1736.5</ele>
				<extensions>
					<swisstopo:routepoint_id>908931213</swisstopo:routepoint_id>
				</extensions>
			</trkpt>
			<trkpt lat="46.1418533893" lon="6.8793257176">
				<ele>1735.4</ele>
				<extensions>
					<swisstopo:routepoint_id>101889296</swisstopo:routepoint_id>
				</extensions>
			</trkpt>
			<trkpt lat="46.1418669596" lon="6.8792878411">
				<ele>1734.3</ele>
				<extensions>
					<swisstopo:routepoint_id>525281559</swisstopo:routepoint_id>
				</extensions>
			</trkpt>
			<trkpt lat="46.1418714951" lon="6.8792348525">
				<ele>1733.1</ele>
				<extensions>
					<swisstopo:routepoint_id>735493613</swisstopo:routepoint_id>
				</extensions>
			</trkpt>
			<trkpt lat="46.1418936049" lon="6.8791757070">
				<ele>1731.3</ele>
				<extensions>
					<swisstopo:routepoint_id>1234204798</swisstopo:routepoint_id>
				</extensions>
			</trkpt>
			<trkpt lat="46.1419116027" lon="6.8791253489">
				<ele>1729.7</ele>
				<extensions>
					<swisstopo:routepoint_id>1244967417</swisstopo:routepoint_id>
				</extensions>
			</trkpt>
			<trkpt lat="46.1419173937" lon="6.8790686697">
				<ele>1728.2</ele>
				<extensions>
					<swisstopo:routepoint_id>1499875529</swisstopo:routepoint_id>
				</extensions>
			</trkpt>
			<trkpt lat="46.1419074794" lon="6.8790052502">
				<ele>1726.7</ele>
				<extensions>
					<swisstopo:routepoint_id>1143403555</swisstopo:routepoint_id>
				</extensions>
			</trkpt>
			<trkpt lat="46.1418908083" lon="6.8789326989">
				<ele>1725.2</ele>
				<extensions>
					<swisstopo:routepoint_id>1424866636</swisstopo:routepoint_id>
				</extensions>
			</trkpt>
			<trkpt lat="46.1418829531" lon="6.8788699914">
				<ele>1723.8</ele>
				<extensions>
					<swisstopo:routepoint_id>1818808062</swisstopo:routepoint_id>
				</extensions>
			</trkpt>
			<trkpt lat="46.1418882525" lon="6.8788401488">
				<ele>1723.1</ele>
				<extensions>
					<swisstopo:routepoint_id>300502937</swisstopo:routepoint_id>
				</extensions>
			</trkpt>
			<trkpt lat="46.1419088448" lon="6.8787761399">
				<ele>1721.2</ele>
				<extensions>
					<swisstopo:routepoint_id>1759326640</swisstopo:routepoint_id>
				</extensions>
			</trkpt>
			<trkpt lat="46.1419362565" lon="6.8787001940">
				<ele>1718.6</ele>
				<extensions>
					<swisstopo:routepoint_id>685991048</swisstopo:routepoint_id>
				</extensions>
			</trkpt>
			<trkpt lat="46.1419479808" lon="6.8786514165">
				<ele>1719.3</ele>
				<extensions>
					<swisstopo:routepoint_id>742275153</swisstopo:routepoint_id>
				</extensions>
			</trkpt>
			<trkpt lat="46.1419499604" lon="6.8785700807">
				<ele>1716.9</ele>
				<extensions>
					<swisstopo:routepoint_id>1470841110</swisstopo:routepoint_id>
				</extensions>
			</trkpt>
			<trkpt lat="46.1419692555" lon="6.8785013962">
				<ele>1714.6</ele>
				<extensions>
					<swisstopo:routepoint_id>24619962</swisstopo:routepoint_id>
				</extensions>
			</trkpt>
			<trkpt lat="46.1420063995" lon="6.8784252116">
				<ele>1710.2</ele>
				<extensions>
					<swisstopo:routepoint_id>2012045553</swisstopo:routepoint_id>
				</extensions>
			</trkpt>
			<trkpt lat="46.1420557521" lon="6.8783450224">
				<ele>1706.6</ele>
				<extensions>
					<swisstopo:routepoint_id>1526881308</swisstopo:routepoint_id>
				</extensions>
			</trkpt>
			<trkpt lat="46.1421224241" lon="6.8782337550">
				<ele>1702.5</ele>
				<extensions>
					<swisstopo:routepoint_id>312112926</swisstopo:routepoint_id>
				</extensions>
			</trkpt>
			<trkpt lat="46.1421883051" lon="6.8781437661">
				<ele>1698.7</ele>
				<extensions>
					<swisstopo:routepoint_id>1187031308</swisstopo:routepoint_id>
				</extensions>
			</trkpt>
			<trkpt lat="46.1422217512" lon="6.8781122327">
				<ele>1695.9</ele>
				<extensions>
					<swisstopo:routepoint_id>1303101402</swisstopo:routepoint_id>
				</extensions>
			</trkpt>
			<trkpt lat="46.1422062487" lon="6.8780380389">
				<ele>1694.4</ele>
				<extensions>
					<swisstopo:routepoint_id>1381816580</swisstopo:routepoint_id>
				</extensions>
			</trkpt>
			<trkpt lat="46.1422083687" lon="6.8779887903">
				<ele>1691.1</ele>
				<extensions>
					<swisstopo:routepoint_id>1465512689</swisstopo:routepoint_id>
				</extensions>
			</trkpt>
			<trkpt lat="46.1422366133" lon="6.8779766341">
				<ele>1688.8</ele>
				<extensions>
					<swisstopo:routepoint_id>859106210</swisstopo:routepoint_id>
				</extensions>
			</trkpt>
			<trkpt lat="46.1422315022" lon="6.8778969249">
				<ele>1685.0</ele>
				<extensions>
					<swisstopo:routepoint_id>1049579924</swisstopo:routepoint_id>
				</extensions>
			</trkpt>
			<trkpt lat="46.1422336058" lon="6.8778426085">
				<ele>1681.1</ele>
				<extensions>
					<swisstopo:routepoint_id>741402374</swisstopo:routepoint_id>
				</extensions>
			</trkpt>
			<trkpt lat="46.1422376808" lon="6.8777872481">
				<ele>1678.0</ele>
				<extensions>
					<swisstopo:routepoint_id>973292339</swisstopo:routepoint_id>
				</extensions>
			</trkpt>
			<trkpt lat="46.1422482848" lon="6.8777589307">
				<ele>1676.1</ele>
				<extensions>
					<swisstopo:routepoint_id>384016282</swisstopo:routepoint_id>
				</extensions>
			</trkpt>
			<trkpt lat="46.1422690989" lon="6.8777773092">
				<ele>1675.0</ele>
				<extensions>
					<swisstopo:routepoint_id>1309570055</swisstopo:routepoint_id>
				</extensions>
			</trkpt>
			<trkpt lat="46.1422811450" lon="6.8777581776">
				<ele>1674.3</ele>
				<extensions>
					<swisstopo:routepoint_id>238502651</swisstopo:routepoint_id>
				</extensions>
			</trkpt>
			<trkpt lat="46.1422845540" lon="6.8776533697">
				<ele>1671.2</ele>
				<extensions>
					<swisstopo:routepoint_id>1982670450</swisstopo:routepoint_id>
				</extensions>
			</trkpt>
			<trkpt lat="46.1422874236" lon="6.8775105506">
				<ele>1670.0</ele>
				<extensions>
					<swisstopo:routepoint_id>1277594108</swisstopo:routepoint_id>
				</extensions>
			</trkpt>
			<trkpt lat="46.1422857528" lon="6.8773893520">
				<ele>1669.1</ele>
				<extensions>
					<swisstopo:routepoint_id>2090317283</swisstopo:routepoint_id>
				</extensions>
			</trkpt>
			<trkpt lat="46.1422932861" lon="6.8773245532">
				<ele>1668.5</ele>
				<extensions>
					<swisstopo:routepoint_id>606791377</swisstopo:routepoint_id>
				</extensions>
			</trkpt>
			<trkpt lat="46.1423090784" lon="6.8772689212">
				<ele>1667.5</ele>
				<extensions>
					<swisstopo:routepoint_id>1747334186</swisstopo:routepoint_id>
				</extensions>
			</trkpt>
			<trkpt lat="46.1423213260" lon="6.8772194931">
				<ele>1667.0</ele>
				<extensions>
					<swisstopo:routepoint_id>1109686162</swisstopo:routepoint_id>
				</extensions>
			</trkpt>
			<trkpt lat="46.1423248933" lon="6.8771485672">
				<ele>1666.8</ele>
				<extensions>
					<swisstopo:routepoint_id>1033495414</swisstopo:routepoint_id>
				</extensions>
			</trkpt>
			<trkpt lat="46.1423093540" lon="6.8771096986">
				<ele>1667.0</ele>
				<extensions>
					<swisstopo:routepoint_id>74297703</swisstopo:routepoint_id>
				</extensions>
			</trkpt>
			<trkpt lat="46.1422958578" lon="6.8770523063">
				<ele>1667.2</ele>
				<extensions>
					<swisstopo:routepoint_id>330425835</swisstopo:routepoint_id>
				</extensions>
			</trkpt>
			<trkpt lat="46.1422921009" lon="6.8770138226">
				<ele>1667.5</ele>
				<extensions>
					<swisstopo:routepoint_id>2002864080</swisstopo:routepoint_id>
				</extensions>
			</trkpt>
			<trkpt lat="46.1422994629" lon="6.8769854876">
				<ele>1667.2</ele>
				<extensions>
					<swisstopo:routepoint_id>1883751222</swisstopo:routepoint_id>
				</extensions>
			</trkpt>
			<trkpt lat="46.1423073510" lon="6.8769196613">
				<ele>1667.1</ele>
				<extensions>
					<swisstopo:routepoint_id>2054193542</swisstopo:routepoint_id>
				</extensions>
			</trkpt>
			<trkpt lat="46.1423090587" lon="6.8768333608">
				<ele>1666.6</ele>
				<extensions>
					<swisstopo:routepoint_id>729707016</swisstopo:routepoint_id>
				</extensions>
			</trkpt>
			<trkpt lat="46.1423220049" lon="6.8767813472">
				<ele>1665.5</ele>
				<extensions>
					<swisstopo:routepoint_id>605177144</swisstopo:routepoint_id>
				</extensions>
			</trkpt>
			<trkpt lat="46.1423513891" lon="6.8767296834">
				<ele>1663.6</ele>
				<extensions>
					<swisstopo:routepoint_id>2099476943</swisstopo:routepoint_id>
				</extensions>
			</trkpt>
			<trkpt lat="46.1423547852" lon="6.8766952339">
				<ele>1663.1</ele>
				<extensions>
					<swisstopo:routepoint_id>1460188916</swisstopo:routepoint_id>
				</extensions>
			</trkpt>
			<trkpt lat="46.1423721209" lon="6.8766621836">
				<ele>1662.2</ele>
				<extensions>
					<swisstopo:routepoint_id>1193616049</swisstopo:routepoint_id>
				</extensions>
			</trkpt>
			<trkpt lat="46.1423676411" lon="6.8766232017">
				<ele>1662.1</ele>
				<extensions>
					<swisstopo:routepoint_id>1799245008</swisstopo:routepoint_id>
				</extensions>
			</trkpt>
			<trkpt lat="46.1423702646" lon="6.8765764376">
				<ele>1661.9</ele>
				<extensions>
					<swisstopo:routepoint_id>1840679549</swisstopo:routepoint_id>
				</extensions>
			</trkpt>
			<trkpt lat="46.1423698578" lon="6.8764942661">
				<ele>1661.7</ele>
				<extensions>
					<swisstopo:routepoint_id>1790467159</swisstopo:routepoint_id>
				</extensions>
			</trkpt>
			<trkpt lat="46.1423699153" lon="6.8764331331">
				<ele>1660.3</ele>
				<extensions>
					<swisstopo:routepoint_id>1785608791</swisstopo:routepoint_id>
				</extensions>
			</trkpt>
			<trkpt lat="46.1423829579" lon="6.8764006321">
				<ele>1658.9</ele>
				<extensions>
					<swisstopo:routepoint_id>608178752</swisstopo:routepoint_id>
				</extensions>
			</trkpt>
			<trkpt lat="46.1424003139" lon="6.8763717016">
				<ele>1658.0</ele>
				<extensions>
					<swisstopo:routepoint_id>162052564</swisstopo:routepoint_id>
				</extensions>
			</trkpt>
			<trkpt lat="46.1424132446" lon="6.8763166043">
				<ele>1657.3</ele>
				<extensions>
					<swisstopo:routepoint_id>1255508798</swisstopo:routepoint_id>
				</extensions>
			</trkpt>
			<trkpt lat="46.1424204259" lon="6.8762518214">
				<ele>1657.2</ele>
				<extensions>
					<swisstopo:routepoint_id>336629228</swisstopo:routepoint_id>
				</extensions>
			</trkpt>
			<trkpt lat="46.1424225046" lon="6.8761660224">
				<ele>1658.1</ele>
				<extensions>
					<swisstopo:routepoint_id>620103217</swisstopo:routepoint_id>
				</extensions>
			</trkpt>
			<trkpt lat="46.1424299863" lon="6.8760909486">
				<ele>1658.3</ele>
				<extensions>
					<swisstopo:routepoint_id>90500299</swisstopo:routepoint_id>
				</extensions>
			</trkpt>
			<trkpt lat="46.1424216075" lon="6.8760576561">
				<ele>1658.6</ele>
				<extensions>
					<swisstopo:routepoint_id>1972056471</swisstopo:routepoint_id>
				</extensions>
			</trkpt>
			<trkpt lat="46.1424135405" lon="6.8760145910">
				<ele>1659.4</ele>
				<extensions>
					<swisstopo:routepoint_id>210304198</swisstopo:routepoint_id>
				</extensions>
			</trkpt>
			<trkpt lat="46.1424086644" lon="6.8759684092">
				<ele>1659.7</ele>
				<extensions>
					<swisstopo:routepoint_id>1475920385</swisstopo:routepoint_id>
				</extensions>
			</trkpt>
			<trkpt lat="46.1423999267" lon="6.8759335786">
				<ele>1660.4</ele>
				<extensions>
					<swisstopo:routepoint_id>535585166</swisstopo:routepoint_id>
				</extensions>
			</trkpt>
			<trkpt lat="46.1423956691" lon="6.8758668529">
				<ele>1660.5</ele>
				<extensions>
					<swisstopo:routepoint_id>1677438026</swisstopo:routepoint_id>
				</extensions>
			</trkpt>
			<trkpt lat="46.1423618457" lon="6.8758132714">
				<ele>1661.2</ele>
				<extensions>
					<swisstopo:routepoint_id>1741775869</swisstopo:routepoint_id>
				</extensions>
			</trkpt>
			<trkpt lat="46.1423545602" lon="6.8757861101">
				<ele>1661.2</ele>
				<extensions>
					<swisstopo:routepoint_id>1975732369</swisstopo:routepoint_id>
				</extensions>
			</trkpt>
			<trkpt lat="46.1423413890" lon="6.8757199941">
				<ele>1661.1</ele>
				<extensions>
					<swisstopo:routepoint_id>1615170407</swisstopo:routepoint_id>
				</extensions>
			</trkpt>
			<trkpt lat="46.1423433542" lon="6.8756840301">
				<ele>1660.8</ele>
				<extensions>
					<swisstopo:routepoint_id>2041528018</swisstopo:routepoint_id>
				</extensions>
			</trkpt>
			<trkpt lat="46.1423434559" lon="6.8756336772">
				<ele>1659.9</ele>
				<extensions>
					<swisstopo:routepoint_id>1485101236</swisstopo:routepoint_id>
				</extensions>
			</trkpt>
			<trkpt lat="46.1423393282" lon="6.8755931500">
				<ele>1659.6</ele>
				<extensions>
					<swisstopo:routepoint_id>776949228</swisstopo:routepoint_id>
				</extensions>
			</trkpt>
			<trkpt lat="46.1423271333" lon="6.8755804344">
				<ele>1659.8</ele>
				<extensions>
					<swisstopo:routepoint_id>1229990750</swisstopo:routepoint_id>
				</extensions>
			</trkpt>
			<trkpt lat="46.1423176674" lon="6.8755440694">
				<ele>1660.7</ele>
				<extensions>
					<swisstopo:routepoint_id>498899634</swisstopo:routepoint_id>
				</extensions>
			</trkpt>
			<trkpt lat="46.1423054230" lon="6.8755231393">
				<ele>1661.0</ele>
				<extensions>
					<swisstopo:routepoint_id>973789003</swisstopo:routepoint_id>
				</extensions>
			</trkpt>
			<trkpt lat="46.1423030070" lon="6.8754681993">
				<ele>1661.0</ele>
				<extensions>
					<swisstopo:routepoint_id>1654976021</swisstopo:routepoint_id>
				</extensions>
			</trkpt>
			<trkpt lat="46.1423024889" lon="6.8754363557">
				<ele>1660.9</ele>
				<extensions>
					<swisstopo:routepoint_id>352624642</swisstopo:routepoint_id>
				</extensions>
			</trkpt>
			<trkpt lat="46.1423127464" lon="6.8754162309">
				<ele>1660.0</ele>
				<extensions>
					<swisstopo:routepoint_id>237167982</swisstopo:routepoint_id>
				</extensions>
			</trkpt>
			<trkpt lat="46.1423265268" lon="6.8753873116">
				<ele>1659.3</ele>
				<extensions>
					<swisstopo:routepoint_id>1031910222</swisstopo:routepoint_id>
				</extensions>
			</trkpt>
			<trkpt lat="46.1423309508" lon="6.8753441184">
				<ele>1658.5</ele>
				<extensions>
					<swisstopo:routepoint_id>1275493168</swisstopo:routepoint_id>
				</extensions>
			</trkpt>
			<trkpt lat="46.1423257753" lon="6.8753066856">
				<ele>1657.5</ele>
				<extensions>
					<swisstopo:routepoint_id>785625332</swisstopo:routepoint_id>
				</extensions>
			</trkpt>
			<trkpt lat="46.1423073782" lon="6.8752709180">
				<ele>1656.4</ele>
				<extensions>
					<swisstopo:routepoint_id>1463049526</swisstopo:routepoint_id>
				</extensions>
			</trkpt>
			<trkpt lat="46.1422897598" lon="6.8752433700">
				<ele>1655.6</ele>
				<extensions>
					<swisstopo:routepoint_id>790619645</swisstopo:routepoint_id>
				</extensions>
			</trkpt>
			<trkpt lat="46.1422888738" lon="6.8752099883">
				<ele>1655.2</ele>
				<extensions>
					<swisstopo:routepoint_id>580009454</swisstopo:routepoint_id>
				</extensions>
			</trkpt>
			<trkpt lat="46.1422911314" lon="6.8751621916">
				<ele>1654.7</ele>
				<extensions>
					<swisstopo:routepoint_id>2065743329</swisstopo:routepoint_id>
				</extensions>
			</trkpt>
			<trkpt lat="46.1422783852" lon="6.8751109595">
				<ele>1654.2</ele>
				<extensions>
					<swisstopo:routepoint_id>1333819245</swisstopo:routepoint_id>
				</extensions>
			</trkpt>
			<trkpt lat="46.1422692130" lon="6.8750612329">
				<ele>1653.9</ele>
				<extensions>
					<swisstopo:routepoint_id>1606954731</swisstopo:routepoint_id>
				</extensions>
			</trkpt>
			<trkpt lat="46.1422743447" lon="6.8750154794">
				<ele>1653.2</ele>
				<extensions>
					<swisstopo:routepoint_id>1527240525</swisstopo:routepoint_id>
				</extensions>
			</trkpt>
			<trkpt lat="46.1422808711" lon="6.8749640369">
				<ele>1652.2</ele>
				<extensions>
					<swisstopo:routepoint_id>289113777</swisstopo:routepoint_id>
				</extensions>
			</trkpt>
			<trkpt lat="46.1422950015" lon="6.8749330789">
				<ele>1651.5</ele>
				<extensions>
					<swisstopo:routepoint_id>1388017134</swisstopo:routepoint_id>
				</extensions>
			</trkpt>
			<trkpt lat="46.1422980241" lon="6.8748960676">
				<ele>1650.8</ele>
				<extensions>
					<swisstopo:routepoint_id>154815893</swisstopo:routepoint_id>
				</extensions>
			</trkpt>
			<trkpt lat="46.1422942741" lon="6.8748591259">
				<ele>1649.8</ele>
				<extensions>
					<swisstopo:routepoint_id>1701947819</swisstopo:routepoint_id>
				</extensions>
			</trkpt>
			<trkpt lat="46.1422719372" lon="6.8748172314">
				<ele>1648.6</ele>
				<extensions>
					<swisstopo:routepoint_id>1917976527</swisstopo:routepoint_id>
				</extensions>
			</trkpt>
			<trkpt lat="46.1422564520" lon="6.8747911910">
				<ele>1648.5</ele>
				<extensions>
					<swisstopo:routepoint_id>1723007525</swisstopo:routepoint_id>
				</extensions>
			</trkpt>
			<trkpt lat="46.1422516929" lon="6.8747686423">
				<ele>1648.5</ele>
				<extensions>
					<swisstopo:routepoint_id>1258412683</swisstopo:routepoint_id>
				</extensions>
			</trkpt>
			<trkpt lat="46.1422515424" lon="6.8747383366">
				<ele>1647.6</ele>
				<extensions>
					<swisstopo:routepoint_id>1634677022</swisstopo:routepoint_id>
				</extensions>
			</trkpt>
			<trkpt lat="46.1422460346" lon="6.8747065568">
				<ele>1647.5</ele>
				<extensions>
					<swisstopo:routepoint_id>924152818</swisstopo:routepoint_id>
				</extensions>
			</trkpt>
			<trkpt lat="46.1422209090" lon="6.8746780499">
				<ele>1647.0</ele>
				<extensions>
					<swisstopo:routepoint_id>1159979812</swisstopo:routepoint_id>
				</extensions>
			</trkpt>
			<trkpt lat="46.1422089674" lon="6.8746473601">
				<ele>1646.9</ele>
				<extensions>
					<swisstopo:routepoint_id>1007432680</swisstopo:routepoint_id>
				</extensions>
			</trkpt>
			<trkpt lat="46.1422079446" lon="6.8745846964">
				<ele>1647.2</ele>
				<extensions>
					<swisstopo:routepoint_id>138438283</swisstopo:routepoint_id>
				</extensions>
			</trkpt>
			<trkpt lat="46.1422064099" lon="6.8744932981">
				<ele>1647.6</ele>
				<extensions>
					<swisstopo:routepoint_id>496790317</swisstopo:routepoint_id>
				</extensions>
			</trkpt>
			<trkpt lat="46.1422062876" lon="6.8743962232">
				<ele>1648.6</ele>
				<extensions>
					<swisstopo:routepoint_id>1539057376</swisstopo:routepoint_id>
				</extensions>
			</trkpt>
			<trkpt lat="46.1422060196" lon="6.8743422849">
				<ele>1648.8</ele>
				<extensions>
					<swisstopo:routepoint_id>108826539</swisstopo:routepoint_id>
				</extensions>
			</trkpt>
			<trkpt lat="46.1421972048" lon="6.8742920491">
				<ele>1649.3</ele>
				<extensions>
					<swisstopo:routepoint_id>1670385110</swisstopo:routepoint_id>
				</extensions>
			</trkpt>
			<trkpt lat="46.1421958840" lon="6.8742401818">
				<ele>1649.6</ele>
				<extensions>
					<swisstopo:routepoint_id>1175101446</swisstopo:routepoint_id>
				</extensions>
			</trkpt>
			<trkpt lat="46.1421977622" lon="6.8741179231">
				<ele>1651.2</ele>
				<extensions>
					<swisstopo:routepoint_id>1939027753</swisstopo:routepoint_id>
				</extensions>
			</trkpt>
			<trkpt lat="46.1422092086" lon="6.8740489761">
				<ele>1652.0</ele>
				<extensions>
					<swisstopo:routepoint_id>1824077354</swisstopo:routepoint_id>
				</extensions>
			</trkpt>
			<trkpt lat="46.1422251296" lon="6.8740195415">
				<ele>1652.6</ele>
				<extensions>
					<swisstopo:routepoint_id>1398841409</swisstopo:routepoint_id>
				</extensions>
			</trkpt>
			<trkpt lat="46.1422363832" lon="6.8739860349">
				<ele>1653.1</ele>
				<extensions>
					<swisstopo:routepoint_id>1591242500</swisstopo:routepoint_id>
				</extensions>
			</trkpt>
			<trkpt lat="46.1422379595" lon="6.8739444127">
				<ele>1653.0</ele>
				<extensions>
					<swisstopo:routepoint_id>1159125091</swisstopo:routepoint_id>
				</extensions>
			</trkpt>
			<trkpt lat="46.1422241870" lon="6.8739024431">
				<ele>1652.7</ele>
				<extensions>
					<swisstopo:routepoint_id>577220370</swisstopo:routepoint_id>
				</extensions>
			</trkpt>
			<trkpt lat="46.1421938271" lon="6.8738654342">
				<ele>1653.7</ele>
				<extensions>
					<swisstopo:routepoint_id>1055568491</swisstopo:routepoint_id>
				</extensions>
			</trkpt>
			<trkpt lat="46.1421734183" lon="6.8737926824">
				<ele>1653.6</ele>
				<extensions>
					<swisstopo:routepoint_id>239126404</swisstopo:routepoint_id>
				</extensions>
			</trkpt>
			<trkpt lat="46.1421825404" lon="6.8737298004">
				<ele>1653.4</ele>
				<extensions>
					<swisstopo:routepoint_id>948218913</swisstopo:routepoint_id>
				</extensions>
			</trkpt>
			<trkpt lat="46.1422095229" lon="6.8737006817">
				<ele>1652.9</ele>
				<extensions>
					<swisstopo:routepoint_id>600462538</swisstopo:routepoint_id>
				</extensions>
			</trkpt>
			<trkpt lat="46.1422081347" lon="6.8736582686">
				<ele>1653.0</ele>
				<extensions>
					<swisstopo:routepoint_id>1113962212</swisstopo:routepoint_id>
				</extensions>
			</trkpt>
			<trkpt lat="46.1421937463" lon="6.8736125896">
				<ele>1652.6</ele>
				<extensions>
					<swisstopo:routepoint_id>391052176</swisstopo:routepoint_id>
				</extensions>
			</trkpt>
			<trkpt lat="46.1421935858" lon="6.8735803632">
				<ele>1652.1</ele>
				<extensions>
					<swisstopo:routepoint_id>2020883704</swisstopo:routepoint_id>
				</extensions>
			</trkpt>
			<trkpt lat="46.1422128611" lon="6.8735170987">
				<ele>1652.4</ele>
				<extensions>
					<swisstopo:routepoint_id>1586807450</swisstopo:routepoint_id>
				</extensions>
			</trkpt>
			<trkpt lat="46.1422305178" lon="6.8734587165">
				<ele>1651.1</ele>
				<extensions>
					<swisstopo:routepoint_id>494193257</swisstopo:routepoint_id>
				</extensions>
			</trkpt>
			<trkpt lat="46.1422416185" lon="6.8734121684">
				<ele>1649.1</ele>
				<extensions>
					<swisstopo:routepoint_id>235515354</swisstopo:routepoint_id>
				</extensions>
			</trkpt>
			<trkpt lat="46.1422493635" lon="6.8734485886">
				<ele>1647.8</ele>
				<extensions>
					<swisstopo:routepoint_id>1494065675</swisstopo:routepoint_id>
				</extensions>
			</trkpt>
			<trkpt lat="46.1422861684" lon="6.8734425980">
				<ele>1645.7</ele>
				<extensions>
					<swisstopo:routepoint_id>558585416</swisstopo:routepoint_id>
				</extensions>
			</trkpt>
			<trkpt lat="46.1423205388" lon="6.8734205309">
				<ele>1642.3</ele>
				<extensions>
					<swisstopo:routepoint_id>845636066</swisstopo:routepoint_id>
				</extensions>
			</trkpt>
			<trkpt lat="46.1423616262" lon="6.8733272145">
				<ele>1641.3</ele>
				<extensions>
					<swisstopo:routepoint_id>1889687707</swisstopo:routepoint_id>
				</extensions>
			</trkpt>
			<trkpt lat="46.1423491522" lon="6.8732902364">
				<ele>1639.9</ele>
				<extensions>
					<swisstopo:routepoint_id>2010112152</swisstopo:routepoint_id>
				</extensions>
			</trkpt>
			<trkpt lat="46.1423662851" lon="6.8732219508">
				<ele>1638.3</ele>
				<extensions>
					<swisstopo:routepoint_id>70011523</swisstopo:routepoint_id>
				</extensions>
			</trkpt>
			<trkpt lat="46.1423433021" lon="6.8731615734">
				<ele>1637.0</ele>
				<extensions>
					<swisstopo:routepoint_id>496275153</swisstopo:routepoint_id>
				</extensions>
			</trkpt>
			<trkpt lat="46.1423629243" lon="6.8731186404">
				<ele>1635.6</ele>
				<extensions>
					<swisstopo:routepoint_id>777784806</swisstopo:routepoint_id>
				</extensions>
			</trkpt>
			<trkpt lat="46.1424132419" lon="6.8730759721">
				<ele>1634.0</ele>
				<extensions>
					<swisstopo:routepoint_id>1124194616</swisstopo:routepoint_id>
				</extensions>
			</trkpt>
			<trkpt lat="46.1424454036" lon="6.8729914174">
				<ele>1632.7</ele>
				<extensions>
					<swisstopo:routepoint_id>11822020</swisstopo:routepoint_id>
				</extensions>
			</trkpt>
			<trkpt lat="46.1424817802" lon="6.8729012581">
				<ele>1629.1</ele>
				<extensions>
					<swisstopo:routepoint_id>427529726</swisstopo:routepoint_id>
				</extensions>
			</trkpt>
			<trkpt lat="46.1425111198" lon="6.8728198415">
				<ele>1626.9</ele>
				<extensions>
					<swisstopo:routepoint_id>1987281531</swisstopo:routepoint_id>
				</extensions>
			</trkpt>
			<trkpt lat="46.1425132761" lon="6.8727783520">
				<ele>1625.5</ele>
				<extensions>
					<swisstopo:routepoint_id>741969259</swisstopo:routepoint_id>
				</extensions>
			</trkpt>
			<trkpt lat="46.1425310405" lon="6.8727416307">
				<ele>1623.5</ele>
				<extensions>
					<swisstopo:routepoint_id>2058597668</swisstopo:routepoint_id>
				</extensions>
			</trkpt>
			<trkpt lat="46.1425885796" lon="6.8726338874">
				<ele>1622.1</ele>
				<extensions>
					<swisstopo:routepoint_id>2032099187</swisstopo:routepoint_id>
				</extensions>
			</trkpt>
			<trkpt lat="46.1426048036" lon="6.8725736742">
				<ele>1621.9</ele>
				<extensions>
					<swisstopo:routepoint_id>1115580671</swisstopo:routepoint_id>
				</extensions>
			</trkpt>
			<trkpt lat="46.1426460628" lon="6.8725131520">
				<ele>1620.9</ele>
				<extensions>
					<swisstopo:routepoint_id>352209229</swisstopo:routepoint_id>
				</extensions>
			</trkpt>
			<trkpt lat="46.1427318411" lon="6.8723852743">
				<ele>1619.4</ele>
				<extensions>
					<swisstopo:routepoint_id>1298579670</swisstopo:routepoint_id>
				</extensions>
			</trkpt>
			<trkpt lat="46.1427584197" lon="6.8723175098">
				<ele>1620.5</ele>
				<extensions>
					<swisstopo:routepoint_id>479993286</swisstopo:routepoint_id>
				</extensions>
			</trkpt>
			<trkpt lat="46.1427917398" lon="6.8722768866">
				<ele>1620.1</ele>
				<extensions>
					<swisstopo:routepoint_id>865436231</swisstopo:routepoint_id>
				</extensions>
			</trkpt>
			<trkpt lat="46.1428286577" lon="6.8721984746">
				<ele>1618.4</ele>
				<extensions>
					<swisstopo:routepoint_id>1257339473</swisstopo:routepoint_id>
				</extensions>
			</trkpt>
			<trkpt lat="46.1428406700" lon="6.8721463552">
				<ele>1616.6</ele>
				<extensions>
					<swisstopo:routepoint_id>1872335052</swisstopo:routepoint_id>
				</extensions>
			</trkpt>
			<trkpt lat="46.1428714637" lon="6.8721645529">
				<ele>1614.8</ele>
				<extensions>
					<swisstopo:routepoint_id>1525084171</swisstopo:routepoint_id>
				</extensions>
			</trkpt>
			<trkpt lat="46.1428964068" lon="6.8721475492">
				<ele>1614.2</ele>
				<extensions>
					<swisstopo:routepoint_id>1314621101</swisstopo:routepoint_id>
				</extensions>
			</trkpt>
			<trkpt lat="46.1429498419" lon="6.8721593075">
				<ele>1612.8</ele>
				<extensions>
					<swisstopo:routepoint_id>472838943</swisstopo:routepoint_id>
				</extensions>
			</trkpt>
			<trkpt lat="46.1429724158" lon="6.8721411022">
				<ele>1612.5</ele>
				<extensions>
					<swisstopo:routepoint_id>1441437250</swisstopo:routepoint_id>
				</extensions>
			</trkpt>
			<trkpt lat="46.1430080119" lon="6.8720812697">
				<ele>1611.7</ele>
				<extensions>
					<swisstopo:routepoint_id>1422073359</swisstopo:routepoint_id>
				</extensions>
			</trkpt>
			<trkpt lat="46.1430640281" lon="6.8719518779">
				<ele>1610.6</ele>
				<extensions>
					<swisstopo:routepoint_id>1851517827</swisstopo:routepoint_id>
				</extensions>
			</trkpt>
			<trkpt lat="46.1431368559" lon="6.8717833089">
				<ele>1608.5</ele>
				<extensions>
					<swisstopo:routepoint_id>1028045306</swisstopo:routepoint_id>
				</extensions>
			</trkpt>
			<trkpt lat="46.1431854625" lon="6.8716830999">
				<ele>1607.5</ele>
				<extensions>
					<swisstopo:routepoint_id>1098271553</swisstopo:routepoint_id>
				</extensions>
			</trkpt>
			<trkpt lat="46.1432271652" lon="6.8716182495">
				<ele>1606.6</ele>
				<extensions>
					<swisstopo:routepoint_id>1012412162</swisstopo:routepoint_id>
				</extensions>
			</trkpt>
			<trkpt lat="46.1432750822" lon="6.8715681726">
				<ele>1604.5</ele>
				<extensions>
					<swisstopo:routepoint_id>1981310992</swisstopo:routepoint_id>
				</extensions>
			</trkpt>
			<trkpt lat="46.1433123453" lon="6.8715572151">
				<ele>1603.1</ele>
				<extensions>
					<swisstopo:routepoint_id>2030944630</swisstopo:routepoint_id>
				</extensions>
			</trkpt>
			<trkpt lat="46.1433417952" lon="6.8714980709">
				<ele>1602.7</ele>
				<extensions>
					<swisstopo:routepoint_id>1322828682</swisstopo:routepoint_id>
				</extensions>
			</trkpt>
			<trkpt lat="46.1433635025" lon="6.8714031254">
				<ele>1602.1</ele>
				<extensions>
					<swisstopo:routepoint_id>390042418</swisstopo:routepoint_id>
				</extensions>
			</trkpt>
			<trkpt lat="46.1433632613" lon="6.8713548543">
				<ele>1601.6</ele>
				<extensions>
					<swisstopo:routepoint_id>1892216063</swisstopo:routepoint_id>
				</extensions>
			</trkpt>
			<trkpt lat="46.1433675584" lon="6.8712725000">
				<ele>1600.8</ele>
				<extensions>
					<swisstopo:routepoint_id>51605172</swisstopo:routepoint_id>
				</extensions>
			</trkpt>
			<trkpt lat="46.1433520881" lon="6.8712021231">
				<ele>1599.7</ele>
				<extensions>
					<swisstopo:routepoint_id>1194554425</swisstopo:routepoint_id>
				</extensions>
			</trkpt>
			<trkpt lat="46.1433603134" lon="6.8711481717">
				<ele>1598.7</ele>
				<extensions>
					<swisstopo:routepoint_id>2035625426</swisstopo:routepoint_id>
				</extensions>
			</trkpt>
			<trkpt lat="46.1433867989" lon="6.8710636983">
				<ele>1597.8</ele>
				<extensions>
					<swisstopo:routepoint_id>1281558227</swisstopo:routepoint_id>
				</extensions>
			</trkpt>
			<trkpt lat="46.1434105363" lon="6.8709953425">
				<ele>1597.6</ele>
				<extensions>
					<swisstopo:routepoint_id>1482372782</swisstopo:routepoint_id>
				</extensions>
			</trkpt>
			<trkpt lat="46.1434178117" lon="6.8709376976">
				<ele>1597.4</ele>
				<extensions>
					<swisstopo:routepoint_id>1928185316</swisstopo:routepoint_id>
				</extensions>
			</trkpt>
			<trkpt lat="46.1434307634" lon="6.8708855614">
				<ele>1597.4</ele>
				<extensions>
					<swisstopo:routepoint_id>2098277929</swisstopo:routepoint_id>
				</extensions>
			</trkpt>
			<trkpt lat="46.1434676436" lon="6.8708015742">
				<ele>1597.2</ele>
				<extensions>
					<swisstopo:routepoint_id>392005154</swisstopo:routepoint_id>
				</extensions>
			</trkpt>
			<trkpt lat="46.1434940974" lon="6.8707722565">
				<ele>1596.2</ele>
				<extensions>
					<swisstopo:routepoint_id>1443349038</swisstopo:routepoint_id>
				</extensions>
			</trkpt>
			<trkpt lat="46.1435293616" lon="6.8706865924">
				<ele>1595.6</ele>
				<extensions>
					<swisstopo:routepoint_id>9285546</swisstopo:routepoint_id>
				</extensions>
			</trkpt>
			<trkpt lat="46.1435582912" lon="6.8705972904">
				<ele>1594.4</ele>
				<extensions>
					<swisstopo:routepoint_id>1624636393</swisstopo:routepoint_id>
				</extensions>
			</trkpt>
			<trkpt lat="46.1435747023" lon="6.8705237902">
				<ele>1593.7</ele>
				<extensions>
					<swisstopo:routepoint_id>538277251</swisstopo:routepoint_id>
				</extensions>
			</trkpt>
			<trkpt lat="46.1435695564" lon="6.8704767955">
				<ele>1593.4</ele>
				<extensions>
					<swisstopo:routepoint_id>731533418</swisstopo:routepoint_id>
				</extensions>
			</trkpt>
			<trkpt lat="46.1435489876" lon="6.8704304220">
				<ele>1593.2</ele>
				<extensions>
					<swisstopo:routepoint_id>91273568</swisstopo:routepoint_id>
				</extensions>
			</trkpt>
			<trkpt lat="46.1435494163" lon="6.8703897017">
				<ele>1593.2</ele>
				<extensions>
					<swisstopo:routepoint_id>594661758</swisstopo:routepoint_id>
				</extensions>
			</trkpt>
			<trkpt lat="46.1435692589" lon="6.8703453741">
				<ele>1593.9</ele>
				<extensions>
					<swisstopo:routepoint_id>557509717</swisstopo:routepoint_id>
				</extensions>
			</trkpt>
			<trkpt lat="46.1436303765" lon="6.8702720047">
				<ele>1593.5</ele>
				<extensions>
					<swisstopo:routepoint_id>2068553000</swisstopo:routepoint_id>
				</extensions>
			</trkpt>
			<trkpt lat="46.1436796362" lon="6.8702235552">
				<ele>1592.3</ele>
				<extensions>
					<swisstopo:routepoint_id>1898576818</swisstopo:routepoint_id>
				</extensions>
			</trkpt>
			<trkpt lat="46.1437031931" lon="6.8701753784">
				<ele>1591.8</ele>
				<extensions>
					<swisstopo:routepoint_id>598730259</swisstopo:routepoint_id>
				</extensions>
			</trkpt>
			<trkpt lat="46.1437457805" lon="6.8701242554">
				<ele>1590.8</ele>
				<extensions>
					<swisstopo:routepoint_id>964084182</swisstopo:routepoint_id>
				</extensions>
			</trkpt>
			<trkpt lat="46.1437761556" lon="6.8701061325">
				<ele>1589.8</ele>
				<extensions>
					<swisstopo:routepoint_id>2071771520</swisstopo:routepoint_id>
				</extensions>
			</trkpt>
			<trkpt lat="46.1438080869" lon="6.8700181449">
				<ele>1589.9</ele>
				<extensions>
					<swisstopo:routepoint_id>2032227744</swisstopo:routepoint_id>
				</extensions>
			</trkpt>
			<trkpt lat="46.1438313780" lon="6.8699151684">
				<ele>1590.2</ele>
				<extensions>
					<swisstopo:routepoint_id>1548220628</swisstopo:routepoint_id>
				</extensions>
			</trkpt>
			<trkpt lat="46.1438489758" lon="6.8698191075">
				<ele>1589.0</ele>
				<extensions>
					<swisstopo:routepoint_id>14019393</swisstopo:routepoint_id>
				</extensions>
			</trkpt>
			<trkpt lat="46.1438867747" lon="6.8697625613">
				<ele>1588.3</ele>
				<extensions>
					<swisstopo:routepoint_id>1512068513</swisstopo:routepoint_id>
				</extensions>
			</trkpt>
			<trkpt lat="46.1439141299" lon="6.8697115956">
				<ele>1587.9</ele>
				<extensions>
					<swisstopo:routepoint_id>1905571232</swisstopo:routepoint_id>
				</extensions>
			</trkpt>
			<trkpt lat="46.1439624681" lon="6.8696686277">
				<ele>1587.2</ele>
				<extensions>
					<swisstopo:routepoint_id>948445838</swisstopo:routepoint_id>
				</extensions>
			</trkpt>
			<trkpt lat="46.1439945501" lon="6.8696107690">
				<ele>1585.8</ele>
				<extensions>
					<swisstopo:routepoint_id>1658679935</swisstopo:routepoint_id>
				</extensions>
			</trkpt>
			<trkpt lat="46.1440484266" lon="6.8695334983">
				<ele>1583.6</ele>
				<extensions>
					<swisstopo:routepoint_id>699145696</swisstopo:routepoint_id>
				</extensions>
			</trkpt>
			<trkpt lat="46.1440929043" lon="6.8694809962">
				<ele>1582.4</ele>
				<extensions>
					<swisstopo:routepoint_id>237444146</swisstopo:routepoint_id>
				</extensions>
			</trkpt>
			<trkpt lat="46.1441213799" lon="6.8694642638">
				<ele>1582.2</ele>
				<extensions>
					<swisstopo:routepoint_id>368256400</swisstopo:routepoint_id>
				</extensions>
			</trkpt>
			<trkpt lat="46.1441632655" lon="6.8694624580">
				<ele>1580.8</ele>
				<extensions>
					<swisstopo:routepoint_id>376441666</swisstopo:routepoint_id>
				</extensions>
			</trkpt>
			<trkpt lat="46.1442088930" lon="6.8694482777">
				<ele>1579.2</ele>
				<extensions>
					<swisstopo:routepoint_id>1372178457</swisstopo:routepoint_id>
				</extensions>
			</trkpt>
			<trkpt lat="46.1442223463" lon="6.8694560500">
				<ele>1578.4</ele>
				<extensions>
					<swisstopo:routepoint_id>990323701</swisstopo:routepoint_id>
				</extensions>
			</trkpt>
			<trkpt lat="46.1442062234" lon="6.8695168273">
				<ele>1577.8</ele>
				<extensions>
					<swisstopo:routepoint_id>1338610639</swisstopo:routepoint_id>
				</extensions>
			</trkpt>
			<trkpt lat="46.1441937993" lon="6.8696022186">
				<ele>1576.4</ele>
				<extensions>
					<swisstopo:routepoint_id>1704573717</swisstopo:routepoint_id>
				</extensions>
			</trkpt>
			<trkpt lat="46.1441819888" lon="6.8696680889">
				<ele>1575.8</ele>
				<extensions>
					<swisstopo:routepoint_id>1779981661</swisstopo:routepoint_id>
				</extensions>
			</trkpt>
			<trkpt lat="46.1441823440" lon="6.8697389706">
				<ele>1574.8</ele>
				<extensions>
					<swisstopo:routepoint_id>1541689188</swisstopo:routepoint_id>
				</extensions>
			</trkpt>
			<trkpt lat="46.1441727730" lon="6.8698222721">
				<ele>1573.7</ele>
				<extensions>
					<swisstopo:routepoint_id>1325993901</swisstopo:routepoint_id>
				</extensions>
			</trkpt>
			<trkpt lat="46.1441594534" lon="6.8698727574">
				<ele>1572.8</ele>
				<extensions>
					<swisstopo:routepoint_id>863058877</swisstopo:routepoint_id>
				</extensions>
			</trkpt>
			<trkpt lat="46.1441744755" lon="6.8698797805">
				<ele>1572.3</ele>
				<extensions>
					<swisstopo:routepoint_id>884369452</swisstopo:routepoint_id>
				</extensions>
			</trkpt>
			<trkpt lat="46.1441986731" lon="6.8698630990">
				<ele>1571.8</ele>
				<extensions>
					<swisstopo:routepoint_id>1945271340</swisstopo:routepoint_id>
				</extensions>
			</trkpt>
			<trkpt lat="46.1442484811" lon="6.8698276612">
				<ele>1570.5</ele>
				<extensions>
					<swisstopo:routepoint_id>859006982</swisstopo:routepoint_id>
				</extensions>
			</trkpt>
			<trkpt lat="46.1442932805" lon="6.8697902087">
				<ele>1568.9</ele>
				<extensions>
					<swisstopo:routepoint_id>1002559392</swisstopo:routepoint_id>
				</extensions>
			</trkpt>
			<trkpt lat="46.1443066891" lon="6.8697592560">
				<ele>1568.7</ele>
				<extensions>
					<swisstopo:routepoint_id>957719551</swisstopo:routepoint_id>
				</extensions>
			</trkpt>
			<trkpt lat="46.1443216479" lon="6.8697519029">
				<ele>1568.2</ele>
				<extensions>
					<swisstopo:routepoint_id>2124541460</swisstopo:routepoint_id>
				</extensions>
			</trkpt>
			<trkpt lat="46.1443303244" lon="6.8697723639">
				<ele>1567.6</ele>
				<extensions>
					<swisstopo:routepoint_id>1553848140</swisstopo:routepoint_id>
				</extensions>
			</trkpt>
			<trkpt lat="46.1443312315" lon="6.8698113900">
				<ele>1566.7</ele>
				<extensions>
					<swisstopo:routepoint_id>2089694854</swisstopo:routepoint_id>
				</extensions>
			</trkpt>
			<trkpt lat="46.1443281553" lon="6.8699110612">
				<ele>1565.5</ele>
				<extensions>
					<swisstopo:routepoint_id>1389785318</swisstopo:routepoint_id>
				</extensions>
			</trkpt>
			<trkpt lat="46.1443115419" lon="6.8700160295">
				<ele>1563.9</ele>
				<extensions>
					<swisstopo:routepoint_id>1919746778</swisstopo:routepoint_id>
				</extensions>
			</trkpt>
			<trkpt lat="46.1442927013" lon="6.8701025110">
				<ele>1562.5</ele>
				<extensions>
					<swisstopo:routepoint_id>1168472078</swisstopo:routepoint_id>
				</extensions>
			</trkpt>
			<trkpt lat="46.1442686888" lon="6.8701561847">
				<ele>1561.3</ele>
				<extensions>
					<swisstopo:routepoint_id>1380530838</swisstopo:routepoint_id>
				</extensions>
			</trkpt>
			<trkpt lat="46.1442930408" lon="6.8701703156">
				<ele>1560.5</ele>
				<extensions>
					<swisstopo:routepoint_id>1979288524</swisstopo:routepoint_id>
				</extensions>
			</trkpt>
			<trkpt lat="46.1443465078" lon="6.8701533245">
				<ele>1558.8</ele>
				<extensions>
					<swisstopo:routepoint_id>1691962293</swisstopo:routepoint_id>
				</extensions>
			</trkpt>
			<trkpt lat="46.1444284762" lon="6.8701247388">
				<ele>1556.1</ele>
				<extensions>
					<swisstopo:routepoint_id>1648502320</swisstopo:routepoint_id>
				</extensions>
			</trkpt>
			<trkpt lat="46.1444834368" lon="6.8701200491">
				<ele>1554.7</ele>
				<extensions>
					<swisstopo:routepoint_id>1565830494</swisstopo:routepoint_id>
				</extensions>
			</trkpt>
			<trkpt lat="46.1445362143" lon="6.8701092266">
				<ele>1553.2</ele>
				<extensions>
					<swisstopo:routepoint_id>470042880</swisstopo:routepoint_id>
				</extensions>
			</trkpt>
			<trkpt lat="46.1445918352" lon="6.8700942732">
				<ele>1551.3</ele>
				<extensions>
					<swisstopo:routepoint_id>991164437</swisstopo:routepoint_id>
				</extensions>
			</trkpt>
			<trkpt lat="46.1446104200" lon="6.8700443966">
				<ele>1550.4</ele>
				<extensions>
					<swisstopo:routepoint_id>1388569998</swisstopo:routepoint_id>
				</extensions>
			</trkpt>
			<trkpt lat="46.1446184648" lon="6.8700018840">
				<ele>1549.0</ele>
				<extensions>
					<swisstopo:routepoint_id>1723103799</swisstopo:routepoint_id>
				</extensions>
			</trkpt>
			<trkpt lat="46.1446405422" lon="6.8699354707">
				<ele>1547.2</ele>
				<extensions>
					<swisstopo:routepoint_id>555915807</swisstopo:routepoint_id>
				</extensions>
			</trkpt>
			<trkpt lat="46.1447311494" lon="6.8701092665">
				<ele>1543.5</ele>
				<extensions>
					<swisstopo:routepoint_id>1863221423</swisstopo:routepoint_id>
				</extensions>
			</trkpt>
			<trkpt lat="46.1447192374" lon="6.8700128275">
				<ele>1543.4</ele>
				<extensions>
					<swisstopo:routepoint_id>1427592701</swisstopo:routepoint_id>
				</extensions>
			</trkpt>
			<trkpt lat="46.1447008987" lon="6.8699154188">
				<ele>1543.2</ele>
				<extensions>
					<swisstopo:routepoint_id>686610176</swisstopo:routepoint_id>
				</extensions>
			</trkpt>
			<trkpt lat="46.1446770700" lon="6.8698601930">
				<ele>1542.9</ele>
				<extensions>
					<swisstopo:routepoint_id>372116320</swisstopo:routepoint_id>
				</extensions>
			</trkpt>
			<trkpt lat="46.1446617767" lon="6.8698007648">
				<ele>1543.4</ele>
				<extensions>
					<swisstopo:routepoint_id>808315206</swisstopo:routepoint_id>
				</extensions>
			</trkpt>
			<trkpt lat="46.1446512377" lon="6.8697084004">
				<ele>1543.9</ele>
				<extensions>
					<swisstopo:routepoint_id>1317645010</swisstopo:routepoint_id>
				</extensions>
			</trkpt>
			<trkpt lat="46.1446791154" lon="6.8696670217">
				<ele>1543.7</ele>
				<extensions>
					<swisstopo:routepoint_id>1371723365</swisstopo:routepoint_id>
				</extensions>
			</trkpt>
			<trkpt lat="46.1447094986" lon="6.8696575686">
				<ele>1543.6</ele>
				<extensions>
					<swisstopo:routepoint_id>738227212</swisstopo:routepoint_id>
				</extensions>
			</trkpt>
			<trkpt lat="46.1447760167" lon="6.8696785421">
				<ele>1543.6</ele>
				<extensions>
					<swisstopo:routepoint_id>1266276026</swisstopo:routepoint_id>
				</extensions>
			</trkpt>
			<trkpt lat="46.1448109188" lon="6.8696662742">
				<ele>1544.0</ele>
				<extensions>
					<swisstopo:routepoint_id>1026732753</swisstopo:routepoint_id>
				</extensions>
			</trkpt>
			<trkpt lat="46.1448665763" lon="6.8696218455">
				<ele>1545.2</ele>
				<extensions>
					<swisstopo:routepoint_id>261612766</swisstopo:routepoint_id>
				</extensions>
			</trkpt>
			<trkpt lat="46.1448815932" lon="6.8695840316">
				<ele>1545.5</ele>
				<extensions>
					<swisstopo:routepoint_id>254667491</swisstopo:routepoint_id>
				</extensions>
			</trkpt>
			<trkpt lat="46.1448904242" lon="6.8694915923">
				<ele>1546.7</ele>
				<extensions>
					<swisstopo:routepoint_id>1296785042</swisstopo:routepoint_id>
				</extensions>
			</trkpt>
			<trkpt lat="46.1449071859" lon="6.8694671261">
				<ele>1546.7</ele>
				<extensions>
					<swisstopo:routepoint_id>733495146</swisstopo:routepoint_id>
				</extensions>
			</trkpt>
			<trkpt lat="46.1449316923" lon="6.8694717378">
				<ele>1546.3</ele>
				<extensions>
					<swisstopo:routepoint_id>190681210</swisstopo:routepoint_id>
				</extensions>
			</trkpt>
			<trkpt lat="46.1449776417" lon="6.8695392912">
				<ele>1546.3</ele>
				<extensions>
					<swisstopo:routepoint_id>1345335039</swisstopo:routepoint_id>
				</extensions>
			</trkpt>
			<trkpt lat="46.1450099142" lon="6.8695790477">
				<ele>1546.4</ele>
				<extensions>
					<swisstopo:routepoint_id>1277428414</swisstopo:routepoint_id>
				</extensions>
			</trkpt>
			<trkpt lat="46.1450242827" lon="6.8695801057">
				<ele>1547.3</ele>
				<extensions>
					<swisstopo:routepoint_id>951347247</swisstopo:routepoint_id>
				</extensions>
			</trkpt>
			<trkpt lat="46.1450387189" lon="6.8695981880">
				<ele>1547.4</ele>
				<extensions>
					<swisstopo:routepoint_id>766951163</swisstopo:routepoint_id>
				</extensions>
			</trkpt>
			<trkpt lat="46.1450878952" lon="6.8696365622">
				<ele>1548.9</ele>
				<extensions>
					<swisstopo:routepoint_id>266708236</swisstopo:routepoint_id>
				</extensions>
			</trkpt>
			<trkpt lat="46.1451512703" lon="6.8696456244">
				<ele>1548.5</ele>
				<extensions>
					<swisstopo:routepoint_id>408251143</swisstopo:routepoint_id>
				</extensions>
			</trkpt>
			<trkpt lat="46.1452047483" lon="6.8697009538">
				<ele>1549.5</ele>
				<extensions>
					<swisstopo:routepoint_id>1240701759</swisstopo:routepoint_id>
				</extensions>
			</trkpt>
			<trkpt lat="46.1452598522" lon="6.8697441267">
				<ele>1551.3</ele>
				<extensions>
					<swisstopo:routepoint_id>2063099403</swisstopo:routepoint_id>
				</extensions>
			</trkpt>
			<trkpt lat="46.1453029860" lon="6.8697582523">
				<ele>1551.1</ele>
				<extensions>
					<swisstopo:routepoint_id>685114710</swisstopo:routepoint_id>
				</extensions>
			</trkpt>
			<trkpt lat="46.1453367436" lon="6.8697542684">
				<ele>1550.7</ele>
				<extensions>
					<swisstopo:routepoint_id>401631833</swisstopo:routepoint_id>
				</extensions>
			</trkpt>
			<trkpt lat="46.1453905690" lon="6.8697123800">
				<ele>1550.3</ele>
				<extensions>
					<swisstopo:routepoint_id>737786173</swisstopo:routepoint_id>
				</extensions>
			</trkpt>
			<trkpt lat="46.1454165333" lon="6.8696695988">
				<ele>1550.8</ele>
				<extensions>
					<swisstopo:routepoint_id>479704373</swisstopo:routepoint_id>
				</extensions>
			</trkpt>
			<trkpt lat="46.1454695060" lon="6.8696240853">
				<ele>1550.9</ele>
				<extensions>
					<swisstopo:routepoint_id>1575855032</swisstopo:routepoint_id>
				</extensions>
			</trkpt>
			<trkpt lat="46.1455201105" lon="6.8696126211">
				<ele>1550.8</ele>
				<extensions>
					<swisstopo:routepoint_id>1582820003</swisstopo:routepoint_id>
				</extensions>
			</trkpt>
			<trkpt lat="46.1455453317" lon="6.8695880795">
				<ele>1551.0</ele>
				<extensions>
					<swisstopo:routepoint_id>2133011682</swisstopo:routepoint_id>
				</extensions>
			</trkpt>
			<trkpt lat="46.1456008559" lon="6.8695486125">
				<ele>1550.4</ele>
				<extensions>
					<swisstopo:routepoint_id>86373801</swisstopo:routepoint_id>
				</extensions>
			</trkpt>
			<trkpt lat="46.1456649275" lon="6.8695248875">
				<ele>1549.8</ele>
				<extensions>
					<swisstopo:routepoint_id>1408321005</swisstopo:routepoint_id>
				</extensions>
			</trkpt>
			<trkpt lat="46.1457036568" lon="6.8695050276">
				<ele>1549.9</ele>
				<extensions>
					<swisstopo:routepoint_id>870346846</swisstopo:routepoint_id>
				</extensions>
			</trkpt>
			<trkpt lat="46.1457372195" lon="6.8694621670">
				<ele>1549.4</ele>
				<extensions>
					<swisstopo:routepoint_id>167562409</swisstopo:routepoint_id>
				</extensions>
			</trkpt>
			<trkpt lat="46.1457951538" lon="6.8693935222">
				<ele>1548.5</ele>
				<extensions>
					<swisstopo:routepoint_id>1615318369</swisstopo:routepoint_id>
				</extensions>
			</trkpt>
			<trkpt lat="46.1458800519" lon="6.8693185495">
				<ele>1549.6</ele>
				<extensions>
					<swisstopo:routepoint_id>306879488</swisstopo:routepoint_id>
				</extensions>
			</trkpt>
			<trkpt lat="46.1459413991" lon="6.8692595760">
				<ele>1549.6</ele>
				<extensions>
					<swisstopo:routepoint_id>779179042</swisstopo:routepoint_id>
				</extensions>
			</trkpt>
			<trkpt lat="46.1460061285" lon="6.8692005861">
				<ele>1549.1</ele>
				<extensions>
					<swisstopo:routepoint_id>376849435</swisstopo:routepoint_id>
				</extensions>
			</trkpt>
			<trkpt lat="46.1460287533" lon="6.8691663513">
				<ele>1549.4</ele>
				<extensions>
					<swisstopo:routepoint_id>1068333886</swisstopo:routepoint_id>
				</extensions>
			</trkpt>
			<trkpt lat="46.1460606840" lon="6.8691344152">
				<ele>1549.0</ele>
				<extensions>
					<swisstopo:routepoint_id>576448329</swisstopo:routepoint_id>
				</extensions>
			</trkpt>
			<trkpt lat="46.1461440016" lon="6.8690788911">
				<ele>1548.7</ele>
				<extensions>
					<swisstopo:routepoint_id>188499722</swisstopo:routepoint_id>
				</extensions>
			</trkpt>
			<trkpt lat="46.1461718656" lon="6.8690786019">
				<ele>1548.3</ele>
				<extensions>
					<swisstopo:routepoint_id>1610208688</swisstopo:routepoint_id>
				</extensions>
			</trkpt>
			<trkpt lat="46.1461996625" lon="6.8690649407">
				<ele>1548.2</ele>
				<extensions>
					<swisstopo:routepoint_id>1613104288</swisstopo:routepoint_id>
				</extensions>
			</trkpt>
			<trkpt lat="46.1462585258" lon="6.8690169507">
				<ele>1548.3</ele>
				<extensions>
					<swisstopo:routepoint_id>1143410292</swisstopo:routepoint_id>
				</extensions>
			</trkpt>
			<trkpt lat="46.1463037990" lon="6.8689496559">
				<ele>1548.7</ele>
				<extensions>
					<swisstopo:routepoint_id>1657030484</swisstopo:routepoint_id>
				</extensions>
			</trkpt>
			<trkpt lat="46.1463297995" lon="6.8689141535">
				<ele>1548.1</ele>
				<extensions>
					<swisstopo:routepoint_id>142693448</swisstopo:routepoint_id>
				</extensions>
			</trkpt>
			<trkpt lat="46.1463539801" lon="6.8688555839">
				<ele>1547.6</ele>
				<extensions>
					<swisstopo:routepoint_id>1718813156</swisstopo:routepoint_id>
				</extensions>
			</trkpt>
			<trkpt lat="46.1463659791" lon="6.8687206091">
				<ele>1547.0</ele>
				<extensions>
					<swisstopo:routepoint_id>1796465247</swisstopo:routepoint_id>
				</extensions>
			</trkpt>
			<trkpt lat="46.1463849988" lon="6.8686402142">
				<ele>1546.9</ele>
				<extensions>
					<swisstopo:routepoint_id>1330608894</swisstopo:routepoint_id>
				</extensions>
			</trkpt>
			<trkpt lat="46.1464427503" lon="6.8685387638">
				<ele>1547.7</ele>
				<extensions>
					<swisstopo:routepoint_id>1011787120</swisstopo:routepoint_id>
				</extensions>
			</trkpt>
			<trkpt lat="46.1464764590" lon="6.8685250599">
				<ele>1547.6</ele>
				<extensions>
					<swisstopo:routepoint_id>996307597</swisstopo:routepoint_id>
				</extensions>
			</trkpt>
			<trkpt lat="46.1464982403" lon="6.8684908207">
				<ele>1548.5</ele>
				<extensions>
					<swisstopo:routepoint_id>1171994783</swisstopo:routepoint_id>
				</extensions>
			</trkpt>
			<trkpt lat="46.1465106937" lon="6.8684481594">
				<ele>1548.9</ele>
				<extensions>
					<swisstopo:routepoint_id>388116846</swisstopo:routepoint_id>
				</extensions>
			</trkpt>
			<trkpt lat="46.1465059866" lon="6.8683522368">
				<ele>1548.2</ele>
				<extensions>
					<swisstopo:routepoint_id>252502874</swisstopo:routepoint_id>
				</extensions>
			</trkpt>
			<trkpt lat="46.1465080892" lon="6.8682671703">
				<ele>1548.2</ele>
				<extensions>
					<swisstopo:routepoint_id>1458673518</swisstopo:routepoint_id>
				</extensions>
			</trkpt>
			<trkpt lat="46.1465510551" lon="6.8682460642">
				<ele>1547.8</ele>
				<extensions>
					<swisstopo:routepoint_id>279015617</swisstopo:routepoint_id>
				</extensions>
			</trkpt>
			<trkpt lat="46.1465856898" lon="6.8682505703">
				<ele>1548.3</ele>
				<extensions>
					<swisstopo:routepoint_id>1839950231</swisstopo:routepoint_id>
				</extensions>
			</trkpt>
			<trkpt lat="46.1466178916" lon="6.8682708821">
				<ele>1548.3</ele>
				<extensions>
					<swisstopo:routepoint_id>828335155</swisstopo:routepoint_id>
				</extensions>
			</trkpt>
			<trkpt lat="46.1466618812" lon="6.8682874439">
				<ele>1548.3</ele>
				<extensions>
					<swisstopo:routepoint_id>1893008780</swisstopo:routepoint_id>
				</extensions>
			</trkpt>
			<trkpt lat="46.1466956814" lon="6.8682919459">
				<ele>1548.2</ele>
				<extensions>
					<swisstopo:routepoint_id>1202458150</swisstopo:routepoint_id>
				</extensions>
			</trkpt>
			<trkpt lat="46.1467396466" lon="6.8683036418">
				<ele>1548.2</ele>
				<extensions>
					<swisstopo:routepoint_id>200675420</swisstopo:routepoint_id>
				</extensions>
			</trkpt>
			<trkpt lat="46.1468316952" lon="6.8683354023">
				<ele>1548.0</ele>
				<extensions>
					<swisstopo:routepoint_id>257474875</swisstopo:routepoint_id>
				</extensions>
			</trkpt>
			<trkpt lat="46.1468632319" lon="6.8683597342">
				<ele>1547.9</ele>
				<extensions>
					<swisstopo:routepoint_id>1582230468</swisstopo:routepoint_id>
				</extensions>
			</trkpt>
			<trkpt lat="46.1469043202" lon="6.8683880747">
				<ele>1547.5</ele>
				<extensions>
					<swisstopo:routepoint_id>853363362</swisstopo:routepoint_id>
				</extensions>
			</trkpt>
			<trkpt lat="46.1469244166" lon="6.8684084052">
				<ele>1547.6</ele>
				<extensions>
					<swisstopo:routepoint_id>1493080251</swisstopo:routepoint_id>
				</extensions>
			</trkpt>
			<trkpt lat="46.1469493634" lon="6.8684465006">
				<ele>1547.7</ele>
				<extensions>
					<swisstopo:routepoint_id>330382478</swisstopo:routepoint_id>
				</extensions>
			</trkpt>
			<trkpt lat="46.1469877100" lon="6.8685009010">
				<ele>1547.8</ele>
				<extensions>
					<swisstopo:routepoint_id>836422820</swisstopo:routepoint_id>
				</extensions>
			</trkpt>
			<trkpt lat="46.1470231071" lon="6.8685347802">
				<ele>1547.6</ele>
				<extensions>
					<swisstopo:routepoint_id>1767152690</swisstopo:routepoint_id>
				</extensions>
			</trkpt>
			<trkpt lat="46.1470565155" lon="6.8685522295">
				<ele>1547.5</ele>
				<extensions>
					<swisstopo:routepoint_id>964920341</swisstopo:routepoint_id>
				</extensions>
			</trkpt>
			<trkpt lat="46.1470822185" lon="6.8685519624">
				<ele>1547.2</ele>
				<extensions>
					<swisstopo:routepoint_id>1635042879</swisstopo:routepoint_id>
				</extensions>
			</trkpt>
			<trkpt lat="46.1471097471" lon="6.8685338797">
				<ele>1547.1</ele>
				<extensions>
					<swisstopo:routepoint_id>2027601925</swisstopo:routepoint_id>
				</extensions>
			</trkpt>
			<trkpt lat="46.1471676397" lon="6.8684990310">
				<ele>1546.6</ele>
				<extensions>
					<swisstopo:routepoint_id>432249497</swisstopo:routepoint_id>
				</extensions>
			</trkpt>
			<trkpt lat="46.1472335037" lon="6.8684701410">
				<ele>1546.2</ele>
				<extensions>
					<swisstopo:routepoint_id>97388873</swisstopo:routepoint_id>
				</extensions>
			</trkpt>
			<trkpt lat="46.1472799825" lon="6.8684523164">
				<ele>1545.8</ele>
				<extensions>
					<swisstopo:routepoint_id>1908553616</swisstopo:routepoint_id>
				</extensions>
			</trkpt>
			<trkpt lat="46.1473490498" lon="6.8684175852">
				<ele>1545.7</ele>
				<extensions>
					<swisstopo:routepoint_id>417292953</swisstopo:routepoint_id>
				</extensions>
			</trkpt>
			<trkpt lat="46.1473987072" lon="6.8683854760">
				<ele>1545.2</ele>
				<extensions>
					<swisstopo:routepoint_id>471380048</swisstopo:routepoint_id>
				</extensions>
			</trkpt>
			<trkpt lat="46.1474348115" lon="6.8683450139">
				<ele>1545.1</ele>
				<extensions>
					<swisstopo:routepoint_id>1050232</swisstopo:routepoint_id>
				</extensions>
			</trkpt>
			<trkpt lat="46.1475171146" lon="6.8682554591">
				<ele>1544.8</ele>
				<extensions>
					<swisstopo:routepoint_id>1706410731</swisstopo:routepoint_id>
				</extensions>
			</trkpt>
			<trkpt lat="46.1476146295" lon="6.8681669656">
				<ele>1544.7</ele>
				<extensions>
					<swisstopo:routepoint_id>1638153553</swisstopo:routepoint_id>
				</extensions>
			</trkpt>
			<trkpt lat="46.1476987593" lon="6.8681053440">
				<ele>1544.6</ele>
				<extensions>
					<swisstopo:routepoint_id>1888968222</swisstopo:routepoint_id>
				</extensions>
			</trkpt>
			<trkpt lat="46.1477652879" lon="6.8680706258">
				<ele>1545.2</ele>
				<extensions>
					<swisstopo:routepoint_id>56332586</swisstopo:routepoint_id>
				</extensions>
			</trkpt>
			<trkpt lat="46.1478210151" lon="6.8680664123">
				<ele>1545.8</ele>
				<extensions>
					<swisstopo:routepoint_id>1434384944</swisstopo:routepoint_id>
				</extensions>
			</trkpt>
			<trkpt lat="46.1478830259" lon="6.8680924057">
				<ele>1546.0</ele>
				<extensions>
					<swisstopo:routepoint_id>544910136</swisstopo:routepoint_id>
				</extensions>
			</trkpt>
			<trkpt lat="46.1479696490" lon="6.8681196029">
				<ele>1547.1</ele>
				<extensions>
					<swisstopo:routepoint_id>2140232998</swisstopo:routepoint_id>
				</extensions>
			</trkpt>
			<trkpt lat="46.1480060305" lon="6.8681413064">
				<ele>1547.2</ele>
				<extensions>
					<swisstopo:routepoint_id>1329990482</swisstopo:routepoint_id>
				</extensions>
			</trkpt>
			<trkpt lat="46.1480535366" lon="6.8681548552">
				<ele>1547.6</ele>
				<extensions>
					<swisstopo:routepoint_id>2108847510</swisstopo:routepoint_id>
				</extensions>
			</trkpt>
			<trkpt lat="46.1481009129" lon="6.8681443328">
				<ele>1548.1</ele>
				<extensions>
					<swisstopo:routepoint_id>1632427705</swisstopo:routepoint_id>
				</extensions>
			</trkpt>
			<trkpt lat="46.1481332590" lon="6.8681234503">
				<ele>1548.7</ele>
				<extensions>
					<swisstopo:routepoint_id>1283706381</swisstopo:routepoint_id>
				</extensions>
			</trkpt>
			<trkpt lat="46.1481626574" lon="6.8680998619">
				<ele>1549.2</ele>
				<extensions>
					<swisstopo:routepoint_id>230068083</swisstopo:routepoint_id>
				</extensions>
			</trkpt>
			<trkpt lat="46.1481687934" lon="6.8680902044">
				<ele>1549.4</ele>
				<extensions>
					<swisstopo:routepoint_id>1778105105</swisstopo:routepoint_id>
				</extensions>
			</trkpt>
			<trkpt lat="46.1481672515" lon="6.8680683092">
				<ele>1549.7</ele>
				<extensions>
					<swisstopo:routepoint_id>2095713536</swisstopo:routepoint_id>
				</extensions>
			</trkpt>
			<trkpt lat="46.1481457492" lon="6.8680514123">
				<ele>1550.2</ele>
				<extensions>
					<swisstopo:routepoint_id>1753172568</swisstopo:routepoint_id>
				</extensions>
			</trkpt>
			<trkpt lat="46.1481384801" lon="6.8680261450">
				<ele>1550.9</ele>
				<extensions>
					<swisstopo:routepoint_id>1959761401</swisstopo:routepoint_id>
				</extensions>
			</trkpt>
			<trkpt lat="46.1481554532" lon="6.8679930921">
				<ele>1551.6</ele>
				<extensions>
					<swisstopo:routepoint_id>644604467</swisstopo:routepoint_id>
				</extensions>
			</trkpt>
			<trkpt lat="46.1481877310" lon="6.8679306503">
				<ele>1552.4</ele>
				<extensions>
					<swisstopo:routepoint_id>390513157</swisstopo:routepoint_id>
				</extensions>
			</trkpt>
			<trkpt lat="46.1482093354" lon="6.8679171853">
				<ele>1552.3</ele>
				<extensions>
					<swisstopo:routepoint_id>1326564273</swisstopo:routepoint_id>
				</extensions>
			</trkpt>
			<trkpt lat="46.1482335618" lon="6.8679080285">
				<ele>1552.4</ele>
				<extensions>
					<swisstopo:routepoint_id>1370446164</swisstopo:routepoint_id>
				</extensions>
			</trkpt>
			<trkpt lat="46.1482582162" lon="6.8678879083">
				<ele>1552.4</ele>
				<extensions>
					<swisstopo:routepoint_id>460320494</swisstopo:routepoint_id>
				</extensions>
			</trkpt>
			<trkpt lat="46.1482808750" lon="6.8678500058">
				<ele>1552.2</ele>
				<extensions>
					<swisstopo:routepoint_id>1688166494</swisstopo:routepoint_id>
				</extensions>
			</trkpt>
			<trkpt lat="46.1482944652" lon="6.8678080831">
				<ele>1551.8</ele>
				<extensions>
					<swisstopo:routepoint_id>1988378723</swisstopo:routepoint_id>
				</extensions>
			</trkpt>
			<trkpt lat="46.1482990388" lon="6.8677689973">
				<ele>1550.8</ele>
				<extensions>
					<swisstopo:routepoint_id>971194389</swisstopo:routepoint_id>
				</extensions>
			</trkpt>
			<trkpt lat="46.1483050248" lon="6.8677312618">
				<ele>1550.2</ele>
				<extensions>
					<swisstopo:routepoint_id>1113089858</swisstopo:routepoint_id>
				</extensions>
			</trkpt>
			<trkpt lat="46.1483241063" lon="6.8676440816">
				<ele>1549.5</ele>
				<extensions>
					<swisstopo:routepoint_id>1155774539</swisstopo:routepoint_id>
				</extensions>
			</trkpt>
			<trkpt lat="46.1483428924" lon="6.8675925112">
				<ele>1549.3</ele>
				<extensions>
					<swisstopo:routepoint_id>301102353</swisstopo:routepoint_id>
				</extensions>
			</trkpt>
			<trkpt lat="46.1483802364" lon="6.8675400776">
				<ele>1549.4</ele>
				<extensions>
					<swisstopo:routepoint_id>896346694</swisstopo:routepoint_id>
				</extensions>
			</trkpt>
			<trkpt lat="46.1484242768" lon="6.8674950950">
				<ele>1549.6</ele>
				<extensions>
					<swisstopo:routepoint_id>498496463</swisstopo:routepoint_id>
				</extensions>
			</trkpt>
			<trkpt lat="46.1484621937" lon="6.8674343193">
				<ele>1550.8</ele>
				<extensions>
					<swisstopo:routepoint_id>1260767516</swisstopo:routepoint_id>
				</extensions>
			</trkpt>
			<trkpt lat="46.1485044939" lon="6.8673682080">
				<ele>1551.7</ele>
				<extensions>
					<swisstopo:routepoint_id>867527057</swisstopo:routepoint_id>
				</extensions>
			</trkpt>
			<trkpt lat="46.1485450273" lon="6.8672582985">
				<ele>1552.8</ele>
				<extensions>
					<swisstopo:routepoint_id>985949387</swisstopo:routepoint_id>
				</extensions>
			</trkpt>
			<trkpt lat="46.1485933803" lon="6.8670351672">
				<ele>1552.1</ele>
				<extensions>
					<swisstopo:routepoint_id>1724996441</swisstopo:routepoint_id>
				</extensions>
			</trkpt>
			<trkpt lat="46.1486289179" lon="6.8669467848">
				<ele>1553.0</ele>
				<extensions>
					<swisstopo:routepoint_id>826539491</swisstopo:routepoint_id>
				</extensions>
			</trkpt>
			<trkpt lat="46.1487191796" lon="6.8668765454">
				<ele>1552.6</ele>
				<extensions>
					<swisstopo:routepoint_id>1934534953</swisstopo:routepoint_id>
				</extensions>
			</trkpt>
			<trkpt lat="46.1487981323" lon="6.8668074980">
				<ele>1551.5</ele>
				<extensions>
					<swisstopo:routepoint_id>805852705</swisstopo:routepoint_id>
				</extensions>
			</trkpt>
			<trkpt lat="46.1488648642" lon="6.8667050943">
				<ele>1552.0</ele>
				<extensions>
					<swisstopo:routepoint_id>1123429647</swisstopo:routepoint_id>
				</extensions>
			</trkpt>
			<trkpt lat="46.1489118084" lon="6.8666140516">
				<ele>1552.2</ele>
				<extensions>
					<swisstopo:routepoint_id>649793406</swisstopo:routepoint_id>
				</extensions>
			</trkpt>
			<trkpt lat="46.1490070963" lon="6.8665336720">
				<ele>1553.8</ele>
				<extensions>
					<swisstopo:routepoint_id>530041766</swisstopo:routepoint_id>
				</extensions>
			</trkpt>
			<trkpt lat="46.1490534634" lon="6.8664972211">
				<ele>1554.0</ele>
				<extensions>
					<swisstopo:routepoint_id>618709220</swisstopo:routepoint_id>
				</extensions>
			</trkpt>
			<trkpt lat="46.1491800651" lon="6.8664735719">
				<ele>1554.3</ele>
				<extensions>
					<swisstopo:routepoint_id>117715901</swisstopo:routepoint_id>
				</extensions>
			</trkpt>
			<trkpt lat="46.1492729804" lon="6.8664366353">
				<ele>1554.7</ele>
				<extensions>
					<swisstopo:routepoint_id>1398612109</swisstopo:routepoint_id>
				</extensions>
			</trkpt>
			<trkpt lat="46.1493460506" lon="6.8663961893">
				<ele>1553.6</ele>
				<extensions>
					<swisstopo:routepoint_id>932188482</swisstopo:routepoint_id>
				</extensions>
			</trkpt>
			<trkpt lat="46.1494681704" lon="6.8663390901">
				<ele>1551.7</ele>
				<extensions>
					<swisstopo:routepoint_id>1697522011</swisstopo:routepoint_id>
				</extensions>
			</trkpt>
			<trkpt lat="46.1495748771" lon="6.8663020028">
				<ele>1550.1</ele>
				<extensions>
					<swisstopo:routepoint_id>1547945167</swisstopo:routepoint_id>
				</extensions>
			</trkpt>
			<trkpt lat="46.1496815612" lon="6.8662587219">
				<ele>1548.3</ele>
				<extensions>
					<swisstopo:routepoint_id>284642948</swisstopo:routepoint_id>
				</extensions>
			</trkpt>
			<trkpt lat="46.1497743075" lon="6.8661882834">
				<ele>1547.6</ele>
				<extensions>
					<swisstopo:routepoint_id>381675391</swisstopo:routepoint_id>
				</extensions>
			</trkpt>
			<trkpt lat="46.1498037312" lon="6.8661297048">
				<ele>1547.6</ele>
				<extensions>
					<swisstopo:routepoint_id>2056404087</swisstopo:routepoint_id>
				</extensions>
			</trkpt>
			<trkpt lat="46.1498380079" lon="6.8661276532">
				<ele>1547.4</ele>
				<extensions>
					<swisstopo:routepoint_id>214397958</swisstopo:routepoint_id>
				</extensions>
			</trkpt>
			<trkpt lat="46.1498570094" lon="6.8661537656">
				<ele>1547.1</ele>
				<extensions>
					<swisstopo:routepoint_id>361610824</swisstopo:routepoint_id>
				</extensions>
			</trkpt>
			<trkpt lat="46.1498725282" lon="6.8661878524">
				<ele>1547.0</ele>
				<extensions>
					<swisstopo:routepoint_id>1202878126</swisstopo:routepoint_id>
				</extensions>
			</trkpt>
			<trkpt lat="46.1498964344" lon="6.8662249865">
				<ele>1547.0</ele>
				<extensions>
					<swisstopo:routepoint_id>1393310202</swisstopo:routepoint_id>
				</extensions>
			</trkpt>
			<trkpt lat="46.1499543225" lon="6.8662555786">
				<ele>1547.1</ele>
				<extensions>
					<swisstopo:routepoint_id>1648867870</swisstopo:routepoint_id>
				</extensions>
			</trkpt>
			<trkpt lat="46.1500146928" lon="6.8662697568">
				<ele>1546.4</ele>
				<extensions>
					<swisstopo:routepoint_id>9170001</swisstopo:routepoint_id>
				</extensions>
			</trkpt>
			<trkpt lat="46.1500822886" lon="6.8662551471">
				<ele>1546.3</ele>
				<extensions>
					<swisstopo:routepoint_id>1997095173</swisstopo:routepoint_id>
				</extensions>
			</trkpt>
			<trkpt lat="46.1502112436" lon="6.8661842543">
				<ele>1546.3</ele>
				<extensions>
					<swisstopo:routepoint_id>840482956</swisstopo:routepoint_id>
				</extensions>
			</trkpt>
			<trkpt lat="46.1503487367" lon="6.8661306336">
				<ele>1546.0</ele>
				<extensions>
					<swisstopo:routepoint_id>1608458656</swisstopo:routepoint_id>
				</extensions>
			</trkpt>
			<trkpt lat="46.1504115360" lon="6.8661195435">
				<ele>1546.7</ele>
				<extensions>
					<swisstopo:routepoint_id>1240645397</swisstopo:routepoint_id>
				</extensions>
			</trkpt>
			<trkpt lat="46.1504803616" lon="6.8661084032">
				<ele>1547.5</ele>
				<extensions>
					<swisstopo:routepoint_id>1355363818</swisstopo:routepoint_id>
				</extensions>
			</trkpt>
			<trkpt lat="46.1505154550" lon="6.8661184588">
				<ele>1548.2</ele>
				<extensions>
					<swisstopo:routepoint_id>196340230</swisstopo:routepoint_id>
				</extensions>
			</trkpt>
			<trkpt lat="46.1505603339" lon="6.8661475690">
				<ele>1549.3</ele>
				<extensions>
					<swisstopo:routepoint_id>233197715</swisstopo:routepoint_id>
				</extensions>
			</trkpt>
			<trkpt lat="46.1506268840" lon="6.8661660057">
				<ele>1549.6</ele>
				<extensions>
					<swisstopo:routepoint_id>1600756133</swisstopo:routepoint_id>
				</extensions>
			</trkpt>
			<trkpt lat="46.1507005408" lon="6.8661530390">
				<ele>1549.9</ele>
				<extensions>
					<swisstopo:routepoint_id>1032630220</swisstopo:routepoint_id>
				</extensions>
			</trkpt>
			<trkpt lat="46.1507499267" lon="6.8661212384">
				<ele>1550.6</ele>
				<extensions>
					<swisstopo:routepoint_id>1665584695</swisstopo:routepoint_id>
				</extensions>
			</trkpt>
			<trkpt lat="46.1508849603" lon="6.8660589587">
				<ele>1550.7</ele>
				<extensions>
					<swisstopo:routepoint_id>494070171</swisstopo:routepoint_id>
				</extensions>
			</trkpt>
			<trkpt lat="46.1509138786" lon="6.8660412825">
				<ele>1550.8</ele>
				<extensions>
					<swisstopo:routepoint_id>327384255</swisstopo:routepoint_id>
				</extensions>
			</trkpt>
			<trkpt lat="46.1509465869" lon="6.8660173854">
				<ele>1550.8</ele>
				<extensions>
					<swisstopo:routepoint_id>346795859</swisstopo:routepoint_id>
				</extensions>
			</trkpt>
			<trkpt lat="46.1509938419" lon="6.8659793561">
				<ele>1550.5</ele>
				<extensions>
					<swisstopo:routepoint_id>1858992466</swisstopo:routepoint_id>
				</extensions>
			</trkpt>
			<trkpt lat="46.1510326941" lon="6.8659421729">
				<ele>1550.2</ele>
				<extensions>
					<swisstopo:routepoint_id>982814049</swisstopo:routepoint_id>
				</extensions>
			</trkpt>
			<trkpt lat="46.1510587471" lon="6.8659172581">
				<ele>1549.9</ele>
				<extensions>
					<swisstopo:routepoint_id>1286223193</swisstopo:routepoint_id>
				</extensions>
			</trkpt>
			<trkpt lat="46.1511153594" lon="6.8658603596">
				<ele>1549.6</ele>
				<extensions>
					<swisstopo:routepoint_id>204513599</swisstopo:routepoint_id>
				</extensions>
			</trkpt>
			<trkpt lat="46.1511436055" lon="6.8658174155">
				<ele>1549.3</ele>
				<extensions>
					<swisstopo:routepoint_id>173144812</swisstopo:routepoint_id>
				</extensions>
			</trkpt>
			<trkpt lat="46.1511846810" lon="6.8657333691">
				<ele>1548.5</ele>
				<extensions>
					<swisstopo:routepoint_id>1585675326</swisstopo:routepoint_id>
				</extensions>
			</trkpt>
			<trkpt lat="46.1512625189" lon="6.8656489514">
				<ele>1547.7</ele>
				<extensions>
					<swisstopo:routepoint_id>372553133</swisstopo:routepoint_id>
				</extensions>
			</trkpt>
			<trkpt lat="46.1513685683" lon="6.8655147633">
				<ele>1547.3</ele>
				<extensions>
					<swisstopo:routepoint_id>1281587049</swisstopo:routepoint_id>
				</extensions>
			</trkpt>
			<trkpt lat="46.1514224457" lon="6.8654538603">
				<ele>1547.3</ele>
				<extensions>
					<swisstopo:routepoint_id>1140324011</swisstopo:routepoint_id>
				</extensions>
			</trkpt>
			<trkpt lat="46.1514656291" lon="6.8654045972">
				<ele>1547.4</ele>
				<extensions>
					<swisstopo:routepoint_id>997209657</swisstopo:routepoint_id>
				</extensions>
			</trkpt>
			<trkpt lat="46.1515035322" lon="6.8653673853">
				<ele>1547.6</ele>
				<extensions>
					<swisstopo:routepoint_id>1058660036</swisstopo:routepoint_id>
				</extensions>
			</trkpt>
			<trkpt lat="46.1515704734" lon="6.8653101694">
				<ele>1547.9</ele>
				<extensions>
					<swisstopo:routepoint_id>2092093081</swisstopo:routepoint_id>
				</extensions>
			</trkpt>
			<trkpt lat="46.1516522047" lon="6.8652348361">
				<ele>1548.0</ele>
				<extensions>
					<swisstopo:routepoint_id>186034438</swisstopo:routepoint_id>
				</extensions>
			</trkpt>
			<trkpt lat="46.1517031661" lon="6.8651914894">
				<ele>1548.1</ele>
				<extensions>
					<swisstopo:routepoint_id>861074453</swisstopo:routepoint_id>
				</extensions>
			</trkpt>
			<trkpt lat="46.1517369569" lon="6.8651680163">
				<ele>1547.9</ele>
				<extensions>
					<swisstopo:routepoint_id>261986229</swisstopo:routepoint_id>
				</extensions>
			</trkpt>
			<trkpt lat="46.1517761799" lon="6.8651573420">
				<ele>1547.5</ele>
				<extensions>
					<swisstopo:routepoint_id>795914656</swisstopo:routepoint_id>
				</extensions>
			</trkpt>
			<trkpt lat="46.1518261480" lon="6.8651538805">
				<ele>1547.3</ele>
				<extensions>
					<swisstopo:routepoint_id>1296306153</swisstopo:routepoint_id>
				</extensions>
			</trkpt>
			<trkpt lat="46.1519058748" lon="6.8651530470">
				<ele>1547.2</ele>
				<extensions>
					<swisstopo:routepoint_id>589239210</swisstopo:routepoint_id>
				</extensions>
			</trkpt>
			<trkpt lat="46.1519938427" lon="6.8651332926">
				<ele>1546.7</ele>
				<extensions>
					<swisstopo:routepoint_id>720036865</swisstopo:routepoint_id>
				</extensions>
			</trkpt>
			<trkpt lat="46.1520449162" lon="6.8651156303">
				<ele>1546.4</ele>
				<extensions>
					<swisstopo:routepoint_id>1470200921</swisstopo:routepoint_id>
				</extensions>
			</trkpt>
			<trkpt lat="46.1521410303" lon="6.8650581147">
				<ele>1545.2</ele>
				<extensions>
					<swisstopo:routepoint_id>1468712277</swisstopo:routepoint_id>
				</extensions>
			</trkpt>
			<trkpt lat="46.1522122910" lon="6.8650316897">
				<ele>1544.8</ele>
				<extensions>
					<swisstopo:routepoint_id>1123852406</swisstopo:routepoint_id>
				</extensions>
			</trkpt>
			<trkpt lat="46.1522634253" lon="6.8650225845">
				<ele>1544.5</ele>
				<extensions>
					<swisstopo:routepoint_id>249863413</swisstopo:routepoint_id>
				</extensions>
			</trkpt>
			<trkpt lat="46.1523229391" lon="6.8650253941">
				<ele>1544.4</ele>
				<extensions>
					<swisstopo:routepoint_id>403139214</swisstopo:routepoint_id>
				</extensions>
			</trkpt>
			<trkpt lat="46.1524182388" lon="6.8650449514">
				<ele>1543.7</ele>
				<extensions>
					<swisstopo:routepoint_id>1332442590</swisstopo:routepoint_id>
				</extensions>
			</trkpt>
			<trkpt lat="46.1524813018" lon="6.8650425665">
				<ele>1543.9</ele>
				<extensions>
					<swisstopo:routepoint_id>974605237</swisstopo:routepoint_id>
				</extensions>
			</trkpt>
			<trkpt lat="46.1525442869" lon="6.8650247857">
				<ele>1544.5</ele>
				<extensions>
					<swisstopo:routepoint_id>1537935847</swisstopo:routepoint_id>
				</extensions>
			</trkpt>
			<trkpt lat="46.1525905563" lon="6.8649969090">
				<ele>1544.1</ele>
				<extensions>
					<swisstopo:routepoint_id>51073000</swisstopo:routepoint_id>
				</extensions>
			</trkpt>
			<trkpt lat="46.1526344451" lon="6.8649690508">
				<ele>1543.9</ele>
				<extensions>
					<swisstopo:routepoint_id>958046258</swisstopo:routepoint_id>
				</extensions>
			</trkpt>
			<trkpt lat="46.1526641457" lon="6.8649584632">
				<ele>1543.9</ele>
				<extensions>
					<swisstopo:routepoint_id>1398789881</swisstopo:routepoint_id>
				</extensions>
			</trkpt>
			<trkpt lat="46.1527094366" lon="6.8649734051">
				<ele>1544.0</ele>
				<extensions>
					<swisstopo:routepoint_id>218447572</swisstopo:routepoint_id>
				</extensions>
			</trkpt>
			<trkpt lat="46.1527415870" lon="6.8649764882">
				<ele>1544.1</ele>
				<extensions>
					<swisstopo:routepoint_id>1967719796</swisstopo:routepoint_id>
				</extensions>
			</trkpt>
			<trkpt lat="46.1528093247" lon="6.8649569447">
				<ele>1544.0</ele>
				<extensions>
					<swisstopo:routepoint_id>1434754216</swisstopo:routepoint_id>
				</extensions>
			</trkpt>
			<trkpt lat="46.1528804687" lon="6.8649048341">
				<ele>1544.1</ele>
				<extensions>
					<swisstopo:routepoint_id>649428610</swisstopo:routepoint_id>
				</extensions>
			</trkpt>
			<trkpt lat="46.1529077541" lon="6.8648891329">
				<ele>1544.2</ele>
				<extensions>
					<swisstopo:routepoint_id>470754994</swisstopo:routepoint_id>
				</extensions>
			</trkpt>
			<trkpt lat="46.1529589014" lon="6.8648834593">
				<ele>1544.5</ele>
				<extensions>
					<swisstopo:routepoint_id>1451275660</swisstopo:routepoint_id>
				</extensions>
			</trkpt>
			<trkpt lat="46.1530757126" lon="6.8649216268">
				<ele>1545.5</ele>
				<extensions>
					<swisstopo:routepoint_id>320030364</swisstopo:routepoint_id>
				</extensions>
			</trkpt>
			<trkpt lat="46.1531341054" lon="6.8649364191">
				<ele>1546.6</ele>
				<extensions>
					<swisstopo:routepoint_id>1243763066</swisstopo:routepoint_id>
				</extensions>
			</trkpt>
			<trkpt lat="46.1532138754" lon="6.8649441554">
				<ele>1546.3</ele>
				<extensions>
					<swisstopo:routepoint_id>1704823620</swisstopo:routepoint_id>
				</extensions>
			</trkpt>
			<trkpt lat="46.1532746356" lon="6.8649572165">
				<ele>1545.1</ele>
				<extensions>
					<swisstopo:routepoint_id>894130297</swisstopo:routepoint_id>
				</extensions>
			</trkpt>
			<trkpt lat="46.1533235884" lon="6.8649892425">
				<ele>1543.9</ele>
				<extensions>
					<swisstopo:routepoint_id>1035271413</swisstopo:routepoint_id>
				</extensions>
			</trkpt>
			<trkpt lat="46.1533833877" lon="6.8650468419">
				<ele>1542.8</ele>
				<extensions>
					<swisstopo:routepoint_id>1276260007</swisstopo:routepoint_id>
				</extensions>
			</trkpt>
			<trkpt lat="46.1534611836" lon="6.8651350721">
				<ele>1541.8</ele>
				<extensions>
					<swisstopo:routepoint_id>1836176371</swisstopo:routepoint_id>
				</extensions>
			</trkpt>
			<trkpt lat="46.1534970518" lon="6.8651689482">
				<ele>1541.0</ele>
				<extensions>
					<swisstopo:routepoint_id>1231587051</swisstopo:routepoint_id>
				</extensions>
			</trkpt>
			<trkpt lat="46.1535304834" lon="6.8651891468">
				<ele>1540.5</ele>
				<extensions>
					<swisstopo:routepoint_id>1353063362</swisstopo:routepoint_id>
				</extensions>
			</trkpt>
			<trkpt lat="46.1535829028" lon="6.8652022890">
				<ele>1540.1</ele>
				<extensions>
					<swisstopo:routepoint_id>1308605527</swisstopo:routepoint_id>
				</extensions>
			</trkpt>
			<trkpt lat="46.1536448751" lon="6.8652187698">
				<ele>1539.9</ele>
				<extensions>
					<swisstopo:routepoint_id>745378754</swisstopo:routepoint_id>
				</extensions>
			</trkpt>
			<trkpt lat="46.1537140538" lon="6.8652488784">
				<ele>1539.6</ele>
				<extensions>
					<swisstopo:routepoint_id>566973899</swisstopo:routepoint_id>
				</extensions>
			</trkpt>
			<trkpt lat="46.1537784409" lon="6.8652755986">
				<ele>1538.9</ele>
				<extensions>
					<swisstopo:routepoint_id>1589148634</swisstopo:routepoint_id>
				</extensions>
			</trkpt>
			<trkpt lat="46.1538201612" lon="6.8652871463">
				<ele>1538.4</ele>
				<extensions>
					<swisstopo:routepoint_id>2027343648</swisstopo:routepoint_id>
				</extensions>
			</trkpt>
			<trkpt lat="46.1539082242" lon="6.8652879513">
				<ele>1536.9</ele>
				<extensions>
					<swisstopo:routepoint_id>968641244</swisstopo:routepoint_id>
				</extensions>
			</trkpt>
			<trkpt lat="46.1539974732" lon="6.8652870183">
				<ele>1536.4</ele>
				<extensions>
					<swisstopo:routepoint_id>480740294</swisstopo:routepoint_id>
				</extensions>
			</trkpt>
			<trkpt lat="46.1540522864" lon="6.8653001358">
				<ele>1536.5</ele>
				<extensions>
					<swisstopo:routepoint_id>1413327623</swisstopo:routepoint_id>
				</extensions>
			</trkpt>
			<trkpt lat="46.1541083719" lon="6.8653320944">
				<ele>1536.5</ele>
				<extensions>
					<swisstopo:routepoint_id>1997178719</swisstopo:routepoint_id>
				</extensions>
			</trkpt>
			<trkpt lat="46.1541907689" lon="6.8653877395">
				<ele>1536.8</ele>
				<extensions>
					<swisstopo:routepoint_id>1828680648</swisstopo:routepoint_id>
				</extensions>
			</trkpt>
			<trkpt lat="46.1542467767" lon="6.8654025702">
				<ele>1537.2</ele>
				<extensions>
					<swisstopo:routepoint_id>38951848</swisstopo:routepoint_id>
				</extensions>
			</trkpt>
			<trkpt lat="46.1543107006" lon="6.8653941087">
				<ele>1537.0</ele>
				<extensions>
					<swisstopo:routepoint_id>35139939</swisstopo:routepoint_id>
				</extensions>
			</trkpt>
			<trkpt lat="46.1543933854" lon="6.8654093117">
				<ele>1534.8</ele>
				<extensions>
					<swisstopo:routepoint_id>125858662</swisstopo:routepoint_id>
				</extensions>
			</trkpt>
			<trkpt lat="46.1544685414" lon="6.8654444970">
				<ele>1532.0</ele>
				<extensions>
					<swisstopo:routepoint_id>125352967</swisstopo:routepoint_id>
				</extensions>
			</trkpt>
			<trkpt lat="46.1545531545" lon="6.8654692936">
				<ele>1530.2</ele>
				<extensions>
					<swisstopo:routepoint_id>1374080115</swisstopo:routepoint_id>
				</extensions>
			</trkpt>
			<trkpt lat="46.1546007655" lon="6.8654705028">
				<ele>1529.9</ele>
				<extensions>
					<swisstopo:routepoint_id>1248425615</swisstopo:routepoint_id>
				</extensions>
			</trkpt>
			<trkpt lat="46.1546470350" lon="6.8654426316">
				<ele>1529.7</ele>
				<extensions>
					<swisstopo:routepoint_id>1833235932</swisstopo:routepoint_id>
				</extensions>
			</trkpt>
			<trkpt lat="46.1546907208" lon="6.8653736715">
				<ele>1530.3</ele>
				<extensions>
					<swisstopo:routepoint_id>1711630671</swisstopo:routepoint_id>
				</extensions>
			</trkpt>
			<trkpt lat="46.1547354367" lon="6.8652738807">
				<ele>1529.6</ele>
				<extensions>
					<swisstopo:routepoint_id>9684828</swisstopo:routepoint_id>
				</extensions>
			</trkpt>
			<trkpt lat="46.1547753786" lon="6.8651707077">
				<ele>1527.4</ele>
				<extensions>
					<swisstopo:routepoint_id>817621083</swisstopo:routepoint_id>
				</extensions>
			</trkpt>
			<trkpt lat="46.1548096502" lon="6.8651224005">
				<ele>1526.5</ele>
				<extensions>
					<swisstopo:routepoint_id>761321187</swisstopo:routepoint_id>
				</extensions>
			</trkpt>
			<trkpt lat="46.1548771455" lon="6.8650566166">
				<ele>1525.2</ele>
				<extensions>
					<swisstopo:routepoint_id>8478327</swisstopo:routepoint_id>
				</extensions>
			</trkpt>
			<trkpt lat="46.1549445458" lon="6.8649702977">
				<ele>1525.3</ele>
				<extensions>
					<swisstopo:routepoint_id>321477797</swisstopo:routepoint_id>
				</extensions>
			</trkpt>
			<trkpt lat="46.1549881707" lon="6.8648893533">
				<ele>1525.7</ele>
				<extensions>
					<swisstopo:routepoint_id>1935015995</swisstopo:routepoint_id>
				</extensions>
			</trkpt>
			<trkpt lat="46.1550262145" lon="6.8648130813">
				<ele>1526.9</ele>
				<extensions>
					<swisstopo:routepoint_id>1579263724</swisstopo:routepoint_id>
				</extensions>
			</trkpt>
			<trkpt lat="46.1550775019" lon="6.8647160398">
				<ele>1528.4</ele>
				<extensions>
					<swisstopo:routepoint_id>1450447203</swisstopo:routepoint_id>
				</extensions>
			</trkpt>
			<trkpt lat="46.1551187535" lon="6.8646600488">
				<ele>1528.5</ele>
				<extensions>
					<swisstopo:routepoint_id>40079302</swisstopo:routepoint_id>
				</extensions>
			</trkpt>
			<trkpt lat="46.1551808166" lon="6.8645789109">
				<ele>1529.1</ele>
				<extensions>
					<swisstopo:routepoint_id>1900117177</swisstopo:routepoint_id>
				</extensions>
			</trkpt>
			<trkpt lat="46.1552406290" lon="6.8645217647">
				<ele>1529.6</ele>
				<extensions>
					<swisstopo:routepoint_id>1411495477</swisstopo:routepoint_id>
				</extensions>
			</trkpt>
			<trkpt lat="46.1552891663" lon="6.8644716008">
				<ele>1530.1</ele>
				<extensions>
					<swisstopo:routepoint_id>2090325250</swisstopo:routepoint_id>
				</extensions>
			</trkpt>
			<trkpt lat="46.1553238615" lon="6.8643916023">
				<ele>1531.3</ele>
				<extensions>
					<swisstopo:routepoint_id>1409845743</swisstopo:routepoint_id>
				</extensions>
			</trkpt>
			<trkpt lat="46.1553437801" lon="6.8643297473">
				<ele>1531.8</ele>
				<extensions>
					<swisstopo:routepoint_id>445756697</swisstopo:routepoint_id>
				</extensions>
			</trkpt>
			<trkpt lat="46.1553518305" lon="6.8642740024">
				<ele>1532.1</ele>
				<extensions>
					<swisstopo:routepoint_id>1905891107</swisstopo:routepoint_id>
				</extensions>
			</trkpt>
			<trkpt lat="46.1553503198" lon="6.8642097992">
				<ele>1531.5</ele>
				<extensions>
					<swisstopo:routepoint_id>1552685172</swisstopo:routepoint_id>
				</extensions>
			</trkpt>
			<trkpt lat="46.1553435502" lon="6.8641662063">
				<ele>1531.0</ele>
				<extensions>
					<swisstopo:routepoint_id>1403041776</swisstopo:routepoint_id>
				</extensions>
			</trkpt>
			<trkpt lat="46.1553338331" lon="6.8641269171">
				<ele>1529.9</ele>
				<extensions>
					<swisstopo:routepoint_id>394135932</swisstopo:routepoint_id>
				</extensions>
			</trkpt>
			<trkpt lat="46.1553348716" lon="6.8640977929">
				<ele>1529.2</ele>
				<extensions>
					<swisstopo:routepoint_id>234231669</swisstopo:routepoint_id>
				</extensions>
			</trkpt>
			<trkpt lat="46.1553552444" lon="6.8640085325">
				<ele>1527.8</ele>
				<extensions>
					<swisstopo:routepoint_id>643990707</swisstopo:routepoint_id>
				</extensions>
			</trkpt>
			<trkpt lat="46.1553749245" lon="6.8638995838">
				<ele>1526.2</ele>
				<extensions>
					<swisstopo:routepoint_id>175854197</swisstopo:routepoint_id>
				</extensions>
			</trkpt>
			<trkpt lat="46.1553822474" lon="6.8638181651">
				<ele>1525.7</ele>
				<extensions>
					<swisstopo:routepoint_id>987313738</swisstopo:routepoint_id>
				</extensions>
			</trkpt>
			<trkpt lat="46.1553834759" lon="6.8637068372">
				<ele>1527.1</ele>
				<extensions>
					<swisstopo:routepoint_id>1755150990</swisstopo:routepoint_id>
				</extensions>
			</trkpt>
			<trkpt lat="46.1553859074" lon="6.8636006354">
				<ele>1524.9</ele>
				<extensions>
					<swisstopo:routepoint_id>1905457922</swisstopo:routepoint_id>
				</extensions>
			</trkpt>
			<trkpt lat="46.1553903434" lon="6.8635355165">
				<ele>1523.0</ele>
				<extensions>
					<swisstopo:routepoint_id>1415456763</swisstopo:routepoint_id>
				</extensions>
			</trkpt>
			<trkpt lat="46.1554102266" lon="6.8634685102">
				<ele>1521.3</ele>
				<extensions>
					<swisstopo:routepoint_id>1410572228</swisstopo:routepoint_id>
				</extensions>
			</trkpt>
			<trkpt lat="46.1554342305" lon="6.8633912019">
				<ele>1519.4</ele>
				<extensions>
					<swisstopo:routepoint_id>1336080180</swisstopo:routepoint_id>
				</extensions>
			</trkpt>
			<trkpt lat="46.1554636534" lon="6.8633249612">
				<ele>1517.5</ele>
				<extensions>
					<swisstopo:routepoint_id>403331616</swisstopo:routepoint_id>
				</extensions>
			</trkpt>
			<trkpt lat="46.1554770922" lon="6.8632768709">
				<ele>1516.1</ele>
				<extensions>
					<swisstopo:routepoint_id>565036950</swisstopo:routepoint_id>
				</extensions>
			</trkpt>
			<trkpt lat="46.1554865797" lon="6.8632707792">
				<ele>1515.9</ele>
				<extensions>
					<swisstopo:routepoint_id>741245771</swisstopo:routepoint_id>
				</extensions>
			</trkpt>
			<trkpt lat="46.1554932021" lon="6.8632852602">
				<ele>1515.6</ele>
				<extensions>
					<swisstopo:routepoint_id>170876830</swisstopo:routepoint_id>
				</extensions>
			</trkpt>
			<trkpt lat="46.1554958040" lon="6.8633280436">
				<ele>1514.9</ele>
				<extensions>
					<swisstopo:routepoint_id>2116444934</swisstopo:routepoint_id>
				</extensions>
			</trkpt>
			<trkpt lat="46.1554890396" lon="6.8634026111">
				<ele>1514.3</ele>
				<extensions>
					<swisstopo:routepoint_id>838829006</swisstopo:routepoint_id>
				</extensions>
			</trkpt>
			<trkpt lat="46.1554951472" lon="6.8634350929">
				<ele>1513.3</ele>
				<extensions>
					<swisstopo:routepoint_id>842458411</swisstopo:routepoint_id>
				</extensions>
			</trkpt>
			<trkpt lat="46.1555192173" lon="6.8634879287">
				<ele>1511.2</ele>
				<extensions>
					<swisstopo:routepoint_id>1832189592</swisstopo:routepoint_id>
				</extensions>
			</trkpt>
			<trkpt lat="46.1555409327" lon="6.8635459280">
				<ele>1509.4</ele>
				<extensions>
					<swisstopo:routepoint_id>453320443</swisstopo:routepoint_id>
				</extensions>
			</trkpt>
			<trkpt lat="46.1555516365" lon="6.8635440902">
				<ele>1509.2</ele>
				<extensions>
					<swisstopo:routepoint_id>1215277580</swisstopo:routepoint_id>
				</extensions>
			</trkpt>
			<trkpt lat="46.1555616304" lon="6.8635191573">
				<ele>1508.7</ele>
				<extensions>
					<swisstopo:routepoint_id>493915605</swisstopo:routepoint_id>
				</extensions>
			</trkpt>
			<trkpt lat="46.1555708360" lon="6.8634574204">
				<ele>1507.7</ele>
				<extensions>
					<swisstopo:routepoint_id>72349001</swisstopo:routepoint_id>
				</extensions>
			</trkpt>
			<trkpt lat="46.1555805607" lon="6.8633819620">
				<ele>1507.2</ele>
				<extensions>
					<swisstopo:routepoint_id>1416242107</swisstopo:routepoint_id>
				</extensions>
			</trkpt>
			<trkpt lat="46.1555998251" lon="6.8633081164">
				<ele>1506.3</ele>
				<extensions>
					<swisstopo:routepoint_id>399886510</swisstopo:routepoint_id>
				</extensions>
			</trkpt>
			<trkpt lat="46.1556268024" lon="6.8632299169">
				<ele>1504.3</ele>
				<extensions>
					<swisstopo:routepoint_id>1981785640</swisstopo:routepoint_id>
				</extensions>
			</trkpt>
			<trkpt lat="46.1556347785" lon="6.8631596218">
				<ele>1502.8</ele>
				<extensions>
					<swisstopo:routepoint_id>74098579</swisstopo:routepoint_id>
				</extensions>
			</trkpt>
			<trkpt lat="46.1556415730" lon="6.8630910457">
				<ele>1501.7</ele>
				<extensions>
					<swisstopo:routepoint_id>505986157</swisstopo:routepoint_id>
				</extensions>
			</trkpt>
			<trkpt lat="46.1556345642" lon="6.8630003590">
				<ele>1500.2</ele>
				<extensions>
					<swisstopo:routepoint_id>276659016</swisstopo:routepoint_id>
				</extensions>
			</trkpt>
			<trkpt lat="46.1556437566" lon="6.8629360432">
				<ele>1499.7</ele>
				<extensions>
					<swisstopo:routepoint_id>620227422</swisstopo:routepoint_id>
				</extensions>
			</trkpt>
			<trkpt lat="46.1556538414" lon="6.8629290918">
				<ele>1499.3</ele>
				<extensions>
					<swisstopo:routepoint_id>1083681147</swisstopo:routepoint_id>
				</extensions>
			</trkpt>
			<trkpt lat="46.1556676619" lon="6.8629563348">
				<ele>1498.4</ele>
				<extensions>
					<swisstopo:routepoint_id>762614749</swisstopo:routepoint_id>
				</extensions>
			</trkpt>
			<trkpt lat="46.1556826989" lon="6.8629878695">
				<ele>1497.4</ele>
				<extensions>
					<swisstopo:routepoint_id>1675151617</swisstopo:routepoint_id>
				</extensions>
			</trkpt>
			<trkpt lat="46.1557066996" lon="6.8630269962">
				<ele>1496.4</ele>
				<extensions>
					<swisstopo:routepoint_id>315954943</swisstopo:routepoint_id>
				</extensions>
			</trkpt>
			<trkpt lat="46.1557398641" lon="6.8631131295">
				<ele>1494.8</ele>
				<extensions>
					<swisstopo:routepoint_id>698171393</swisstopo:routepoint_id>
				</extensions>
			</trkpt>
			<trkpt lat="46.1557477998" lon="6.8632697517">
				<ele>1493.2</ele>
				<extensions>
					<swisstopo:routepoint_id>1776855225</swisstopo:routepoint_id>
				</extensions>
			</trkpt>
			<trkpt lat="46.1557500819" lon="6.8633690530">
				<ele>1491.2</ele>
				<extensions>
					<swisstopo:routepoint_id>1676489695</swisstopo:routepoint_id>
				</extensions>
			</trkpt>
			<trkpt lat="46.1557653095" lon="6.8634373982">
				<ele>1489.4</ele>
				<extensions>
					<swisstopo:routepoint_id>411657126</swisstopo:routepoint_id>
				</extensions>
			</trkpt>
			<trkpt lat="46.1557751267" lon="6.8634963760">
				<ele>1487.9</ele>
				<extensions>
					<swisstopo:routepoint_id>1642293031</swisstopo:routepoint_id>
				</extensions>
			</trkpt>
			<trkpt lat="46.1558168480" lon="6.8636277970">
				<ele>1485.2</ele>
				<extensions>
					<swisstopo:routepoint_id>1161811365</swisstopo:routepoint_id>
				</extensions>
			</trkpt>
			<trkpt lat="46.1558278164" lon="6.8636782044">
				<ele>1484.4</ele>
				<extensions>
					<swisstopo:routepoint_id>1532963832</swisstopo:routepoint_id>
				</extensions>
			</trkpt>
			<trkpt lat="46.1558271331" lon="6.8637801031">
				<ele>1483.7</ele>
				<extensions>
					<swisstopo:routepoint_id>1694874520</swisstopo:routepoint_id>
				</extensions>
			</trkpt>
			<trkpt lat="46.1558403786" lon="6.8639280927">
				<ele>1482.6</ele>
				<extensions>
					<swisstopo:routepoint_id>1200018671</swisstopo:routepoint_id>
				</extensions>
			</trkpt>
			<trkpt lat="46.1558578138" lon="6.8640794707">
				<ele>1479.8</ele>
				<extensions>
					<swisstopo:routepoint_id>2018120827</swisstopo:routepoint_id>
				</extensions>
			</trkpt>
			<trkpt lat="46.1558798755" lon="6.8642068255">
				<ele>1476.8</ele>
				<extensions>
					<swisstopo:routepoint_id>2093683446</swisstopo:routepoint_id>
				</extensions>
			</trkpt>
			<trkpt lat="46.1558826934" lon="6.8642941371">
				<ele>1475.3</ele>
				<extensions>
					<swisstopo:routepoint_id>928396643</swisstopo:routepoint_id>
				</extensions>
			</trkpt>
			<trkpt lat="46.1558711977" lon="6.8643747532">
				<ele>1474.0</ele>
				<extensions>
					<swisstopo:routepoint_id>1570770802</swisstopo:routepoint_id>
				</extensions>
			</trkpt>
			<trkpt lat="46.1558537246" lon="6.8644485675">
				<ele>1472.8</ele>
				<extensions>
					<swisstopo:routepoint_id>1059205255</swisstopo:routepoint_id>
				</extensions>
			</trkpt>
			<trkpt lat="46.1558124892" lon="6.8645303418">
				<ele>1471.7</ele>
				<extensions>
					<swisstopo:routepoint_id>862787457</swisstopo:routepoint_id>
				</extensions>
			</trkpt>
			<trkpt lat="46.1557333685" lon="6.8646519101">
				<ele>1470.5</ele>
				<extensions>
					<swisstopo:routepoint_id>893569104</swisstopo:routepoint_id>
				</extensions>
			</trkpt>
			<trkpt lat="46.1556916868" lon="6.8647383914">
				<ele>1469.5</ele>
				<extensions>
					<swisstopo:routepoint_id>185963127</swisstopo:routepoint_id>
				</extensions>
			</trkpt>
			<trkpt lat="46.1556081628" lon="6.8648831076">
				<ele>1468.1</ele>
				<extensions>
					<swisstopo:routepoint_id>2129606468</swisstopo:routepoint_id>
				</extensions>
			</trkpt>
			<trkpt lat="46.1555244788" lon="6.8649970240">
				<ele>1466.0</ele>
				<extensions>
					<swisstopo:routepoint_id>2004121088</swisstopo:routepoint_id>
				</extensions>
			</trkpt>
			<trkpt lat="46.1554806460" lon="6.8650837864">
				<ele>1464.9</ele>
				<extensions>
					<swisstopo:routepoint_id>1033548632</swisstopo:routepoint_id>
				</extensions>
			</trkpt>
			<trkpt lat="46.1554268165" lon="6.8651706657">
				<ele>1463.0</ele>
				<extensions>
					<swisstopo:routepoint_id>1009341755</swisstopo:routepoint_id>
				</extensions>
			</trkpt>
			<trkpt lat="46.1554041760" lon="6.8652120002">
				<ele>1461.6</ele>
				<extensions>
					<swisstopo:routepoint_id>71357483</swisstopo:routepoint_id>
				</extensions>
			</trkpt>
			<trkpt lat="46.1553814332" lon="6.8652887824">
				<ele>1459.7</ele>
				<extensions>
					<swisstopo:routepoint_id>2001570934</swisstopo:routepoint_id>
				</extensions>
			</trkpt>
			<trkpt lat="46.1554076694" lon="6.8653001573">
				<ele>1459.0</ele>
				<extensions>
					<swisstopo:routepoint_id>1695157948</swisstopo:routepoint_id>
				</extensions>
			</trkpt>
			<trkpt lat="46.1554305175" lon="6.8652999185">
				<ele>1458.4</ele>
				<extensions>
					<swisstopo:routepoint_id>1732449482</swisstopo:routepoint_id>
				</extensions>
			</trkpt>
			<trkpt lat="46.1554566068" lon="6.8652804622">
				<ele>1457.9</ele>
				<extensions>
					<swisstopo:routepoint_id>1846936460</swisstopo:routepoint_id>
				</extensions>
			</trkpt>
			<trkpt lat="46.1555266957" lon="6.8652098532">
				<ele>1456.6</ele>
				<extensions>
					<swisstopo:routepoint_id>591571889</swisstopo:routepoint_id>
				</extensions>
			</trkpt>
			<trkpt lat="46.1555892268" lon="6.8651482417">
				<ele>1455.5</ele>
				<extensions>
					<swisstopo:routepoint_id>34150634</swisstopo:routepoint_id>
				</extensions>
			</trkpt>
			<trkpt lat="46.1556916697" lon="6.8650731855">
				<ele>1454.2</ele>
				<extensions>
					<swisstopo:routepoint_id>2049100339</swisstopo:routepoint_id>
				</extensions>
			</trkpt>
			<trkpt lat="46.1557376549" lon="6.8650377696">
				<ele>1453.5</ele>
				<extensions>
					<swisstopo:routepoint_id>619182922</swisstopo:routepoint_id>
				</extensions>
			</trkpt>
			<trkpt lat="46.1557968175" lon="6.8649693284">
				<ele>1452.7</ele>
				<extensions>
					<swisstopo:routepoint_id>85772637</swisstopo:routepoint_id>
				</extensions>
			</trkpt>
			<trkpt lat="46.1558739857" lon="6.8648863252">
				<ele>1451.5</ele>
				<extensions>
					<swisstopo:routepoint_id>520680766</swisstopo:routepoint_id>
				</extensions>
			</trkpt>
			<trkpt lat="46.1559346933" lon="6.8648220268">
				<ele>1450.4</ele>
				<extensions>
					<swisstopo:routepoint_id>822379094</swisstopo:routepoint_id>
				</extensions>
			</trkpt>
			<trkpt lat="46.1560533952" lon="6.8646841093">
				<ele>1448.0</ele>
				<extensions>
					<swisstopo:routepoint_id>1762296474</swisstopo:routepoint_id>
				</extensions>
			</trkpt>
			<trkpt lat="46.1561508397" lon="6.8645726767">
				<ele>1446.1</ele>
				<extensions>
					<swisstopo:routepoint_id>1156452032</swisstopo:routepoint_id>
				</extensions>
			</trkpt>
			<trkpt lat="46.1562168763" lon="6.8644990300">
				<ele>1445.2</ele>
				<extensions>
					<swisstopo:routepoint_id>569681594</swisstopo:routepoint_id>
				</extensions>
			</trkpt>
			<trkpt lat="46.1562842414" lon="6.8644058569">
				<ele>1444.1</ele>
				<extensions>
					<swisstopo:routepoint_id>1428537922</swisstopo:routepoint_id>
				</extensions>
			</trkpt>
			<trkpt lat="46.1563386727" lon="6.8642973896">
				<ele>1443.0</ele>
				<extensions>
					<swisstopo:routepoint_id>712931505</swisstopo:routepoint_id>
				</extensions>
			</trkpt>
			<trkpt lat="46.1563632337" lon="6.8642128750">
				<ele>1442.1</ele>
				<extensions>
					<swisstopo:routepoint_id>736271417</swisstopo:routepoint_id>
				</extensions>
			</trkpt>
			<trkpt lat="46.1563874857" lon="6.8641133388">
				<ele>1441.1</ele>
				<extensions>
					<swisstopo:routepoint_id>1350606201</swisstopo:routepoint_id>
				</extensions>
			</trkpt>
			<trkpt lat="46.1564023756" lon="6.8640368582">
				<ele>1440.4</ele>
				<extensions>
					<swisstopo:routepoint_id>1916805664</swisstopo:routepoint_id>
				</extensions>
			</trkpt>
			<trkpt lat="46.1564184546" lon="6.8639202400">
				<ele>1439.4</ele>
				<extensions>
					<swisstopo:routepoint_id>654312672</swisstopo:routepoint_id>
				</extensions>
			</trkpt>
			<trkpt lat="46.1564204103" lon="6.8638380163">
				<ele>1438.6</ele>
				<extensions>
					<swisstopo:routepoint_id>433956612</swisstopo:routepoint_id>
				</extensions>
			</trkpt>
			<trkpt lat="46.1564106021" lon="6.8637798911">
				<ele>1438.1</ele>
				<extensions>
					<swisstopo:routepoint_id>205996168</swisstopo:routepoint_id>
				</extensions>
			</trkpt>
			<trkpt lat="46.1564067366" lon="6.8637217163">
				<ele>1437.5</ele>
				<extensions>
					<swisstopo:routepoint_id>160112037</swisstopo:routepoint_id>
				</extensions>
			</trkpt>
			<trkpt lat="46.1564146827" lon="6.8636462817">
				<ele>1436.7</ele>
				<extensions>
					<swisstopo:routepoint_id>1735935797</swisstopo:routepoint_id>
				</extensions>
			</trkpt>
			<trkpt lat="46.1564390193" lon="6.8635175797">
				<ele>1435.3</ele>
				<extensions>
					<swisstopo:routepoint_id>1563408006</swisstopo:routepoint_id>
				</extensions>
			</trkpt>
			<trkpt lat="46.1564552798" lon="6.8634386256">
				<ele>1434.5</ele>
				<extensions>
					<swisstopo:routepoint_id>1454535001</swisstopo:routepoint_id>
				</extensions>
			</trkpt>
			<trkpt lat="46.1564585037" lon="6.8633700986">
				<ele>1434.0</ele>
				<extensions>
					<swisstopo:routepoint_id>869071864</swisstopo:routepoint_id>
				</extensions>
			</trkpt>
			<trkpt lat="46.1564535128" lon="6.8633239136">
				<ele>1433.6</ele>
				<extensions>
					<swisstopo:routepoint_id>1083695953</swisstopo:routepoint_id>
				</extensions>
			</trkpt>
			<trkpt lat="46.1564435003" lon="6.8632263988">
				<ele>1432.6</ele>
				<extensions>
					<swisstopo:routepoint_id>1499482614</swisstopo:routepoint_id>
				</extensions>
			</trkpt>
			<trkpt lat="46.1564417589" lon="6.8631185321">
				<ele>1431.6</ele>
				<extensions>
					<swisstopo:routepoint_id>1033135287</swisstopo:routepoint_id>
				</extensions>
			</trkpt>
			<trkpt lat="46.1564462119" lon="6.8630585507">
				<ele>1431.0</ele>
				<extensions>
					<swisstopo:routepoint_id>1158964111</swisstopo:routepoint_id>
				</extensions>
			</trkpt>
			<trkpt lat="46.1564552003" lon="6.8629522653">
				<ele>1429.8</ele>
				<extensions>
					<swisstopo:routepoint_id>1650642751</swisstopo:routepoint_id>
				</extensions>
			</trkpt>
			<trkpt lat="46.1564582068" lon="6.8628409291">
				<ele>1428.7</ele>
				<extensions>
					<swisstopo:routepoint_id>1533759556</swisstopo:routepoint_id>
				</extensions>
			</trkpt>
			<trkpt lat="46.1564612913" lon="6.8627449898">
				<ele>1427.8</ele>
				<extensions>
					<swisstopo:routepoint_id>892714614</swisstopo:routepoint_id>
				</extensions>
			</trkpt>
			<trkpt lat="46.1564681377" lon="6.8626884092">
				<ele>1427.2</ele>
				<extensions>
					<swisstopo:routepoint_id>659107120</swisstopo:routepoint_id>
				</extensions>
			</trkpt>
			<trkpt lat="46.1564892110" lon="6.8626179754">
				<ele>1426.4</ele>
				<extensions>
					<swisstopo:routepoint_id>314872304</swisstopo:routepoint_id>
				</extensions>
			</trkpt>
			<trkpt lat="46.1565304146" lon="6.8625302004">
				<ele>1425.5</ele>
				<extensions>
					<swisstopo:routepoint_id>1545818530</swisstopo:routepoint_id>
				</extensions>
			</trkpt>
			<trkpt lat="46.1565714703" lon="6.8624133127">
				<ele>1424.4</ele>
				<extensions>
					<swisstopo:routepoint_id>266115712</swisstopo:routepoint_id>
				</extensions>
			</trkpt>
			<trkpt lat="46.1565875475" lon="6.8622983940">
				<ele>1423.2</ele>
				<extensions>
					<swisstopo:routepoint_id>649997943</swisstopo:routepoint_id>
				</extensions>
			</trkpt>
			<trkpt lat="46.1565892545" lon="6.8621647964">
				<ele>1422.1</ele>
				<extensions>
					<swisstopo:routepoint_id>838102888</swisstopo:routepoint_id>
				</extensions>
			</trkpt>
			<trkpt lat="46.1565814955" lon="6.8620432953">
				<ele>1420.9</ele>
				<extensions>
					<swisstopo:routepoint_id>1173518648</swisstopo:routepoint_id>
				</extensions>
			</trkpt>
			<trkpt lat="46.1565606130" lon="6.8619150740">
				<ele>1419.7</ele>
				<extensions>
					<swisstopo:routepoint_id>1569635428</swisstopo:routepoint_id>
				</extensions>
			</trkpt>
			<trkpt lat="46.1565095905" lon="6.8617101054">
				<ele>1417.5</ele>
				<extensions>
					<swisstopo:routepoint_id>127483241</swisstopo:routepoint_id>
				</extensions>
			</trkpt>
			<trkpt lat="46.1564900327" lon="6.8616092716">
				<ele>1416.3</ele>
				<extensions>
					<swisstopo:routepoint_id>1512841903</swisstopo:routepoint_id>
				</extensions>
			</trkpt>
			<trkpt lat="46.1564808323" lon="6.8615067424">
				<ele>1415.2</ele>
				<extensions>
					<swisstopo:routepoint_id>1205885406</swisstopo:routepoint_id>
				</extensions>
			</trkpt>
			<trkpt lat="46.1564781490" lon="6.8614584600">
				<ele>1414.7</ele>
				<extensions>
					<swisstopo:routepoint_id>1603113924</swisstopo:routepoint_id>
				</extensions>
			</trkpt>
			<trkpt lat="46.1564754768" lon="6.8613146941">
				<ele>1413.2</ele>
				<extensions>
					<swisstopo:routepoint_id>203254722</swisstopo:routepoint_id>
				</extensions>
			</trkpt>
			<trkpt lat="46.1564639594" lon="6.8611625639">
				<ele>1411.9</ele>
				<extensions>
					<swisstopo:routepoint_id>742501977</swisstopo:routepoint_id>
				</extensions>
			</trkpt>
			<trkpt lat="46.1564442748" lon="6.8610360499">
				<ele>1410.5</ele>
				<extensions>
					<swisstopo:routepoint_id>2087602209</swisstopo:routepoint_id>
				</extensions>
			</trkpt>
			<trkpt lat="46.1564125568" lon="6.8608822618">
				<ele>1409.3</ele>
				<extensions>
					<swisstopo:routepoint_id>897219628</swisstopo:routepoint_id>
				</extensions>
			</trkpt>
			<trkpt lat="46.1563774286" lon="6.8607627436">
				<ele>1408.1</ele>
				<extensions>
					<swisstopo:routepoint_id>142648240</swisstopo:routepoint_id>
				</extensions>
			</trkpt>
			<trkpt lat="46.1563338030" lon="6.8606073683">
				<ele>1406.5</ele>
				<extensions>
					<swisstopo:routepoint_id>1987392354</swisstopo:routepoint_id>
				</extensions>
			</trkpt>
			<trkpt lat="46.1563117766" lon="6.8604877187">
				<ele>1405.3</ele>
				<extensions>
					<swisstopo:routepoint_id>1928087591</swisstopo:routepoint_id>
				</extensions>
			</trkpt>
			<trkpt lat="46.1563053412" lon="6.8603935991">
				<ele>1404.3</ele>
				<extensions>
					<swisstopo:routepoint_id>370912455</swisstopo:routepoint_id>
				</extensions>
			</trkpt>
			<trkpt lat="46.1563060127" lon="6.8602908462">
				<ele>1403.3</ele>
				<extensions>
					<swisstopo:routepoint_id>97001904</swisstopo:routepoint_id>
				</extensions>
			</trkpt>
			<trkpt lat="46.1563197812" lon="6.8601913683">
				<ele>1402.5</ele>
				<extensions>
					<swisstopo:routepoint_id>954471342</swisstopo:routepoint_id>
				</extensions>
			</trkpt>
			<trkpt lat="46.1563417073" lon="6.8600558513">
				<ele>1401.1</ele>
				<extensions>
					<swisstopo:routepoint_id>1647691801</swisstopo:routepoint_id>
				</extensions>
			</trkpt>
			<trkpt lat="46.1563471918" lon="6.8599650193">
				<ele>1400.3</ele>
				<extensions>
					<swisstopo:routepoint_id>2083184006</swisstopo:routepoint_id>
				</extensions>
			</trkpt>
			<trkpt lat="46.1563419682" lon="6.8598743192">
				<ele>1399.5</ele>
				<extensions>
					<swisstopo:routepoint_id>704792973</swisstopo:routepoint_id>
				</extensions>
			</trkpt>
			<trkpt lat="46.1563209959" lon="6.8597289707">
				<ele>1398.1</ele>
				<extensions>
					<swisstopo:routepoint_id>103410428</swisstopo:routepoint_id>
				</extensions>
			</trkpt>
			<trkpt lat="46.1562711336" lon="6.8595188539">
				<ele>1396.1</ele>
				<extensions>
					<swisstopo:routepoint_id>668770918</swisstopo:routepoint_id>
				</extensions>
			</trkpt>
			<trkpt lat="46.1563044700" lon="6.8595219151">
				<ele>1395.5</ele>
				<extensions>
					<swisstopo:routepoint_id>747257282</swisstopo:routepoint_id>
				</extensions>
			</trkpt>
			<trkpt lat="46.1563332288" lon="6.8595610032">
				<ele>1394.8</ele>
				<extensions>
					<swisstopo:routepoint_id>1403121627</swisstopo:routepoint_id>
				</extensions>
			</trkpt>
			<trkpt lat="46.1563739952" lon="6.8596205137">
				<ele>1393.0</ele>
				<extensions>
					<swisstopo:routepoint_id>1221211658</swisstopo:routepoint_id>
				</extensions>
			</trkpt>
			<trkpt lat="46.1564242968" lon="6.8596833496">
				<ele>1390.6</ele>
				<extensions>
					<swisstopo:routepoint_id>900490181</swisstopo:routepoint_id>
				</extensions>
			</trkpt>
			<trkpt lat="46.1564602583" lon="6.8597343461">
				<ele>1388.8</ele>
				<extensions>
					<swisstopo:routepoint_id>1708891937</swisstopo:routepoint_id>
				</extensions>
			</trkpt>
			<trkpt lat="46.1564807942" lon="6.8597940642">
				<ele>1387.0</ele>
				<extensions>
					<swisstopo:routepoint_id>2133658049</swisstopo:routepoint_id>
				</extensions>
			</trkpt>
			<trkpt lat="46.1565010245" lon="6.8597938506">
				<ele>1386.0</ele>
				<extensions>
					<swisstopo:routepoint_id>109500783</swisstopo:routepoint_id>
				</extensions>
			</trkpt>
			<trkpt lat="46.1565235614" lon="6.8597782087">
				<ele>1385.0</ele>
				<extensions>
					<swisstopo:routepoint_id>389075814</swisstopo:routepoint_id>
				</extensions>
			</trkpt>
			<trkpt lat="46.1565415201" lon="6.8598002750">
				<ele>1384.3</ele>
				<extensions>
					<swisstopo:routepoint_id>639400086</swisstopo:routepoint_id>
				</extensions>
			</trkpt>
			<trkpt lat="46.1565584591" lon="6.8598549048">
				<ele>1383.1</ele>
				<extensions>
					<swisstopo:routepoint_id>1879709129</swisstopo:routepoint_id>
				</extensions>
			</trkpt>
			<trkpt lat="46.1565766361" lon="6.8599197868">
				<ele>1381.8</ele>
				<extensions>
					<swisstopo:routepoint_id>492421860</swisstopo:routepoint_id>
				</extensions>
			</trkpt>
			<trkpt lat="46.1565828625" lon="6.8599728104">
				<ele>1380.4</ele>
				<extensions>
					<swisstopo:routepoint_id>352427698</swisstopo:routepoint_id>
				</extensions>
			</trkpt>
			<trkpt lat="46.1565996266" lon="6.8599931765">
				<ele>1379.3</ele>
				<extensions>
					<swisstopo:routepoint_id>394456741</swisstopo:routepoint_id>
				</extensions>
			</trkpt>
			<trkpt lat="46.1566198134" lon="6.8599844113">
				<ele>1378.0</ele>
				<extensions>
					<swisstopo:routepoint_id>1348797039</swisstopo:routepoint_id>
				</extensions>
			</trkpt>
			<trkpt lat="46.1566376675" lon="6.8599859296">
				<ele>1377.6</ele>
				<extensions>
					<swisstopo:routepoint_id>2069494493</swisstopo:routepoint_id>
				</extensions>
			</trkpt>
			<trkpt lat="46.1566593631" lon="6.8600387900">
				<ele>1376.1</ele>
				<extensions>
					<swisstopo:routepoint_id>407591768</swisstopo:routepoint_id>
				</extensions>
			</trkpt>
			<trkpt lat="46.1566716148" lon="6.8601088735">
				<ele>1374.8</ele>
				<extensions>
					<swisstopo:routepoint_id>1748216746</swisstopo:routepoint_id>
				</extensions>
			</trkpt>
			<trkpt lat="46.1566827984" lon="6.8602012370">
				<ele>1373.0</ele>
				<extensions>
					<swisstopo:routepoint_id>430827369</swisstopo:routepoint_id>
				</extensions>
			</trkpt>
			<trkpt lat="46.1567078901" lon="6.8602215153">
				<ele>1371.9</ele>
				<extensions>
					<swisstopo:routepoint_id>361368155</swisstopo:routepoint_id>
				</extensions>
			</trkpt>
			<trkpt lat="46.1567272661" lon="6.8602864038">
				<ele>1370.3</ele>
				<extensions>
					<swisstopo:routepoint_id>1856693416</swisstopo:routepoint_id>
				</extensions>
			</trkpt>
			<trkpt lat="46.1567584096" lon="6.8603271741">
				<ele>1369.1</ele>
				<extensions>
					<swisstopo:routepoint_id>1309018812</swisstopo:routepoint_id>
				</extensions>
			</trkpt>
			<trkpt lat="46.1568062648" lon="6.8603763268">
				<ele>1367.6</ele>
				<extensions>
					<swisstopo:routepoint_id>2034482278</swisstopo:routepoint_id>
				</extensions>
			</trkpt>
			<trkpt lat="46.1568423786" lon="6.8604564431">
				<ele>1365.8</ele>
				<extensions>
					<swisstopo:routepoint_id>645503325</swisstopo:routepoint_id>
				</extensions>
			</trkpt>
			<trkpt lat="46.1568650766" lon="6.8604750340">
				<ele>1364.9</ele>
				<extensions>
					<swisstopo:routepoint_id>463599463</swisstopo:routepoint_id>
				</extensions>
			</trkpt>
			<trkpt lat="46.1568891219" lon="6.8605227311">
				<ele>1363.9</ele>
				<extensions>
					<swisstopo:routepoint_id>449278045</swisstopo:routepoint_id>
				</extensions>
			</trkpt>
			<trkpt lat="46.1569072421" lon="6.8605739231">
				<ele>1362.5</ele>
				<extensions>
					<swisstopo:routepoint_id>1956233945</swisstopo:routepoint_id>
				</extensions>
			</trkpt>
			<trkpt lat="46.1569658098" lon="6.8606246824">
				<ele>1359.1</ele>
				<extensions>
					<swisstopo:routepoint_id>1027668217</swisstopo:routepoint_id>
				</extensions>
			</trkpt>
			<trkpt lat="46.1569851811" lon="6.8606895588">
				<ele>1357.3</ele>
				<extensions>
					<swisstopo:routepoint_id>888851307</swisstopo:routepoint_id>
				</extensions>
			</trkpt>
			<trkpt lat="46.1570043388" lon="6.8607133259">
				<ele>1356.6</ele>
				<extensions>
					<swisstopo:routepoint_id>1986414567</swisstopo:routepoint_id>
				</extensions>
			</trkpt>
			<trkpt lat="46.1570316062" lon="6.8606924829">
				<ele>1355.6</ele>
				<extensions>
					<swisstopo:routepoint_id>1825996771</swisstopo:routepoint_id>
				</extensions>
			</trkpt>
			<trkpt lat="46.1570395590" lon="6.8606187661">
				<ele>1354.1</ele>
				<extensions>
					<swisstopo:routepoint_id>1735651596</swisstopo:routepoint_id>
				</extensions>
			</trkpt>
			<trkpt lat="46.1570521420" lon="6.8605193059">
				<ele>1352.4</ele>
				<extensions>
					<swisstopo:routepoint_id>1670865224</swisstopo:routepoint_id>
				</extensions>
			</trkpt>
			<trkpt lat="46.1570507033" lon="6.8604696510">
				<ele>1351.5</ele>
				<extensions>
					<swisstopo:routepoint_id>1294313841</swisstopo:routepoint_id>
				</extensions>
			</trkpt>
			<trkpt lat="46.1570559527" lon="6.8603325951">
				<ele>1348.6</ele>
				<extensions>
					<swisstopo:routepoint_id>848618624</swisstopo:routepoint_id>
				</extensions>
			</trkpt>
			<trkpt lat="46.1570674673" lon="6.8602571152">
				<ele>1347.3</ele>
				<extensions>
					<swisstopo:routepoint_id>1481197064</swisstopo:routepoint_id>
				</extensions>
			</trkpt>
			<trkpt lat="46.1570707852" lon="6.8602074226">
				<ele>1346.2</ele>
				<extensions>
					<swisstopo:routepoint_id>2028103864</swisstopo:routepoint_id>
				</extensions>
			</trkpt>
			<trkpt lat="46.1570823303" lon="6.8601370876">
				<ele>1344.2</ele>
				<extensions>
					<swisstopo:routepoint_id>1200932910</swisstopo:routepoint_id>
				</extensions>
			</trkpt>
			<trkpt lat="46.1571045062" lon="6.8600936941">
				<ele>1343.7</ele>
				<extensions>
					<swisstopo:routepoint_id>493531432</swisstopo:routepoint_id>
				</extensions>
			</trkpt>
			<trkpt lat="46.1571107071" lon="6.8601279326">
				<ele>1343.4</ele>
				<extensions>
					<swisstopo:routepoint_id>793117423</swisstopo:routepoint_id>
				</extensions>
			</trkpt>
			<trkpt lat="46.1571346238" lon="6.8602598771">
				<ele>1342.1</ele>
				<extensions>
					<swisstopo:routepoint_id>983900589</swisstopo:routepoint_id>
				</extensions>
			</trkpt>
			<trkpt lat="46.1571883848" lon="6.8605070103">
				<ele>1339.6</ele>
				<extensions>
					<swisstopo:routepoint_id>670867677</swisstopo:routepoint_id>
				</extensions>
			</trkpt>
			<trkpt lat="46.1571958735" lon="6.8605785797">
				<ele>1338.9</ele>
				<extensions>
					<swisstopo:routepoint_id>659605013</swisstopo:routepoint_id>
				</extensions>
			</trkpt>
			<trkpt lat="46.1572018696" lon="6.8606399311">
				<ele>1338.4</ele>
				<extensions>
					<swisstopo:routepoint_id>749045561</swisstopo:routepoint_id>
				</extensions>
			</trkpt>
			<trkpt lat="46.1572083546" lon="6.8606808354">
				<ele>1338.1</ele>
				<extensions>
					<swisstopo:routepoint_id>1635285581</swisstopo:routepoint_id>
				</extensions>
			</trkpt>
			<trkpt lat="46.1572178227" lon="6.8607011650">
				<ele>1337.9</ele>
				<extensions>
					<swisstopo:routepoint_id>582487401</swisstopo:routepoint_id>
				</extensions>
			</trkpt>
			<trkpt lat="46.1572328273" lon="6.8607132886">
				<ele>1337.7</ele>
				<extensions>
					<swisstopo:routepoint_id>1966974817</swisstopo:routepoint_id>
				</extensions>
			</trkpt>
			<trkpt lat="46.1572541766" lon="6.8607171533">
				<ele>1337.3</ele>
				<extensions>
					<swisstopo:routepoint_id>910245314</swisstopo:routepoint_id>
				</extensions>
			</trkpt>
			<trkpt lat="46.1572789925" lon="6.8607005205">
				<ele>1336.9</ele>
				<extensions>
					<swisstopo:routepoint_id>326642378</swisstopo:routepoint_id>
				</extensions>
			</trkpt>
			<trkpt lat="46.1572938121" lon="6.8606788729">
				<ele>1336.6</ele>
				<extensions>
					<swisstopo:routepoint_id>602086606</swisstopo:routepoint_id>
				</extensions>
			</trkpt>
			<trkpt lat="46.1573000224" lon="6.8606399080">
				<ele>1336.2</ele>
				<extensions>
					<swisstopo:routepoint_id>438042246</swisstopo:routepoint_id>
				</extensions>
			</trkpt>
			<trkpt lat="46.1573010608" lon="6.8605651893">
				<ele>1335.6</ele>
				<extensions>
					<swisstopo:routepoint_id>2101255823</swisstopo:routepoint_id>
				</extensions>
			</trkpt>
			<trkpt lat="46.1573020758" lon="6.8604832965">
				<ele>1334.9</ele>
				<extensions>
					<swisstopo:routepoint_id>1582979037</swisstopo:routepoint_id>
				</extensions>
			</trkpt>
			<trkpt lat="46.1572999716" lon="6.8603512794">
				<ele>1334.0</ele>
				<extensions>
					<swisstopo:routepoint_id>1909280873</swisstopo:routepoint_id>
				</extensions>
			</trkpt>
			<trkpt lat="46.1573057516" lon="6.8602304496">
				<ele>1333.1</ele>
				<extensions>
					<swisstopo:routepoint_id>1407535054</swisstopo:routepoint_id>
				</extensions>
			</trkpt>
			<trkpt lat="46.1573117932" lon="6.8601567021">
				<ele>1332.5</ele>
				<extensions>
					<swisstopo:routepoint_id>2119585070</swisstopo:routepoint_id>
				</extensions>
			</trkpt>
			<trkpt lat="46.1573254996" lon="6.8600562433">
				<ele>1331.8</ele>
				<extensions>
					<swisstopo:routepoint_id>1475778439</swisstopo:routepoint_id>
				</extensions>
			</trkpt>
			<trkpt lat="46.1573357214" lon="6.8599701637">
				<ele>1331.2</ele>
				<extensions>
					<swisstopo:routepoint_id>1179561928</swisstopo:routepoint_id>
				</extensions>
			</trkpt>
			<trkpt lat="46.1573367256" lon="6.8598862165">
				<ele>1330.8</ele>
				<extensions>
					<swisstopo:routepoint_id>1945544450</swisstopo:routepoint_id>
				</extensions>
			</trkpt>
			<trkpt lat="46.1573328541" lon="6.8598238311">
				<ele>1330.5</ele>
				<extensions>
					<swisstopo:routepoint_id>412056454</swisstopo:routepoint_id>
				</extensions>
			</trkpt>
			<trkpt lat="46.1573211818" lon="6.8597666356">
				<ele>1330.0</ele>
				<extensions>
					<swisstopo:routepoint_id>1163910311</swisstopo:routepoint_id>
				</extensions>
			</trkpt>
			<trkpt lat="46.1573052350" lon="6.8597084675">
				<ele>1329.6</ele>
				<extensions>
					<swisstopo:routepoint_id>543360765</swisstopo:routepoint_id>
				</extensions>
			</trkpt>
			<trkpt lat="46.1572764539" lon="6.8596442909">
				<ele>1329.1</ele>
				<extensions>
					<swisstopo:routepoint_id>528246609</swisstopo:routepoint_id>
				</extensions>
			</trkpt>
			<trkpt lat="46.1572441019" lon="6.8595750257">
				<ele>1328.5</ele>
				<extensions>
					<swisstopo:routepoint_id>1387903589</swisstopo:routepoint_id>
				</extensions>
			</trkpt>
			<trkpt lat="46.1572045580" lon="6.8594925310">
				<ele>1327.7</ele>
				<extensions>
					<swisstopo:routepoint_id>530213456</swisstopo:routepoint_id>
				</extensions>
			</trkpt>
			<trkpt lat="46.1571606806" lon="6.8593957587">
				<ele>1327.0</ele>
				<extensions>
					<swisstopo:routepoint_id>430754899</swisstopo:routepoint_id>
				</extensions>
			</trkpt>
			<trkpt lat="46.1571347410" lon="6.8593315652">
				<ele>1326.5</ele>
				<extensions>
					<swisstopo:routepoint_id>72345243</swisstopo:routepoint_id>
				</extensions>
			</trkpt>
			<trkpt lat="46.1571159925" lon="6.8592795709">
				<ele>1326.1</ele>
				<extensions>
					<swisstopo:routepoint_id>618298668</swisstopo:routepoint_id>
				</extensions>
			</trkpt>
			<trkpt lat="46.1571022383" lon="6.8592336427">
				<ele>1325.8</ele>
				<extensions>
					<swisstopo:routepoint_id>2014125247</swisstopo:routepoint_id>
				</extensions>
			</trkpt>
			<trkpt lat="46.1570789819" lon="6.8591366656">
				<ele>1325.1</ele>
				<extensions>
					<swisstopo:routepoint_id>1183299381</swisstopo:routepoint_id>
				</extensions>
			</trkpt>
			<trkpt lat="46.1570564997" lon="6.8590519430">
				<ele>1324.4</ele>
				<extensions>
					<swisstopo:routepoint_id>1942989209</swisstopo:routepoint_id>
				</extensions>
			</trkpt>
			<trkpt lat="46.1570405719" lon="6.8589958296">
				<ele>1323.9</ele>
				<extensions>
					<swisstopo:routepoint_id>2078729515</swisstopo:routepoint_id>
				</extensions>
			</trkpt>
			<trkpt lat="46.1570103088" lon="6.8589193814">
				<ele>1323.2</ele>
				<extensions>
					<swisstopo:routepoint_id>922901507</swisstopo:routepoint_id>
				</extensions>
			</trkpt>
			<trkpt lat="46.1569656558" lon="6.8588093125">
				<ele>1322.4</ele>
				<extensions>
					<swisstopo:routepoint_id>694629857</swisstopo:routepoint_id>
				</extensions>
			</trkpt>
			<trkpt lat="46.1569217690" lon="6.8587125477">
				<ele>1321.6</ele>
				<extensions>
					<swisstopo:routepoint_id>1194337138</swisstopo:routepoint_id>
				</extensions>
			</trkpt>
			<trkpt lat="46.1568800298" lon="6.8586157414">
				<ele>1320.7</ele>
				<extensions>
					<swisstopo:routepoint_id>366652283</swisstopo:routepoint_id>
				</extensions>
			</trkpt>
			<trkpt lat="46.1568325173" lon="6.8585057160">
				<ele>1319.8</ele>
				<extensions>
					<swisstopo:routepoint_id>825053166</swisstopo:routepoint_id>
				</extensions>
			</trkpt>
			<trkpt lat="46.1567878787" lon="6.8583976830">
				<ele>1318.8</ele>
				<extensions>
					<swisstopo:routepoint_id>1817494642</swisstopo:routepoint_id>
				</extensions>
			</trkpt>
			<trkpt lat="46.1567512263" lon="6.8583233637">
				<ele>1318.3</ele>
				<extensions>
					<swisstopo:routepoint_id>926080293</swisstopo:routepoint_id>
				</extensions>
			</trkpt>
			<trkpt lat="46.1567117436" lon="6.8582521402">
				<ele>1317.9</ele>
				<extensions>
					<swisstopo:routepoint_id>1549432545</swisstopo:routepoint_id>
				</extensions>
			</trkpt>
			<trkpt lat="46.1566537224" lon="6.8581718970">
				<ele>1317.4</ele>
				<extensions>
					<swisstopo:routepoint_id>921847829</swisstopo:routepoint_id>
				</extensions>
			</trkpt>
			<trkpt lat="46.1566050559" lon="6.8581120221">
				<ele>1316.9</ele>
				<extensions>
					<swisstopo:routepoint_id>1446319346</swisstopo:routepoint_id>
				</extensions>
			</trkpt>
			<trkpt lat="46.1565578142" lon="6.8580541928">
				<ele>1316.5</ele>
				<extensions>
					<swisstopo:routepoint_id>1998713960</swisstopo:routepoint_id>
				</extensions>
			</trkpt>
			<trkpt lat="46.1565263002" lon="6.8580115380">
				<ele>1316.0</ele>
				<extensions>
					<swisstopo:routepoint_id>810711904</swisstopo:routepoint_id>
				</extensions>
			</trkpt>
			<trkpt lat="46.1564932741" lon="6.8579514977">
				<ele>1315.5</ele>
				<extensions>
					<swisstopo:routepoint_id>1701859071</swisstopo:routepoint_id>
				</extensions>
			</trkpt>
			<trkpt lat="46.1565189801" lon="6.8579492535">
				<ele>1315.6</ele>
				<extensions>
					<swisstopo:routepoint_id>1113261105</swisstopo:routepoint_id>
				</extensions>
			</trkpt>
			<trkpt lat="46.1565368650" lon="6.8579559160">
				<ele>1315.1</ele>
				<extensions>
					<swisstopo:routepoint_id>137166848</swisstopo:routepoint_id>
				</extensions>
			</trkpt>
			<trkpt lat="46.1565845986" lon="6.8579810923">
				<ele>1313.8</ele>
				<extensions>
					<swisstopo:routepoint_id>1543763586</swisstopo:routepoint_id>
				</extensions>
			</trkpt>
			<trkpt lat="46.1566526197" lon="6.8580197641">
				<ele>1311.5</ele>
				<extensions>
					<swisstopo:routepoint_id>1988242358</swisstopo:routepoint_id>
				</extensions>
			</trkpt>
			<trkpt lat="46.1567253448" lon="6.8580446761">
				<ele>1309.3</ele>
				<extensions>
					<swisstopo:routepoint_id>217843778</swisstopo:routepoint_id>
				</extensions>
			</trkpt>
			<trkpt lat="46.1567611407" lon="6.8580631462">
				<ele>1308.5</ele>
				<extensions>
					<swisstopo:routepoint_id>1151376985</swisstopo:routepoint_id>
				</extensions>
			</trkpt>
			<trkpt lat="46.1567946524" lon="6.8581004641">
				<ele>1307.6</ele>
				<extensions>
					<swisstopo:routepoint_id>1039886553</swisstopo:routepoint_id>
				</extensions>
			</trkpt>
			<trkpt lat="46.1568148915" lon="6.8581019566">
				<ele>1306.8</ele>
				<extensions>
					<swisstopo:routepoint_id>47593491</swisstopo:routepoint_id>
				</extensions>
			</trkpt>
			<trkpt lat="46.1568159022" lon="6.8580676928">
				<ele>1306.0</ele>
				<extensions>
					<swisstopo:routepoint_id>1966687445</swisstopo:routepoint_id>
				</extensions>
			</trkpt>
			<trkpt lat="46.1568026166" lon="6.8580284539">
				<ele>1305.2</ele>
				<extensions>
					<swisstopo:routepoint_id>1892437645</swisstopo:routepoint_id>
				</extensions>
			</trkpt>
			<trkpt lat="46.1567798087" lon="6.8579893034">
				<ele>1304.4</ele>
				<extensions>
					<swisstopo:routepoint_id>379343363</swisstopo:routepoint_id>
				</extensions>
			</trkpt>
			<trkpt lat="46.1567545238" lon="6.8579330557">
				<ele>1302.4</ele>
				<extensions>
					<swisstopo:routepoint_id>17016402</swisstopo:routepoint_id>
				</extensions>
			</trkpt>
			<trkpt lat="46.1567399734" lon="6.8578801203">
				<ele>1300.9</ele>
				<extensions>
					<swisstopo:routepoint_id>331316839</swisstopo:routepoint_id>
				</extensions>
			</trkpt>
			<trkpt lat="46.1567194628" lon="6.8578255413">
				<ele>1299.6</ele>
				<extensions>
					<swisstopo:routepoint_id>1426607142</swisstopo:routepoint_id>
				</extensions>
			</trkpt>
			<trkpt lat="46.1566896226" lon="6.8578070210">
				<ele>1298.7</ele>
				<extensions>
					<swisstopo:routepoint_id>1548056821</swisstopo:routepoint_id>
				</extensions>
			</trkpt>
			<trkpt lat="46.1566882572" lon="6.8577744890">
				<ele>1298.0</ele>
				<extensions>
					<swisstopo:routepoint_id>871760665</swisstopo:routepoint_id>
				</extensions>
			</trkpt>
			<trkpt lat="46.1566735796" lon="6.8576958733">
				<ele>1295.7</ele>
				<extensions>
					<swisstopo:routepoint_id>858815336</swisstopo:routepoint_id>
				</extensions>
			</trkpt>
			<trkpt lat="46.1566584025" lon="6.8575213491">
				<ele>1291.7</ele>
				<extensions>
					<swisstopo:routepoint_id>821888120</swisstopo:routepoint_id>
				</extensions>
			</trkpt>
			<trkpt lat="46.1566470414" lon="6.8573930284">
				<ele>1289.3</ele>
				<extensions>
					<swisstopo:routepoint_id>59463425</swisstopo:routepoint_id>
				</extensions>
			</trkpt>
			<trkpt lat="46.1566613072" lon="6.8573911705">
				<ele>1288.9</ele>
				<extensions>
					<swisstopo:routepoint_id>1663610195</swisstopo:routepoint_id>
				</extensions>
			</trkpt>
			<trkpt lat="46.1566864082" lon="6.8574131668">
				<ele>1287.4</ele>
				<extensions>
					<swisstopo:routepoint_id>277111213</swisstopo:routepoint_id>
				</extensions>
			</trkpt>
			<trkpt lat="46.1567093653" lon="6.8574797104">
				<ele>1286.5</ele>
				<extensions>
					<swisstopo:routepoint_id>1571370917</swisstopo:routepoint_id>
				</extensions>
			</trkpt>
			<trkpt lat="46.1567428510" lon="6.8575119020">
				<ele>1284.9</ele>
				<extensions>
					<swisstopo:routepoint_id>614937983</swisstopo:routepoint_id>
				</extensions>
			</trkpt>
			<trkpt lat="46.1568277112" lon="6.8575829224">
				<ele>1282.3</ele>
				<extensions>
					<swisstopo:routepoint_id>1333349604</swisstopo:routepoint_id>
				</extensions>
			</trkpt>
			<trkpt lat="46.1568921221" lon="6.8576113542">
				<ele>1280.5</ele>
				<extensions>
					<swisstopo:routepoint_id>1613726681</swisstopo:routepoint_id>
				</extensions>
			</trkpt>
			<trkpt lat="46.1569684138" lon="6.8576379410">
				<ele>1278.9</ele>
				<extensions>
					<swisstopo:routepoint_id>1223651879</swisstopo:routepoint_id>
				</extensions>
			</trkpt>
			<trkpt lat="46.1570375026" lon="6.8576509192">
				<ele>1276.3</ele>
				<extensions>
					<swisstopo:routepoint_id>2049809979</swisstopo:routepoint_id>
				</extensions>
			</trkpt>
			<trkpt lat="46.1571342042" lon="6.8577098303">
				<ele>1271.9</ele>
				<extensions>
					<swisstopo:routepoint_id>1704871579</swisstopo:routepoint_id>
				</extensions>
			</trkpt>
			<trkpt lat="46.1572119271" lon="6.8577826527">
				<ele>1269.0</ele>
				<extensions>
					<swisstopo:routepoint_id>1231962558</swisstopo:routepoint_id>
				</extensions>
			</trkpt>
			<trkpt lat="46.1573303078" lon="6.8578927180">
				<ele>1265.1</ele>
				<extensions>
					<swisstopo:routepoint_id>1558011547</swisstopo:routepoint_id>
				</extensions>
			</trkpt>
			<trkpt lat="46.1573458075" lon="6.8578976801">
				<ele>1264.8</ele>
				<extensions>
					<swisstopo:routepoint_id>236984155</swisstopo:routepoint_id>
				</extensions>
			</trkpt>
			<trkpt lat="46.1573456586" lon="6.8578685672">
				<ele>1264.2</ele>
				<extensions>
					<swisstopo:routepoint_id>1624011075</swisstopo:routepoint_id>
				</extensions>
			</trkpt>
			<trkpt lat="46.1573176735" lon="6.8577489859">
				<ele>1261.2</ele>
				<extensions>
					<swisstopo:routepoint_id>1876445610</swisstopo:routepoint_id>
				</extensions>
			</trkpt>
			<trkpt lat="46.1572970927" lon="6.8576806970">
				<ele>1259.3</ele>
				<extensions>
					<swisstopo:routepoint_id>626583493</swisstopo:routepoint_id>
				</extensions>
			</trkpt>
			<trkpt lat="46.1572800127" lon="6.8575986734">
				<ele>1257.6</ele>
				<extensions>
					<swisstopo:routepoint_id>846534524</swisstopo:routepoint_id>
				</extensions>
			</trkpt>
			<trkpt lat="46.1572317180" lon="6.8574638970">
				<ele>1256.1</ele>
				<extensions>
					<swisstopo:routepoint_id>1532689527</swisstopo:routepoint_id>
				</extensions>
			</trkpt>
			<trkpt lat="46.1571932785" lon="6.8573940846">
				<ele>1254.6</ele>
				<extensions>
					<swisstopo:routepoint_id>1447505649</swisstopo:routepoint_id>
				</extensions>
			</trkpt>
			<trkpt lat="46.1571798172" lon="6.8573205942">
				<ele>1251.8</ele>
				<extensions>
					<swisstopo:routepoint_id>770813879</swisstopo:routepoint_id>
				</extensions>
			</trkpt>
			<trkpt lat="46.1571844337" lon="6.8572931439">
				<ele>1251.0</ele>
				<extensions>
					<swisstopo:routepoint_id>225948825</swisstopo:routepoint_id>
				</extensions>
			</trkpt>
			<trkpt lat="46.1572094033" lon="6.8572894595">
				<ele>1250.0</ele>
				<extensions>
					<swisstopo:routepoint_id>838460977</swisstopo:routepoint_id>
				</extensions>
			</trkpt>
			<trkpt lat="46.1572845529" lon="6.8573246230">
				<ele>1247.2</ele>
				<extensions>
					<swisstopo:routepoint_id>281278632</swisstopo:routepoint_id>
				</extensions>
			</trkpt>
			<trkpt lat="46.1573610946" lon="6.8573974512">
				<ele>1243.6</ele>
				<extensions>
					<swisstopo:routepoint_id>1584276255</swisstopo:routepoint_id>
				</extensions>
			</trkpt>
			<trkpt lat="46.1574325683" lon="6.8574121107">
				<ele>1241.1</ele>
				<extensions>
					<swisstopo:routepoint_id>377280657</swisstopo:routepoint_id>
				</extensions>
			</trkpt>
			<trkpt lat="46.1574360252" lon="6.8573898052">
				<ele>1240.6</ele>
				<extensions>
					<swisstopo:routepoint_id>1747064984</swisstopo:routepoint_id>
				</extensions>
			</trkpt>
			<trkpt lat="46.1574057598" lon="6.8572890847">
				<ele>1238.2</ele>
				<extensions>
					<swisstopo:routepoint_id>905249076</swisstopo:routepoint_id>
				</extensions>
			</trkpt>
			<trkpt lat="46.1573849769" lon="6.8571814055">
				<ele>1235.3</ele>
				<extensions>
					<swisstopo:routepoint_id>1555819964</swisstopo:routepoint_id>
				</extensions>
			</trkpt>
			<trkpt lat="46.1573644309" lon="6.8571199809">
				<ele>1234.0</ele>
				<extensions>
					<swisstopo:routepoint_id>2049318650</swisstopo:routepoint_id>
				</extensions>
			</trkpt>
			<trkpt lat="46.1573316794" lon="6.8569987311">
				<ele>1232.2</ele>
				<extensions>
					<swisstopo:routepoint_id>640393281</swisstopo:routepoint_id>
				</extensions>
			</trkpt>
			<trkpt lat="46.1573028978" lon="6.8569562244">
				<ele>1231.3</ele>
				<extensions>
					<swisstopo:routepoint_id>1884181249</swisstopo:routepoint_id>
				</extensions>
			</trkpt>
			<trkpt lat="46.1572907890" lon="6.8569152537">
				<ele>1230.2</ele>
				<extensions>
					<swisstopo:routepoint_id>2038605241</swisstopo:routepoint_id>
				</extensions>
			</trkpt>
			<trkpt lat="46.1572999119" lon="6.8568363720">
				<ele>1228.1</ele>
				<extensions>
					<swisstopo:routepoint_id>790653890</swisstopo:routepoint_id>
				</extensions>
			</trkpt>
			<trkpt lat="46.1572721539" lon="6.8567613203">
				<ele>1225.8</ele>
				<extensions>
					<swisstopo:routepoint_id>1913450245</swisstopo:routepoint_id>
				</extensions>
			</trkpt>
			<trkpt lat="46.1572612527" lon="6.8567254633">
				<ele>1225.4</ele>
				<extensions>
					<swisstopo:routepoint_id>1834553232</swisstopo:routepoint_id>
				</extensions>
			</trkpt>
			<trkpt lat="46.1572957181" lon="6.8567148323">
				<ele>1223.8</ele>
				<extensions>
					<swisstopo:routepoint_id>1821898994</swisstopo:routepoint_id>
				</extensions>
			</trkpt>
			<trkpt lat="46.1573445415" lon="6.8567211598">
				<ele>1222.1</ele>
				<extensions>
					<swisstopo:routepoint_id>388411061</swisstopo:routepoint_id>
				</extensions>
			</trkpt>
			<trkpt lat="46.1574232974" lon="6.8567631363">
				<ele>1220.0</ele>
				<extensions>
					<swisstopo:routepoint_id>539864748</swisstopo:routepoint_id>
				</extensions>
			</trkpt>
			<trkpt lat="46.1574843569" lon="6.8568344152">
				<ele>1218.1</ele>
				<extensions>
					<swisstopo:routepoint_id>1525515983</swisstopo:routepoint_id>
				</extensions>
			</trkpt>
			<trkpt lat="46.1575178163" lon="6.8568614620">
				<ele>1216.9</ele>
				<extensions>
					<swisstopo:routepoint_id>1446610810</swisstopo:routepoint_id>
				</extensions>
			</trkpt>
			<trkpt lat="46.1576170218" lon="6.8569460468">
				<ele>1214.3</ele>
				<extensions>
					<swisstopo:routepoint_id>1679664375</swisstopo:routepoint_id>
				</extensions>
			</trkpt>
			<trkpt lat="46.1576756262" lon="6.8570019289">
				<ele>1213.2</ele>
				<extensions>
					<swisstopo:routepoint_id>223191891</swisstopo:routepoint_id>
				</extensions>
			</trkpt>
			<trkpt lat="46.1577446611" lon="6.8570549762">
				<ele>1212.3</ele>
				<extensions>
					<swisstopo:routepoint_id>573459261</swisstopo:routepoint_id>
				</extensions>
			</trkpt>
			<trkpt lat="46.1577705526" lon="6.8570906621">
				<ele>1211.6</ele>
				<extensions>
					<swisstopo:routepoint_id>2079925761</swisstopo:routepoint_id>
				</extensions>
			</trkpt>
			<trkpt lat="46.1578249030" lon="6.8571075507">
				<ele>1209.6</ele>
				<extensions>
					<swisstopo:routepoint_id>1076484927</swisstopo:routepoint_id>
				</extensions>
			</trkpt>
			<trkpt lat="46.1578542654" lon="6.8571236806">
				<ele>1208.7</ele>
				<extensions>
					<swisstopo:routepoint_id>474996918</swisstopo:routepoint_id>
				</extensions>
			</trkpt>
			<trkpt lat="46.1579066619" lon="6.8571775872">
				<ele>1207.3</ele>
				<extensions>
					<swisstopo:routepoint_id>1632713812</swisstopo:routepoint_id>
				</extensions>
			</trkpt>
			<trkpt lat="46.1579497179" lon="6.8572182302">
				<ele>1206.5</ele>
				<extensions>
					<swisstopo:routepoint_id>2001536060</swisstopo:routepoint_id>
				</extensions>
			</trkpt>
			<trkpt lat="46.1580106063" lon="6.8572586907">
				<ele>1205.1</ele>
				<extensions>
					<swisstopo:routepoint_id>1843630368</swisstopo:routepoint_id>
				</extensions>
			</trkpt>
			<trkpt lat="46.1580902628" lon="6.8573359432">
				<ele>1203.3</ele>
				<extensions>
					<swisstopo:routepoint_id>1518949351</swisstopo:routepoint_id>
				</extensions>
			</trkpt>
			<trkpt lat="46.1581434373" lon="6.8574011442">
				<ele>1202.9</ele>
				<extensions>
					<swisstopo:routepoint_id>1942370314</swisstopo:routepoint_id>
				</extensions>
			</trkpt>
			<trkpt lat="46.1581974758" lon="6.8574961338">
				<ele>1202.8</ele>
				<extensions>
					<swisstopo:routepoint_id>1872631357</swisstopo:routepoint_id>
				</extensions>
			</trkpt>
			<trkpt lat="46.1582577147" lon="6.8575479037">
				<ele>1200.9</ele>
				<extensions>
					<swisstopo:routepoint_id>1804779655</swisstopo:routepoint_id>
				</extensions>
			</trkpt>
			<trkpt lat="46.1583789900" lon="6.8576647856">
				<ele>1198.5</ele>
				<extensions>
					<swisstopo:routepoint_id>1616310194</swisstopo:routepoint_id>
				</extensions>
			</trkpt>
			<trkpt lat="46.1584486040" lon="6.8577349523">
				<ele>1197.4</ele>
				<extensions>
					<swisstopo:routepoint_id>234176614</swisstopo:routepoint_id>
				</extensions>
			</trkpt>
			<trkpt lat="46.1584796154" lon="6.8577952434">
				<ele>1196.4</ele>
				<extensions>
					<swisstopo:routepoint_id>1524092290</swisstopo:routepoint_id>
				</extensions>
			</trkpt>
			<trkpt lat="46.1585133810" lon="6.8578349554">
				<ele>1195.2</ele>
				<extensions>
					<swisstopo:routepoint_id>2014306914</swisstopo:routepoint_id>
				</extensions>
			</trkpt>
			<trkpt lat="46.1585909034" lon="6.8579132561">
				<ele>1192.7</ele>
				<extensions>
					<swisstopo:routepoint_id>845722680</swisstopo:routepoint_id>
				</extensions>
			</trkpt>
			<trkpt lat="46.1586297260" lon="6.8579652662">
				<ele>1191.3</ele>
				<extensions>
					<swisstopo:routepoint_id>893823635</swisstopo:routepoint_id>
				</extensions>
			</trkpt>
			<trkpt lat="46.1586843870" lon="6.8580437968">
				<ele>1189.8</ele>
				<extensions>
					<swisstopo:routepoint_id>711366412</swisstopo:routepoint_id>
				</extensions>
			</trkpt>
			<trkpt lat="46.1587547046" lon="6.8581098543">
				<ele>1187.8</ele>
				<extensions>
					<swisstopo:routepoint_id>1740440657</swisstopo:routepoint_id>
				</extensions>
			</trkpt>
			<trkpt lat="46.1587942954" lon="6.8581721158">
				<ele>1186.8</ele>
				<extensions>
					<swisstopo:routepoint_id>1160539473</swisstopo:routepoint_id>
				</extensions>
			</trkpt>
			<trkpt lat="46.1588461321" lon="6.8582558221">
				<ele>1184.9</ele>
				<extensions>
					<swisstopo:routepoint_id>1369158554</swisstopo:routepoint_id>
				</extensions>
			</trkpt>
			<trkpt lat="46.1588704296" lon="6.8582607041">
				<ele>1184.0</ele>
				<extensions>
					<swisstopo:routepoint_id>2100927904</swisstopo:routepoint_id>
				</extensions>
			</trkpt>
			<trkpt lat="46.1588818116" lon="6.8582523597">
				<ele>1183.6</ele>
				<extensions>
					<swisstopo:routepoint_id>1306222334</swisstopo:routepoint_id>
				</extensions>
			</trkpt>
			<trkpt lat="46.1588859872" lon="6.8582297110">
				<ele>1182.9</ele>
				<extensions>
					<swisstopo:routepoint_id>1513806449</swisstopo:routepoint_id>
				</extensions>
			</trkpt>
			<trkpt lat="46.1588721151" lon="6.8581702555">
				<ele>1182.0</ele>
				<extensions>
					<swisstopo:routepoint_id>267391539</swisstopo:routepoint_id>
				</extensions>
			</trkpt>
			<trkpt lat="46.1588404849" lon="6.8579897416">
				<ele>1178.7</ele>
				<extensions>
					<swisstopo:routepoint_id>1662472608</swisstopo:routepoint_id>
				</extensions>
			</trkpt>
			<trkpt lat="46.1588210820" lon="6.8578245094">
				<ele>1176.9</ele>
				<extensions>
					<swisstopo:routepoint_id>154959996</swisstopo:routepoint_id>
				</extensions>
			</trkpt>
			<trkpt lat="46.1587902994" lon="6.8576707064">
				<ele>1175.3</ele>
				<extensions>
					<swisstopo:routepoint_id>875383199</swisstopo:routepoint_id>
				</extensions>
			</trkpt>
			<trkpt lat="46.1587717442" lon="6.8575321724">
				<ele>1173.8</ele>
				<extensions>
					<swisstopo:routepoint_id>1966225605</swisstopo:routepoint_id>
				</extensions>
			</trkpt>
			<trkpt lat="46.1587568404" lon="6.8574110842">
				<ele>1172.0</ele>
				<extensions>
					<swisstopo:routepoint_id>956115837</swisstopo:routepoint_id>
				</extensions>
			</trkpt>
			<trkpt lat="46.1587522057" lon="6.8573422895">
				<ele>1170.2</ele>
				<extensions>
					<swisstopo:routepoint_id>783817505</swisstopo:routepoint_id>
				</extensions>
			</trkpt>
			<trkpt lat="46.1587607387" lon="6.8573360232">
				<ele>1169.9</ele>
				<extensions>
					<swisstopo:routepoint_id>1816342230</swisstopo:routepoint_id>
				</extensions>
			</trkpt>
			<trkpt lat="46.1587836447" lon="6.8573470827">
				<ele>1169.0</ele>
				<extensions>
					<swisstopo:routepoint_id>1238485622</swisstopo:routepoint_id>
				</extensions>
			</trkpt>
			<trkpt lat="46.1588259962" lon="6.8573908314">
				<ele>1167.6</ele>
				<extensions>
					<swisstopo:routepoint_id>1376190716</swisstopo:routepoint_id>
				</extensions>
			</trkpt>
			<trkpt lat="46.1588756638" lon="6.8574694144">
				<ele>1166.2</ele>
				<extensions>
					<swisstopo:routepoint_id>2106678115</swisstopo:routepoint_id>
				</extensions>
			</trkpt>
			<trkpt lat="46.1589209526" lon="6.8575275129">
				<ele>1164.7</ele>
				<extensions>
					<swisstopo:routepoint_id>1832392585</swisstopo:routepoint_id>
				</extensions>
			</trkpt>
			<trkpt lat="46.1589388348" lon="6.8575345107">
				<ele>1164.1</ele>
				<extensions>
					<swisstopo:routepoint_id>561544329</swisstopo:routepoint_id>
				</extensions>
			</trkpt>
			<trkpt lat="46.1589341580" lon="6.8574574923">
				<ele>1162.9</ele>
				<extensions>
					<swisstopo:routepoint_id>1911008923</swisstopo:routepoint_id>
				</extensions>
			</trkpt>
			<trkpt lat="46.1589109208" lon="6.8573817075">
				<ele>1162.0</ele>
				<extensions>
					<swisstopo:routepoint_id>1316049568</swisstopo:routepoint_id>
				</extensions>
			</trkpt>
			<trkpt lat="46.1589179678" lon="6.8573631306">
				<ele>1161.6</ele>
				<extensions>
					<swisstopo:routepoint_id>678809376</swisstopo:routepoint_id>
				</extensions>
			</trkpt>
			<trkpt lat="46.1589336900" lon="6.8573660487">
				<ele>1161.2</ele>
				<extensions>
					<swisstopo:routepoint_id>935595530</swisstopo:routepoint_id>
				</extensions>
			</trkpt>
			<trkpt lat="46.1589739192" lon="6.8574139225">
				<ele>1159.7</ele>
				<extensions>
					<swisstopo:routepoint_id>184049030</swisstopo:routepoint_id>
				</extensions>
			</trkpt>
			<trkpt lat="46.1590025866" lon="6.8574341625">
				<ele>1158.9</ele>
				<extensions>
					<swisstopo:routepoint_id>211475545</swisstopo:routepoint_id>
				</extensions>
			</trkpt>
			<trkpt lat="46.1590406031" lon="6.8574676665">
				<ele>1157.1</ele>
				<extensions>
					<swisstopo:routepoint_id>960483492</swisstopo:routepoint_id>
				</extensions>
			</trkpt>
			<trkpt lat="46.1590562894" lon="6.8574644156">
				<ele>1156.6</ele>
				<extensions>
					<swisstopo:routepoint_id>442407858</swisstopo:routepoint_id>
				</extensions>
			</trkpt>
			<trkpt lat="46.1590870486" lon="6.8574753918">
				<ele>1155.5</ele>
				<extensions>
					<swisstopo:routepoint_id>1356338509</swisstopo:routepoint_id>
				</extensions>
			</trkpt>
			<trkpt lat="46.1591186068" lon="6.8575017771">
				<ele>1154.2</ele>
				<extensions>
					<swisstopo:routepoint_id>1522242460</swisstopo:routepoint_id>
				</extensions>
			</trkpt>
			<trkpt lat="46.1591796976" lon="6.8575792346">
				<ele>1151.1</ele>
				<extensions>
					<swisstopo:routepoint_id>230337822</swisstopo:routepoint_id>
				</extensions>
			</trkpt>
			<trkpt lat="46.1592091773" lon="6.8576200228">
				<ele>1149.5</ele>
				<extensions>
					<swisstopo:routepoint_id>1990847447</swisstopo:routepoint_id>
				</extensions>
			</trkpt>
			<trkpt lat="46.1592207655" lon="6.8575867199">
				<ele>1149.3</ele>
				<extensions>
					<swisstopo:routepoint_id>1553584639</swisstopo:routepoint_id>
				</extensions>
			</trkpt>
			<trkpt lat="46.1592315574" lon="6.8575283240">
				<ele>1149.2</ele>
				<extensions>
					<swisstopo:routepoint_id>1905445929</swisstopo:routepoint_id>
				</extensions>
			</trkpt>
			<trkpt lat="46.1592299469" lon="6.8574934164">
				<ele>1148.6</ele>
				<extensions>
					<swisstopo:routepoint_id>514144830</swisstopo:routepoint_id>
				</extensions>
			</trkpt>
			<trkpt lat="46.1592317362" lon="6.8574224923">
				<ele>1146.8</ele>
				<extensions>
					<swisstopo:routepoint_id>1852869311</swisstopo:routepoint_id>
				</extensions>
			</trkpt>
			<trkpt lat="46.1592380997" lon="6.8574111226">
				<ele>1146.0</ele>
				<extensions>
					<swisstopo:routepoint_id>355319653</swisstopo:routepoint_id>
				</extensions>
			</trkpt>
			<trkpt lat="46.1592546053" lon="6.8574263524">
				<ele>1145.3</ele>
				<extensions>
					<swisstopo:routepoint_id>1428014075</swisstopo:routepoint_id>
				</extensions>
			</trkpt>
			<trkpt lat="46.1592825902" lon="6.8574548363">
				<ele>1144.2</ele>
				<extensions>
					<swisstopo:routepoint_id>569186659</swisstopo:routepoint_id>
				</extensions>
			</trkpt>
			<trkpt lat="46.1593163612" lon="6.8574955790">
				<ele>1143.2</ele>
				<extensions>
					<swisstopo:routepoint_id>932139132</swisstopo:routepoint_id>
				</extensions>
			</trkpt>
			<trkpt lat="46.1593755073" lon="6.8576110670">
				<ele>1141.1</ele>
				<extensions>
					<swisstopo:routepoint_id>1786068814</swisstopo:routepoint_id>
				</extensions>
			</trkpt>
			<trkpt lat="46.1593958387" lon="6.8576786721">
				<ele>1140.2</ele>
				<extensions>
					<swisstopo:routepoint_id>1448415137</swisstopo:routepoint_id>
				</extensions>
			</trkpt>
			<trkpt lat="46.1594080952" lon="6.8577021710">
				<ele>1139.6</ele>
				<extensions>
					<swisstopo:routepoint_id>784357889</swisstopo:routepoint_id>
				</extensions>
			</trkpt>
			<trkpt lat="46.1594202185" lon="6.8576979401">
				<ele>1139.2</ele>
				<extensions>
					<swisstopo:routepoint_id>1991902596</swisstopo:routepoint_id>
				</extensions>
			</trkpt>
			<trkpt lat="46.1594294046" lon="6.8576793406">
				<ele>1138.6</ele>
				<extensions>
					<swisstopo:routepoint_id>1320526442</swisstopo:routepoint_id>
				</extensions>
			</trkpt>
			<trkpt lat="46.1594396080" lon="6.8575805832">
				<ele>1137.0</ele>
				<extensions>
					<swisstopo:routepoint_id>614923058</swisstopo:routepoint_id>
				</extensions>
			</trkpt>
			<trkpt lat="46.1594491200" lon="6.8574849178">
				<ele>1135.6</ele>
				<extensions>
					<swisstopo:routepoint_id>586643205</swisstopo:routepoint_id>
				</extensions>
			</trkpt>
			<trkpt lat="46.1594660120" lon="6.8574374749">
				<ele>1134.2</ele>
				<extensions>
					<swisstopo:routepoint_id>604529766</swisstopo:routepoint_id>
				</extensions>
			</trkpt>
			<trkpt lat="46.1594839144" lon="6.8574475635">
				<ele>1133.6</ele>
				<extensions>
					<swisstopo:routepoint_id>549077275</swisstopo:routepoint_id>
				</extensions>
			</trkpt>
			<trkpt lat="46.1595177117" lon="6.8574934452">
				<ele>1132.6</ele>
				<extensions>
					<swisstopo:routepoint_id>993085737</swisstopo:routepoint_id>
				</extensions>
			</trkpt>
			<trkpt lat="46.1595437415" lon="6.8575578990">
				<ele>1131.7</ele>
				<extensions>
					<swisstopo:routepoint_id>238867140</swisstopo:routepoint_id>
				</extensions>
			</trkpt>
			<trkpt lat="46.1595763014" lon="6.8576418227">
				<ele>1130.2</ele>
				<extensions>
					<swisstopo:routepoint_id>1529331269</swisstopo:routepoint_id>
				</extensions>
			</trkpt>
			<trkpt lat="46.1596021244" lon="6.8576641476">
				<ele>1129.0</ele>
				<extensions>
					<swisstopo:routepoint_id>552326629</swisstopo:routepoint_id>
				</extensions>
			</trkpt>
			<trkpt lat="46.1596163982" lon="6.8576629786">
				<ele>1128.5</ele>
				<extensions>
					<swisstopo:routepoint_id>499881499</swisstopo:routepoint_id>
				</extensions>
			</trkpt>
			<trkpt lat="46.1596248096" lon="6.8576320608">
				<ele>1128.0</ele>
				<extensions>
					<swisstopo:routepoint_id>1358897392</swisstopo:routepoint_id>
				</extensions>
			</trkpt>
			<trkpt lat="46.1596336758" lon="6.8575518069">
				<ele>1126.5</ele>
				<extensions>
					<swisstopo:routepoint_id>571738010</swisstopo:routepoint_id>
				</extensions>
			</trkpt>
			<trkpt lat="46.1596412380" lon="6.8574931602">
				<ele>1125.4</ele>
				<extensions>
					<swisstopo:routepoint_id>1632719568</swisstopo:routepoint_id>
				</extensions>
			</trkpt>
			<trkpt lat="46.1596604364" lon="6.8574775393">
				<ele>1124.8</ele>
				<extensions>
					<swisstopo:routepoint_id>2134547929</swisstopo:routepoint_id>
				</extensions>
			</trkpt>
			<trkpt lat="46.1596754312" lon="6.8574773803">
				<ele>1124.4</ele>
				<extensions>
					<swisstopo:routepoint_id>2147227331</swisstopo:routepoint_id>
				</extensions>
			</trkpt>
			<trkpt lat="46.1596896691" lon="6.8574700421">
				<ele>1124.1</ele>
				<extensions>
					<swisstopo:routepoint_id>1474502352</swisstopo:routepoint_id>
				</extensions>
			</trkpt>
			<trkpt lat="46.1597070989" lon="6.8573886733">
				<ele>1122.4</ele>
				<extensions>
					<swisstopo:routepoint_id>1390770900</swisstopo:routepoint_id>
				</extensions>
			</trkpt>
			<trkpt lat="46.1597359144" lon="6.8572979421">
				<ele>1120.2</ele>
				<extensions>
					<swisstopo:routepoint_id>1222616428</swisstopo:routepoint_id>
				</extensions>
			</trkpt>
			<trkpt lat="46.1597642242" lon="6.8572483170">
				<ele>1119.2</ele>
				<extensions>
					<swisstopo:routepoint_id>248080465</swisstopo:routepoint_id>
				</extensions>
			</trkpt>
			<trkpt lat="46.1598162575" lon="6.8572124357">
				<ele>1118.8</ele>
				<extensions>
					<swisstopo:routepoint_id>1189199642</swisstopo:routepoint_id>
				</extensions>
			</trkpt>
			<trkpt lat="46.1598516719" lon="6.8570362778">
				<ele>1118.7</ele>
				<extensions>
					<swisstopo:routepoint_id>58974187</swisstopo:routepoint_id>
				</extensions>
			</trkpt>
			<trkpt lat="46.1598822595" lon="6.8568945714">
				<ele>1118.9</ele>
				<extensions>
					<swisstopo:routepoint_id>1999142507</swisstopo:routepoint_id>
				</extensions>
			</trkpt>
			<trkpt lat="46.1598898098" lon="6.8568087746">
				<ele>1118.8</ele>
				<extensions>
					<swisstopo:routepoint_id>492301193</swisstopo:routepoint_id>
				</extensions>
			</trkpt>
			<trkpt lat="46.1598965279" lon="6.8566823280">
				<ele>1118.7</ele>
				<extensions>
					<swisstopo:routepoint_id>1853379104</swisstopo:routepoint_id>
				</extensions>
			</trkpt>
			<trkpt lat="46.1599144087" lon="6.8564568093">
				<ele>1118.0</ele>
				<extensions>
					<swisstopo:routepoint_id>1773346310</swisstopo:routepoint_id>
				</extensions>
			</trkpt>
			<trkpt lat="46.1599424841" lon="6.8565448704">
				<ele>1117.4</ele>
				<extensions>
					<swisstopo:routepoint_id>1282564807</swisstopo:routepoint_id>
				</extensions>
			</trkpt>
			<trkpt lat="46.1599637495" lon="6.8566197670">
				<ele>1116.8</ele>
				<extensions>
					<swisstopo:routepoint_id>1221971124</swisstopo:routepoint_id>
				</extensions>
			</trkpt>
			<trkpt lat="46.1599844270" lon="6.8566999609">
				<ele>1116.1</ele>
				<extensions>
					<swisstopo:routepoint_id>1936986171</swisstopo:routepoint_id>
				</extensions>
			</trkpt>
			<trkpt lat="46.1599951313" lon="6.8567599502">
				<ele>1115.7</ele>
				<extensions>
					<swisstopo:routepoint_id>969530280</swisstopo:routepoint_id>
				</extensions>
			</trkpt>
			<trkpt lat="46.1600046828" lon="6.8568135800">
				<ele>1115.4</ele>
				<extensions>
					<swisstopo:routepoint_id>1997535633</swisstopo:routepoint_id>
				</extensions>
			</trkpt>
			<trkpt lat="46.1600183315" lon="6.8569673337">
				<ele>1114.3</ele>
				<extensions>
					<swisstopo:routepoint_id>478373822</swisstopo:routepoint_id>
				</extensions>
			</trkpt>
			<trkpt lat="46.1600350238" lon="6.8570893286">
				<ele>1112.7</ele>
				<extensions>
					<swisstopo:routepoint_id>1380617551</swisstopo:routepoint_id>
				</extensions>
			</trkpt>
			<trkpt lat="46.1600632268" lon="6.8571912641">
				<ele>1110.6</ele>
				<extensions>
					<swisstopo:routepoint_id>757010397</swisstopo:routepoint_id>
				</extensions>
			</trkpt>
			<trkpt lat="46.1601201318" lon="6.8572893113">
				<ele>1108.0</ele>
				<extensions>
					<swisstopo:routepoint_id>449551049</swisstopo:routepoint_id>
				</extensions>
			</trkpt>
			<trkpt lat="46.1601820385" lon="6.8573862816">
				<ele>1105.4</ele>
				<extensions>
					<swisstopo:routepoint_id>471893060</swisstopo:routepoint_id>
				</extensions>
			</trkpt>
			<trkpt lat="46.1602726248" lon="6.8575075949">
				<ele>1102.1</ele>
				<extensions>
					<swisstopo:routepoint_id>1540844719</swisstopo:routepoint_id>
				</extensions>
			</trkpt>
			<trkpt lat="46.1603529402" lon="6.8575745720">
				<ele>1099.6</ele>
				<extensions>
					<swisstopo:routepoint_id>1310277751</swisstopo:routepoint_id>
				</extensions>
			</trkpt>
			<trkpt lat="46.1604224432" lon="6.8576221370">
				<ele>1097.9</ele>
				<extensions>
					<swisstopo:routepoint_id>694269586</swisstopo:routepoint_id>
				</extensions>
			</trkpt>
			<trkpt lat="46.1604925568" lon="6.8576491385">
				<ele>1096.3</ele>
				<extensions>
					<swisstopo:routepoint_id>1436978364</swisstopo:routepoint_id>
				</extensions>
			</trkpt>
			<trkpt lat="46.1605504832" lon="6.8576670085">
				<ele>1094.9</ele>
				<extensions>
					<swisstopo:routepoint_id>1800153900</swisstopo:routepoint_id>
				</extensions>
			</trkpt>
			<trkpt lat="46.1606027936" lon="6.8577024356">
				<ele>1093.3</ele>
				<extensions>
					<swisstopo:routepoint_id>397353889</swisstopo:routepoint_id>
				</extensions>
			</trkpt>
			<trkpt lat="46.1606422641" lon="6.8577497249">
				<ele>1091.9</ele>
				<extensions>
					<swisstopo:routepoint_id>267197338</swisstopo:routepoint_id>
				</extensions>
			</trkpt>
			<trkpt lat="46.1606696400" lon="6.8577905365">
				<ele>1090.9</ele>
				<extensions>
					<swisstopo:routepoint_id>1902175061</swisstopo:routepoint_id>
				</extensions>
			</trkpt>
			<trkpt lat="46.1607030439" lon="6.8578385603">
				<ele>1089.7</ele>
				<extensions>
					<swisstopo:routepoint_id>58761062</swisstopo:routepoint_id>
				</extensions>
			</trkpt>
			<trkpt lat="46.1607549636" lon="6.8579049602">
				<ele>1088.1</ele>
				<extensions>
					<swisstopo:routepoint_id>746454348</swisstopo:routepoint_id>
				</extensions>
			</trkpt>
			<trkpt lat="46.1608328007" lon="6.8579975662">
				<ele>1085.9</ele>
				<extensions>
					<swisstopo:routepoint_id>1861827255</swisstopo:routepoint_id>
				</extensions>
			</trkpt>
			<trkpt lat="46.1609213330" lon="6.8581073041">
				<ele>1083.4</ele>
				<extensions>
					<swisstopo:routepoint_id>1260209767</swisstopo:routepoint_id>
				</extensions>
			</trkpt>
			<trkpt lat="46.1609838459" lon="6.8581769175">
				<ele>1081.8</ele>
				<extensions>
					<swisstopo:routepoint_id>1187215492</swisstopo:routepoint_id>
				</extensions>
			</trkpt>
			<trkpt lat="46.1610592886" lon="6.8582496814">
				<ele>1080.4</ele>
				<extensions>
					<swisstopo:routepoint_id>740516151</swisstopo:routepoint_id>
				</extensions>
			</trkpt>
			<trkpt lat="46.1611444234" lon="6.8583289677">
				<ele>1078.8</ele>
				<extensions>
					<swisstopo:routepoint_id>1439536579</swisstopo:routepoint_id>
				</extensions>
			</trkpt>
			<trkpt lat="46.1612383390" lon="6.8584134715">
				<ele>1077.0</ele>
				<extensions>
					<swisstopo:routepoint_id>1119250836</swisstopo:routepoint_id>
				</extensions>
			</trkpt>
			<trkpt lat="46.1613215904" lon="6.8584834984">
				<ele>1075.7</ele>
				<extensions>
					<swisstopo:routepoint_id>1788379864</swisstopo:routepoint_id>
				</extensions>
			</trkpt>
			<trkpt lat="46.1613562503" lon="6.8585083101">
				<ele>1075.1</ele>
				<extensions>
					<swisstopo:routepoint_id>1139843072</swisstopo:routepoint_id>
				</extensions>
			</trkpt>
			<trkpt lat="46.1614287757" lon="6.8585526086">
				<ele>1074.0</ele>
				<extensions>
					<swisstopo:routepoint_id>1333125289</swisstopo:routepoint_id>
				</extensions>
			</trkpt>
			<trkpt lat="46.1614671386" lon="6.8585800362">
				<ele>1073.4</ele>
				<extensions>
					<swisstopo:routepoint_id>247959267</swisstopo:routepoint_id>
				</extensions>
			</trkpt>
			<trkpt lat="46.1615055408" lon="6.8586134499">
				<ele>1073.0</ele>
				<extensions>
					<swisstopo:routepoint_id>390489557</swisstopo:routepoint_id>
				</extensions>
			</trkpt>
			<trkpt lat="46.1615319611" lon="6.8586469715">
				<ele>1072.5</ele>
				<extensions>
					<swisstopo:routepoint_id>1721383363</swisstopo:routepoint_id>
				</extensions>
			</trkpt>
			<trkpt lat="46.1615561239" lon="6.8586891267">
				<ele>1072.0</ele>
				<extensions>
					<swisstopo:routepoint_id>609197116</swisstopo:routepoint_id>
				</extensions>
			</trkpt>
			<trkpt lat="46.1615821960" lon="6.8587465156">
				<ele>1071.2</ele>
				<extensions>
					<swisstopo:routepoint_id>803729478</swisstopo:routepoint_id>
				</extensions>
			</trkpt>
			<trkpt lat="46.1616055897" lon="6.8588178528">
				<ele>1070.6</ele>
				<extensions>
					<swisstopo:routepoint_id>1657521366</swisstopo:routepoint_id>
				</extensions>
			</trkpt>
			<trkpt lat="46.1616327890" lon="6.8589136519">
				<ele>1069.8</ele>
				<extensions>
					<swisstopo:routepoint_id>1188261317</swisstopo:routepoint_id>
				</extensions>
			</trkpt>
			<trkpt lat="46.1616642242" lon="6.8590330235">
				<ele>1068.7</ele>
				<extensions>
					<swisstopo:routepoint_id>747160418</swisstopo:routepoint_id>
				</extensions>
			</trkpt>
			<trkpt lat="46.1616825623" lon="6.8591026759">
				<ele>1068.0</ele>
				<extensions>
					<swisstopo:routepoint_id>504876245</swisstopo:routepoint_id>
				</extensions>
			</trkpt>
			<trkpt lat="46.1617257238" lon="6.8592579626">
				<ele>1066.3</ele>
				<extensions>
					<swisstopo:routepoint_id>114642572</swisstopo:routepoint_id>
				</extensions>
			</trkpt>
			<trkpt lat="46.1617764791" lon="6.8594484245">
				<ele>1064.7</ele>
				<extensions>
					<swisstopo:routepoint_id>835132252</swisstopo:routepoint_id>
				</extensions>
			</trkpt>
			<trkpt lat="46.1617980636" lon="6.8595165131">
				<ele>1064.3</ele>
				<extensions>
					<swisstopo:routepoint_id>1322501986</swisstopo:routepoint_id>
				</extensions>
			</trkpt>
			<trkpt lat="46.1618511466" lon="6.8596346516">
				<ele>1063.4</ele>
				<extensions>
					<swisstopo:routepoint_id>1567855468</swisstopo:routepoint_id>
				</extensions>
			</trkpt>
			<trkpt lat="46.1618972773" lon="6.8597366491">
				<ele>1062.5</ele>
				<extensions>
					<swisstopo:routepoint_id>131955196</swisstopo:routepoint_id>
				</extensions>
			</trkpt>
			<trkpt lat="46.1619489436" lon="6.8598242132">
				<ele>1061.8</ele>
				<extensions>
					<swisstopo:routepoint_id>573070513</swisstopo:routepoint_id>
				</extensions>
			</trkpt>
			<trkpt lat="46.1620363496" lon="6.8599347899">
				<ele>1060.8</ele>
				<extensions>
					<swisstopo:routepoint_id>834392889</swisstopo:routepoint_id>
				</extensions>
			</trkpt>
			<trkpt lat="46.1621011118" lon="6.8600159262">
				<ele>1060.1</ele>
				<extensions>
					<swisstopo:routepoint_id>1424720477</swisstopo:routepoint_id>
				</extensions>
			</trkpt>
			<trkpt lat="46.1622112212" lon="6.8601703190">
				<ele>1059.1</ele>
				<extensions>
					<swisstopo:routepoint_id>1121933191</swisstopo:routepoint_id>
				</extensions>
			</trkpt>
			<trkpt lat="46.1622918394" lon="6.8602936241">
				<ele>1058.4</ele>
				<extensions>
					<swisstopo:routepoint_id>795965822</swisstopo:routepoint_id>
				</extensions>
			</trkpt>
			<trkpt lat="46.1623075593" lon="6.8603176447">
				<ele>1058.3</ele>
				<extensions>
					<swisstopo:routepoint_id>2043651420</swisstopo:routepoint_id>
				</extensions>
			</trkpt>
			<trkpt lat="46.1624145316" lon="6.8604702575">
				<ele>1057.8</ele>
				<extensions>
					<swisstopo:routepoint_id>333865112</swisstopo:routepoint_id>
				</extensions>
			</trkpt>
			<trkpt lat="46.1625087787" lon="6.8605744551">
				<ele>1057.4</ele>
				<extensions>
					<swisstopo:routepoint_id>771897577</swisstopo:routepoint_id>
				</extensions>
			</trkpt>
			<trkpt lat="46.1626583189" lon="6.8607437075">
				<ele>1056.9</ele>
				<extensions>
					<swisstopo:routepoint_id>1902077317</swisstopo:routepoint_id>
				</extensions>
			</trkpt>
			<trkpt lat="46.1627198705" lon="6.8608060033">
				<ele>1056.7</ele>
				<extensions>
					<swisstopo:routepoint_id>1650303646</swisstopo:routepoint_id>
				</extensions>
			</trkpt>
			<trkpt lat="46.1627788003" lon="6.8608485337">
				<ele>1056.6</ele>
				<extensions>
					<swisstopo:routepoint_id>332180657</swisstopo:routepoint_id>
				</extensions>
			</trkpt>
			<trkpt lat="46.1628407886" lon="6.8608766629">
				<ele>1056.5</ele>
				<extensions>
					<swisstopo:routepoint_id>2049501391</swisstopo:routepoint_id>
				</extensions>
			</trkpt>
			<trkpt lat="46.1629641046" lon="6.8609248179">
				<ele>1056.1</ele>
				<extensions>
					<swisstopo:routepoint_id>319427092</swisstopo:routepoint_id>
				</extensions>
			</trkpt>
			<trkpt lat="46.1631099677" lon="6.8609826289">
				<ele>1055.9</ele>
				<extensions>
					<swisstopo:routepoint_id>795406981</swisstopo:routepoint_id>
				</extensions>
			</trkpt>
			<trkpt lat="46.1631665866" lon="6.8610026348">
				<ele>1055.8</ele>
				<extensions>
					<swisstopo:routepoint_id>630863460</swisstopo:routepoint_id>
				</extensions>
			</trkpt>
			<trkpt lat="46.1631947245" lon="6.8609223503">
				<ele>1055.8</ele>
				<extensions>
					<swisstopo:routepoint_id>1484378437</swisstopo:routepoint_id>
				</extensions>
			</trkpt>
			<trkpt lat="46.1632229270" lon="6.8608521797">
				<ele>1055.8</ele>
				<extensions>
					<swisstopo:routepoint_id>263556593</swisstopo:routepoint_id>
				</extensions>
			</trkpt>
			<trkpt lat="46.1632587480" lon="6.8607832879">
				<ele>1055.7</ele>
				<extensions>
					<swisstopo:routepoint_id>101212031</swisstopo:routepoint_id>
				</extensions>
			</trkpt>
			<trkpt lat="46.1632974929" lon="6.8607253332">
				<ele>1055.7</ele>
				<extensions>
					<swisstopo:routepoint_id>1231994915</swisstopo:routepoint_id>
				</extensions>
			</trkpt>
			<trkpt lat="46.1633353219" lon="6.8606833378">
				<ele>1055.6</ele>
				<extensions>
					<swisstopo:routepoint_id>1634547677</swisstopo:routepoint_id>
				</extensions>
			</trkpt>
			<trkpt lat="46.1633492302" lon="6.8607208370">
				<ele>1055.6</ele>
				<extensions>
					<swisstopo:routepoint_id>1491082360</swisstopo:routepoint_id>
				</extensions>
			</trkpt>
			<trkpt lat="46.1633679359" lon="6.8607619521">
				<ele>1055.6</ele>
				<extensions>
					<swisstopo:routepoint_id>507475971</swisstopo:routepoint_id>
				</extensions>
			</trkpt>
			<trkpt lat="46.1633879104" lon="6.8608012206">
				<ele>1055.7</ele>
				<extensions>
					<swisstopo:routepoint_id>483651638</swisstopo:routepoint_id>
				</extensions>
			</trkpt>
			<trkpt lat="46.1634887048" lon="6.8609906568">
				<ele>1056.0</ele>
				<extensions>
					<swisstopo:routepoint_id>1379084587</swisstopo:routepoint_id>
				</extensions>
			</trkpt>
			<trkpt lat="46.1635076608" lon="6.8610170904">
				<ele>1055.9</ele>
				<extensions>
					<swisstopo:routepoint_id>862423170</swisstopo:routepoint_id>
				</extensions>
			</trkpt>
			<trkpt lat="46.1635272162" lon="6.8610361593">
				<ele>1055.9</ele>
				<extensions>
					<swisstopo:routepoint_id>82337234</swisstopo:routepoint_id>
				</extensions>
			</trkpt>
			<trkpt lat="46.1635604702" lon="6.8610532506">
				<ele>1055.8</ele>
				<extensions>
					<swisstopo:routepoint_id>483881889</swisstopo:routepoint_id>
				</extensions>
			</trkpt>
			<trkpt lat="46.1635853685" lon="6.8610571164">
				<ele>1055.7</ele>
				<extensions>
					<swisstopo:routepoint_id>709169877</swisstopo:routepoint_id>
				</extensions>
			</trkpt>
			<trkpt lat="46.1636277605" lon="6.8610520867">
				<ele>1055.5</ele>
				<extensions>
					<swisstopo:routepoint_id>1320705667</swisstopo:routepoint_id>
				</extensions>
			</trkpt>
			<trkpt lat="46.1636757848" lon="6.8610360736">
				<ele>1055.3</ele>
				<extensions>
					<swisstopo:routepoint_id>851431204</swisstopo:routepoint_id>
				</extensions>
			</trkpt>
			<trkpt lat="46.1637108293" lon="6.8610191669">
				<ele>1055.3</ele>
				<extensions>
					<swisstopo:routepoint_id>1727032808</swisstopo:routepoint_id>
				</extensions>
			</trkpt>
			<trkpt lat="46.1637518983" lon="6.8609897744">
				<ele>1055.2</ele>
				<extensions>
					<swisstopo:routepoint_id>744637011</swisstopo:routepoint_id>
				</extensions>
			</trkpt>
			<trkpt lat="46.1638242438" lon="6.8609410555">
				<ele>1055.0</ele>
				<extensions>
					<swisstopo:routepoint_id>472421710</swisstopo:routepoint_id>
				</extensions>
			</trkpt>
			<trkpt lat="46.1639268261" lon="6.8608714595">
				<ele>1054.7</ele>
				<extensions>
					<swisstopo:routepoint_id>331216162</swisstopo:routepoint_id>
				</extensions>
			</trkpt>
			<trkpt lat="46.1640164329" lon="6.8608234183">
				<ele>1054.4</ele>
				<extensions>
					<swisstopo:routepoint_id>1765078260</swisstopo:routepoint_id>
				</extensions>
			</trkpt>
			<trkpt lat="46.1640942371" lon="6.8607951998">
				<ele>1054.1</ele>
				<extensions>
					<swisstopo:routepoint_id>354164471</swisstopo:routepoint_id>
				</extensions>
			</trkpt>
			<trkpt lat="46.1641602343" lon="6.8607859319">
				<ele>1053.6</ele>
				<extensions>
					<swisstopo:routepoint_id>157948709</swisstopo:routepoint_id>
				</extensions>
			</trkpt>
			<trkpt lat="46.1642191379" lon="6.8607844578">
				<ele>1053.1</ele>
				<extensions>
					<swisstopo:routepoint_id>1769795558</swisstopo:routepoint_id>
				</extensions>
			</trkpt>
			<trkpt lat="46.1642970380" lon="6.8607750771">
				<ele>1052.6</ele>
				<extensions>
					<swisstopo:routepoint_id>497526247</swisstopo:routepoint_id>
				</extensions>
			</trkpt>
			<trkpt lat="46.1643749206" lon="6.8607622702">
				<ele>1052.1</ele>
				<extensions>
					<swisstopo:routepoint_id>719903635</swisstopo:routepoint_id>
				</extensions>
			</trkpt>
			<trkpt lat="46.1645264741" lon="6.8607272685">
				<ele>1051.5</ele>
				<extensions>
					<swisstopo:routepoint_id>705350725</swisstopo:routepoint_id>
				</extensions>
			</trkpt>
			<trkpt lat="46.1646625713" lon="6.8606941427">
				<ele>1051.2</ele>
				<extensions>
					<swisstopo:routepoint_id>1859269346</swisstopo:routepoint_id>
				</extensions>
			</trkpt>
			<trkpt lat="46.1647564945" lon="6.8606760332">
				<ele>1051.1</ele>
				<extensions>
					<swisstopo:routepoint_id>1046061784</swisstopo:routepoint_id>
				</extensions>
			</trkpt>
			<trkpt lat="46.1648219641" lon="6.8606796167">
				<ele>1051.0</ele>
				<extensions>
					<swisstopo:routepoint_id>360765895</swisstopo:routepoint_id>
				</extensions>
			</trkpt>
			<trkpt lat="46.1648743930" lon="6.8606927763">
				<ele>1050.9</ele>
				<extensions>
					<swisstopo:routepoint_id>48319723</swisstopo:routepoint_id>
				</extensions>
			</trkpt>
			<trkpt lat="46.1649531736" lon="6.8607399036">
				<ele>1050.9</ele>
				<extensions>
					<swisstopo:routepoint_id>1049531683</swisstopo:routepoint_id>
				</extensions>
			</trkpt>
			<trkpt lat="46.1651308724" lon="6.8608649239">
				<ele>1050.9</ele>
				<extensions>
					<swisstopo:routepoint_id>723130808</swisstopo:routepoint_id>
				</extensions>
			</trkpt>
			<trkpt lat="46.1651745742" lon="6.8608928804">
				<ele>1050.9</ele>
				<extensions>
					<swisstopo:routepoint_id>940836867</swisstopo:routepoint_id>
				</extensions>
			</trkpt>
			<trkpt lat="46.1652601353" lon="6.8609432243">
				<ele>1051.1</ele>
				<extensions>
					<swisstopo:routepoint_id>162200130</swisstopo:routepoint_id>
				</extensions>
			</trkpt>
			<trkpt lat="46.1653235282" lon="6.8609685712">
				<ele>1051.1</ele>
				<extensions>
					<swisstopo:routepoint_id>426516488</swisstopo:routepoint_id>
				</extensions>
			</trkpt>
			<trkpt lat="46.1653691005" lon="6.8609808550">
				<ele>1051.2</ele>
				<extensions>
					<swisstopo:routepoint_id>1552852697</swisstopo:routepoint_id>
				</extensions>
			</trkpt>
			<trkpt lat="46.1653902791" lon="6.8609865746">
				<ele>1051.2</ele>
				<extensions>
					<swisstopo:routepoint_id>870738765</swisstopo:routepoint_id>
				</extensions>
			</trkpt>
			<trkpt lat="46.1654535444" lon="6.8609842644">
				<ele>1051.4</ele>
				<extensions>
					<swisstopo:routepoint_id>538360168</swisstopo:routepoint_id>
				</extensions>
			</trkpt>
			<trkpt lat="46.1655399280" lon="6.8609752369">
				<ele>1051.7</ele>
				<extensions>
					<swisstopo:routepoint_id>1054160674</swisstopo:routepoint_id>
				</extensions>
			</trkpt>
			<trkpt lat="46.1656206551" lon="6.8609646254">
				<ele>1052.0</ele>
				<extensions>
					<swisstopo:routepoint_id>224560179</swisstopo:routepoint_id>
				</extensions>
			</trkpt>
			<trkpt lat="46.1656890100" lon="6.8609655236">
				<ele>1052.3</ele>
				<extensions>
					<swisstopo:routepoint_id>2120153550</swisstopo:routepoint_id>
				</extensions>
			</trkpt>
			<trkpt lat="46.1657291649" lon="6.8609740462">
				<ele>1052.6</ele>
				<extensions>
					<swisstopo:routepoint_id>1538004006</swisstopo:routepoint_id>
				</extensions>
			</trkpt>
			<trkpt lat="46.1657756091" lon="6.8609971442">
				<ele>1052.8</ele>
				<extensions>
					<swisstopo:routepoint_id>633335334</swisstopo:routepoint_id>
				</extensions>
			</trkpt>
			<trkpt lat="46.1658193362" lon="6.8610430363">
				<ele>1053.0</ele>
				<extensions>
					<swisstopo:routepoint_id>1695587632</swisstopo:routepoint_id>
				</extensions>
			</trkpt>
			<trkpt lat="46.1658688072" lon="6.8611059184">
				<ele>1052.9</ele>
				<extensions>
					<swisstopo:routepoint_id>2067470756</swisstopo:routepoint_id>
				</extensions>
			</trkpt>
			<trkpt lat="46.1659479546" lon="6.8612286797">
				<ele>1052.4</ele>
				<extensions>
					<swisstopo:routepoint_id>432890735</swisstopo:routepoint_id>
				</extensions>
			</trkpt>
			<trkpt lat="46.1659929015" lon="6.8612916286">
				<ele>1051.9</ele>
				<extensions>
					<swisstopo:routepoint_id>2132687716</swisstopo:routepoint_id>
				</extensions>
			</trkpt>
			<trkpt lat="46.1660303893" lon="6.8613310688">
				<ele>1051.3</ele>
				<extensions>
					<swisstopo:routepoint_id>226668721</swisstopo:routepoint_id>
				</extensions>
			</trkpt>
			<trkpt lat="46.1660649495" lon="6.8613502335">
				<ele>1050.8</ele>
				<extensions>
					<swisstopo:routepoint_id>1526902853</swisstopo:routepoint_id>
				</extensions>
			</trkpt>
			<trkpt lat="46.1661028385" lon="6.8613571493">
				<ele>1050.2</ele>
				<extensions>
					<swisstopo:routepoint_id>1949014992</swisstopo:routepoint_id>
				</extensions>
			</trkpt>
			<trkpt lat="46.1661993907" lon="6.8613256669">
				<ele>1048.8</ele>
				<extensions>
					<swisstopo:routepoint_id>1820116980</swisstopo:routepoint_id>
				</extensions>
			</trkpt>
			<trkpt lat="46.1662238292" lon="6.8613177030">
				<ele>1048.5</ele>
				<extensions>
					<swisstopo:routepoint_id>1684797525</swisstopo:routepoint_id>
				</extensions>
			</trkpt>
			<trkpt lat="46.1663198217" lon="6.8612824206">
				<ele>1047.2</ele>
				<extensions>
					<swisstopo:routepoint_id>947538290</swisstopo:routepoint_id>
				</extensions>
			</trkpt>
			<trkpt lat="46.1663302908" lon="6.8612784666">
				<ele>1047.1</ele>
				<extensions>
					<swisstopo:routepoint_id>939316941</swisstopo:routepoint_id>
				</extensions>
			</trkpt>
			<trkpt lat="46.1663663628" lon="6.8612588994">
				<ele>1046.8</ele>
				<extensions>
					<swisstopo:routepoint_id>1165091641</swisstopo:routepoint_id>
				</extensions>
			</trkpt>
			<trkpt lat="46.1663905383" lon="6.8612380982">
				<ele>1046.5</ele>
				<extensions>
					<swisstopo:routepoint_id>1881912551</swisstopo:routepoint_id>
				</extensions>
			</trkpt>
			<trkpt lat="46.1664246076" lon="6.8611986881">
				<ele>1046.1</ele>
				<extensions>
					<swisstopo:routepoint_id>1842473292</swisstopo:routepoint_id>
				</extensions>
			</trkpt>
			<trkpt lat="46.1664675610" lon="6.8611269736">
				<ele>1045.6</ele>
				<extensions>
					<swisstopo:routepoint_id>1283335559</swisstopo:routepoint_id>
				</extensions>
			</trkpt>
			<trkpt lat="46.1665086787" lon="6.8610683018">
				<ele>1045.1</ele>
				<extensions>
					<swisstopo:routepoint_id>69584961</swisstopo:routepoint_id>
				</extensions>
			</trkpt>
			<trkpt lat="46.1665305181" lon="6.8610467727">
				<ele>1044.8</ele>
				<extensions>
					<swisstopo:routepoint_id>1177306117</swisstopo:routepoint_id>
				</extensions>
			</trkpt>
			<trkpt lat="46.1665756635" lon="6.8610269264">
				<ele>1044.7</ele>
				<extensions>
					<swisstopo:routepoint_id>541061645</swisstopo:routepoint_id>
				</extensions>
			</trkpt>
			<trkpt lat="46.1666160165" lon="6.8610286380">
				<ele>1044.5</ele>
				<extensions>
					<swisstopo:routepoint_id>1101309134</swisstopo:routepoint_id>
				</extensions>
			</trkpt>
			<trkpt lat="46.1666321766" lon="6.8610347709">
				<ele>1044.4</ele>
				<extensions>
					<swisstopo:routepoint_id>1922796170</swisstopo:routepoint_id>
				</extensions>
			</trkpt>
			<trkpt lat="46.1666671479" lon="6.8610552781">
				<ele>1044.2</ele>
				<extensions>
					<swisstopo:routepoint_id>186024365</swisstopo:routepoint_id>
				</extensions>
			</trkpt>
			<trkpt lat="46.1666976373" lon="6.8610823757">
				<ele>1044.1</ele>
				<extensions>
					<swisstopo:routepoint_id>1165174594</swisstopo:routepoint_id>
				</extensions>
			</trkpt>
			<trkpt lat="46.1667454221" lon="6.8611401936">
				<ele>1043.6</ele>
				<extensions>
					<swisstopo:routepoint_id>1341304279</swisstopo:routepoint_id>
				</extensions>
			</trkpt>
			<trkpt lat="46.1667824697" lon="6.8612045100">
				<ele>1043.2</ele>
				<extensions>
					<swisstopo:routepoint_id>1410567816</swisstopo:routepoint_id>
				</extensions>
			</trkpt>
			<trkpt lat="46.1668247112" lon="6.8612942878">
				<ele>1042.6</ele>
				<extensions>
					<swisstopo:routepoint_id>1187863304</swisstopo:routepoint_id>
				</extensions>
			</trkpt>
			<trkpt lat="46.1668561593" lon="6.8613777939">
				<ele>1042.0</ele>
				<extensions>
					<swisstopo:routepoint_id>1189894424</swisstopo:routepoint_id>
				</extensions>
			</trkpt>
			<trkpt lat="46.1669011342" lon="6.8615076380">
				<ele>1041.2</ele>
				<extensions>
					<swisstopo:routepoint_id>223034977</swisstopo:routepoint_id>
				</extensions>
			</trkpt>
			<trkpt lat="46.1669543578" lon="6.8616382994">
				<ele>1040.3</ele>
				<extensions>
					<swisstopo:routepoint_id>70160740</swisstopo:routepoint_id>
				</extensions>
			</trkpt>
			<trkpt lat="46.1669933813" lon="6.8617180910">
				<ele>1039.7</ele>
				<extensions>
					<swisstopo:routepoint_id>164703789</swisstopo:routepoint_id>
				</extensions>
			</trkpt>
			<trkpt lat="46.1670285222" lon="6.8617824029">
				<ele>1039.1</ele>
				<extensions>
					<swisstopo:routepoint_id>829385438</swisstopo:routepoint_id>
				</extensions>
			</trkpt>
			<trkpt lat="46.1670629836" lon="6.8618340019">
				<ele>1038.5</ele>
				<extensions>
					<swisstopo:routepoint_id>229018866</swisstopo:routepoint_id>
				</extensions>
			</trkpt>
			<trkpt lat="46.1671043511" lon="6.8618754761">
				<ele>1037.9</ele>
				<extensions>
					<swisstopo:routepoint_id>787224119</swisstopo:routepoint_id>
				</extensions>
			</trkpt>
			<trkpt lat="46.1671552568" lon="6.8619269022">
				<ele>1037.2</ele>
				<extensions>
					<swisstopo:routepoint_id>1403890644</swisstopo:routepoint_id>
				</extensions>
			</trkpt>
			<trkpt lat="46.1672035994" lon="6.8619692135">
				<ele>1036.6</ele>
				<extensions>
					<swisstopo:routepoint_id>1585620781</swisstopo:routepoint_id>
				</extensions>
			</trkpt>
			<trkpt lat="46.1672645917" lon="6.8620123213">
				<ele>1035.9</ele>
				<extensions>
					<swisstopo:routepoint_id>1908386618</swisstopo:routepoint_id>
				</extensions>
			</trkpt>
			<trkpt lat="46.1674811002" lon="6.8621312341">
				<ele>1033.5</ele>
				<extensions>
					<swisstopo:routepoint_id>1913516749</swisstopo:routepoint_id>
				</extensions>
			</trkpt>
			<trkpt lat="46.1676106452" lon="6.8622064336">
				<ele>1031.9</ele>
				<extensions>
					<swisstopo:routepoint_id>583653914</swisstopo:routepoint_id>
				</extensions>
			</trkpt>
			<trkpt lat="46.1677752470" lon="6.8623268166">
				<ele>1030.0</ele>
				<extensions>
					<swisstopo:routepoint_id>2116597267</swisstopo:routepoint_id>
				</extensions>
			</trkpt>
			<trkpt lat="46.1678750582" lon="6.8624077918">
				<ele>1028.8</ele>
				<extensions>
					<swisstopo:routepoint_id>1667182468</swisstopo:routepoint_id>
				</extensions>
			</trkpt>
			<trkpt lat="46.1679883082" lon="6.8625186884">
				<ele>1027.5</ele>
				<extensions>
					<swisstopo:routepoint_id>1127058544</swisstopo:routepoint_id>
				</extensions>
			</trkpt>
			<trkpt lat="46.1680755025" lon="6.8626070928">
				<ele>1026.5</ele>
				<extensions>
					<swisstopo:routepoint_id>1651663038</swisstopo:routepoint_id>
				</extensions>
			</trkpt>
			<trkpt lat="46.1681347583" lon="6.8626802699">
				<ele>1025.8</ele>
				<extensions>
					<swisstopo:routepoint_id>1161428603</swisstopo:routepoint_id>
				</extensions>
			</trkpt>
			<trkpt lat="46.1681845091" lon="6.8627517514">
				<ele>1025.2</ele>
				<extensions>
					<swisstopo:routepoint_id>2063605779</swisstopo:routepoint_id>
				</extensions>
			</trkpt>
			<trkpt lat="46.1682298194" lon="6.8628241711">
				<ele>1024.5</ele>
				<extensions>
					<swisstopo:routepoint_id>286718000</swisstopo:routepoint_id>
				</extensions>
			</trkpt>
			<trkpt lat="46.1682739053" lon="6.8629002707">
				<ele>1023.8</ele>
				<extensions>
					<swisstopo:routepoint_id>394197285</swisstopo:routepoint_id>
				</extensions>
			</trkpt>
			<trkpt lat="46.1683339928" lon="6.8630153688">
				<ele>1022.9</ele>
				<extensions>
					<swisstopo:routepoint_id>91381270</swisstopo:routepoint_id>
				</extensions>
			</trkpt>
			<trkpt lat="46.1683684815" lon="6.8630932639">
				<ele>1022.4</ele>
				<extensions>
					<swisstopo:routepoint_id>24921205</swisstopo:routepoint_id>
				</extensions>
			</trkpt>
			<trkpt lat="46.1683826737" lon="6.8631297208">
				<ele>1022.1</ele>
				<extensions>
					<swisstopo:routepoint_id>1996201698</swisstopo:routepoint_id>
				</extensions>
			</trkpt>
			<trkpt lat="46.1683985702" lon="6.8631705476">
				<ele>1021.8</ele>
				<extensions>
					<swisstopo:routepoint_id>1970381034</swisstopo:routepoint_id>
				</extensions>
			</trkpt>
			<trkpt lat="46.1684405696" lon="6.8632770165">
				<ele>1021.3</ele>
				<extensions>
					<swisstopo:routepoint_id>2143256595</swisstopo:routepoint_id>
				</extensions>
			</trkpt>
			<trkpt lat="46.1684768529" lon="6.8633927192">
				<ele>1020.7</ele>
				<extensions>
					<swisstopo:routepoint_id>1120314892</swisstopo:routepoint_id>
				</extensions>
			</trkpt>
			<trkpt lat="46.1685181584" lon="6.8635244280">
				<ele>1020.2</ele>
				<extensions>
					<swisstopo:routepoint_id>577345834</swisstopo:routepoint_id>
				</extensions>
			</trkpt>
			<trkpt lat="46.1685971236" lon="6.8637696447">
				<ele>1019.2</ele>
				<extensions>
					<swisstopo:routepoint_id>492599917</swisstopo:routepoint_id>
				</extensions>
			</trkpt>
			<trkpt lat="46.1686703670" lon="6.8639970424">
				<ele>1018.6</ele>
				<extensions>
					<swisstopo:routepoint_id>1394673446</swisstopo:routepoint_id>
				</extensions>
			</trkpt>
			<trkpt lat="46.1687016601" lon="6.8640911065">
				<ele>1018.4</ele>
				<extensions>
					<swisstopo:routepoint_id>306227494</swisstopo:routepoint_id>
				</extensions>
			</trkpt>
			<trkpt lat="46.1687499376" lon="6.8642362414">
				<ele>1018.2</ele>
				<extensions>
					<swisstopo:routepoint_id>1824746843</swisstopo:routepoint_id>
				</extensions>
			</trkpt>
			<trkpt lat="46.1688340292" lon="6.8644662012">
				<ele>1017.8</ele>
				<extensions>
					<swisstopo:routepoint_id>319924812</swisstopo:routepoint_id>
				</extensions>
			</trkpt>
			<trkpt lat="46.1689106150" lon="6.8646555812">
				<ele>1017.8</ele>
				<extensions>
					<swisstopo:routepoint_id>367111349</swisstopo:routepoint_id>
				</extensions>
			</trkpt>
			<trkpt lat="46.1690000172" lon="6.8648553292">
				<ele>1017.9</ele>
				<extensions>
					<swisstopo:routepoint_id>990647220</swisstopo:routepoint_id>
				</extensions>
			</trkpt>
			<trkpt lat="46.1690893904" lon="6.8650485154">
				<ele>1018.1</ele>
				<extensions>
					<swisstopo:routepoint_id>1179405290</swisstopo:routepoint_id>
				</extensions>
			</trkpt>
			<trkpt lat="46.1691786374" lon="6.8652194047">
				<ele>1018.4</ele>
				<extensions>
					<swisstopo:routepoint_id>1266557822</swisstopo:routepoint_id>
				</extensions>
			</trkpt>
			<trkpt lat="46.1692862088" lon="6.8654084758">
				<ele>1018.8</ele>
				<extensions>
					<swisstopo:routepoint_id>2037801854</swisstopo:routepoint_id>
				</extensions>
			</trkpt>
			<trkpt lat="46.1693844610" lon="6.8655569604">
				<ele>1019.1</ele>
				<extensions>
					<swisstopo:routepoint_id>1374321677</swisstopo:routepoint_id>
				</extensions>
			</trkpt>
			<trkpt lat="46.1694689144" lon="6.8656806921">
				<ele>1019.3</ele>
				<extensions>
					<swisstopo:routepoint_id>1369299047</swisstopo:routepoint_id>
				</extensions>
			</trkpt>
			<trkpt lat="46.1695753576" lon="6.8658264747">
				<ele>1019.6</ele>
				<extensions>
					<swisstopo:routepoint_id>506702086</swisstopo:routepoint_id>
				</extensions>
			</trkpt>
			<trkpt lat="46.1696826481" lon="6.8659617664">
				<ele>1019.9</ele>
				<extensions>
					<swisstopo:routepoint_id>167924092</swisstopo:routepoint_id>
				</extensions>
			</trkpt>
			<trkpt lat="46.1697670018" lon="6.8660631886">
				<ele>1020.0</ele>
				<extensions>
					<swisstopo:routepoint_id>442744021</swisstopo:routepoint_id>
				</extensions>
			</trkpt>
			<trkpt lat="46.1698760752" lon="6.8661906038">
				<ele>1020.2</ele>
				<extensions>
					<swisstopo:routepoint_id>1520654824</swisstopo:routepoint_id>
				</extensions>
			</trkpt>
			<trkpt lat="46.1700868533" lon="6.8664258119">
				<ele>1020.6</ele>
				<extensions>
					<swisstopo:routepoint_id>1337747781</swisstopo:routepoint_id>
				</extensions>
			</trkpt>
			<trkpt lat="46.1702463008" lon="6.8666025241">
				<ele>1020.8</ele>
				<extensions>
					<swisstopo:routepoint_id>1684385505</swisstopo:routepoint_id>
				</extensions>
			</trkpt>
			<trkpt lat="46.1704589052" lon="6.8668403464">
				<ele>1021.0</ele>
				<extensions>
					<swisstopo:routepoint_id>105896403</swisstopo:routepoint_id>
				</extensions>
			</trkpt>
			<trkpt lat="46.1705267170" lon="6.8669157118">
				<ele>1021.0</ele>
				<extensions>
					<swisstopo:routepoint_id>1342007892</swisstopo:routepoint_id>
				</extensions>
			</trkpt>
			<trkpt lat="46.1706990044" lon="6.8671093450">
				<ele>1021.1</ele>
				<extensions>
					<swisstopo:routepoint_id>987383123</swisstopo:routepoint_id>
				</extensions>
			</trkpt>
			<trkpt lat="46.1708566172" lon="6.8672847779">
				<ele>1021.3</ele>
				<extensions>
					<swisstopo:routepoint_id>1572563136</swisstopo:routepoint_id>
				</extensions>
			</trkpt>
			<trkpt lat="46.1710069166" lon="6.8674550403">
				<ele>1021.5</ele>
				<extensions>
					<swisstopo:routepoint_id>1410070483</swisstopo:routepoint_id>
				</extensions>
			</trkpt>
			<trkpt lat="46.1710219667" lon="6.8674728396">
				<ele>1021.5</ele>
				<extensions>
					<swisstopo:routepoint_id>926311598</swisstopo:routepoint_id>
				</extensions>
			</trkpt>
			<trkpt lat="46.1710995286" lon="6.8675681919">
				<ele>1021.7</ele>
				<extensions>
					<swisstopo:routepoint_id>659875758</swisstopo:routepoint_id>
				</extensions>
			</trkpt>
			<trkpt lat="46.1711591595" lon="6.8676502070">
				<ele>1021.8</ele>
				<extensions>
					<swisstopo:routepoint_id>1893126530</swisstopo:routepoint_id>
				</extensions>
			</trkpt>
			<trkpt lat="46.1711789519" lon="6.8676755758">
				<ele>1021.8</ele>
				<extensions>
					<swisstopo:routepoint_id>1643914455</swisstopo:routepoint_id>
				</extensions>
			</trkpt>
			<trkpt lat="46.1713022814" lon="6.8678554721">
				<ele>1022.5</ele>
				<extensions>
					<swisstopo:routepoint_id>177063650</swisstopo:routepoint_id>
				</extensions>
			</trkpt>
			<trkpt lat="46.1714647015" lon="6.8680979927">
				<ele>1022.9</ele>
				<extensions>
					<swisstopo:routepoint_id>1565104079</swisstopo:routepoint_id>
				</extensions>
			</trkpt>
			<trkpt lat="46.1716705182" lon="6.8684053005">
				<ele>1023.3</ele>
				<extensions>
					<swisstopo:routepoint_id>1480345282</swisstopo:routepoint_id>
				</extensions>
			</trkpt>
			<trkpt lat="46.1717384427" lon="6.8685033287">
				<ele>1023.7</ele>
				<extensions>
					<swisstopo:routepoint_id>559606785</swisstopo:routepoint_id>
				</extensions>
			</trkpt>
			<trkpt lat="46.1718200711" lon="6.8686100727">
				<ele>1024.0</ele>
				<extensions>
					<swisstopo:routepoint_id>1013913390</swisstopo:routepoint_id>
				</extensions>
			</trkpt>
			<trkpt lat="46.1718695948" lon="6.8686711786">
				<ele>1024.2</ele>
				<extensions>
					<swisstopo:routepoint_id>1940934760</swisstopo:routepoint_id>
				</extensions>
			</trkpt>
			<trkpt lat="46.1719438025" lon="6.8687504207">
				<ele>1024.5</ele>
				<extensions>
					<swisstopo:routepoint_id>521302239</swisstopo:routepoint_id>
				</extensions>
			</trkpt>
			<trkpt lat="46.1720372172" lon="6.8688425767">
				<ele>1024.9</ele>
				<extensions>
					<swisstopo:routepoint_id>772419822</swisstopo:routepoint_id>
				</extensions>
			</trkpt>
			<trkpt lat="46.1721790388" lon="6.8689746574">
				<ele>1025.6</ele>
				<extensions>
					<swisstopo:routepoint_id>1805097513</swisstopo:routepoint_id>
				</extensions>
			</trkpt>
			<trkpt lat="46.1722526215" lon="6.8690300387">
				<ele>1025.8</ele>
				<extensions>
					<swisstopo:routepoint_id>1909421862</swisstopo:routepoint_id>
				</extensions>
			</trkpt>
			<trkpt lat="46.1723065945" lon="6.8690727823">
				<ele>1026.0</ele>
				<extensions>
					<swisstopo:routepoint_id>88915961</swisstopo:routepoint_id>
				</extensions>
			</trkpt>
			<trkpt lat="46.1724062615" lon="6.8691399502">
				<ele>1026.3</ele>
				<extensions>
					<swisstopo:routepoint_id>591083969</swisstopo:routepoint_id>
				</extensions>
			</trkpt>
			<trkpt lat="46.1724958701" lon="6.8692019751">
				<ele>1026.7</ele>
				<extensions>
					<swisstopo:routepoint_id>262097938</swisstopo:routepoint_id>
				</extensions>
			</trkpt>
			<trkpt lat="46.1726000545" lon="6.8692599159">
				<ele>1027.1</ele>
				<extensions>
					<swisstopo:routepoint_id>1495856081</swisstopo:routepoint_id>
				</extensions>
			</trkpt>
			<trkpt lat="46.1727023720" lon="6.8693126411">
				<ele>1027.5</ele>
				<extensions>
					<swisstopo:routepoint_id>1327524452</swisstopo:routepoint_id>
				</extensions>
			</trkpt>
			<trkpt lat="46.1729051100" lon="6.8694023428">
				<ele>1028.3</ele>
				<extensions>
					<swisstopo:routepoint_id>1352174658</swisstopo:routepoint_id>
				</extensions>
			</trkpt>
			<trkpt lat="46.1733316154" lon="6.8695920639">
				<ele>1030.0</ele>
				<extensions>
					<swisstopo:routepoint_id>1136622789</swisstopo:routepoint_id>
				</extensions>
			</trkpt>
			<trkpt lat="46.1734141542" lon="6.8696282149">
				<ele>1030.5</ele>
				<extensions>
					<swisstopo:routepoint_id>1956019295</swisstopo:routepoint_id>
				</extensions>
			</trkpt>
			<trkpt lat="46.1734661491" lon="6.8696496156">
				<ele>1030.8</ele>
				<extensions>
					<swisstopo:routepoint_id>551202058</swisstopo:routepoint_id>
				</extensions>
			</trkpt>
			<trkpt lat="46.1737689022" lon="6.8697779581">
				<ele>1032.6</ele>
				<extensions>
					<swisstopo:routepoint_id>371086078</swisstopo:routepoint_id>
				</extensions>
			</trkpt>
			<trkpt lat="46.1739898937" lon="6.8698744924">
				<ele>1033.6</ele>
				<extensions>
					<swisstopo:routepoint_id>86907834</swisstopo:routepoint_id>
				</extensions>
			</trkpt>
			<trkpt lat="46.1740984150" lon="6.8699223061">
				<ele>1033.9</ele>
				<extensions>
					<swisstopo:routepoint_id>1401676832</swisstopo:routepoint_id>
				</extensions>
			</trkpt>
			<trkpt lat="46.1744268106" lon="6.8700655482">
				<ele>1034.1</ele>
				<extensions>
					<swisstopo:routepoint_id>982659066</swisstopo:routepoint_id>
				</extensions>
			</trkpt>
			<trkpt lat="46.1744771243" lon="6.8700871947">
				<ele>1034.0</ele>
				<extensions>
					<swisstopo:routepoint_id>292914570</swisstopo:routepoint_id>
				</extensions>
			</trkpt>
			<trkpt lat="46.1746730024" lon="6.8701755000">
				<ele>1033.7</ele>
				<extensions>
					<swisstopo:routepoint_id>125618453</swisstopo:routepoint_id>
				</extensions>
			</trkpt>
			<trkpt lat="46.1748002188" lon="6.8702323149">
				<ele>1033.5</ele>
				<extensions>
					<swisstopo:routepoint_id>1920949293</swisstopo:routepoint_id>
				</extensions>
			</trkpt>
			<trkpt lat="46.1749447894" lon="6.8702996295">
				<ele>1033.3</ele>
				<extensions>
					<swisstopo:routepoint_id>2038862975</swisstopo:routepoint_id>
				</extensions>
			</trkpt>
			<trkpt lat="46.1750017824" lon="6.8703236289">
				<ele>1033.3</ele>
				<extensions>
					<swisstopo:routepoint_id>389829475</swisstopo:routepoint_id>
				</extensions>
			</trkpt>
			<trkpt lat="46.1749695732" lon="6.8704362227">
				<ele>1033.1</ele>
				<extensions>
					<swisstopo:routepoint_id>1286187911</swisstopo:routepoint_id>
				</extensions>
			</trkpt>
			<trkpt lat="46.1749166374" lon="6.8706150352">
				<ele>1032.0</ele>
				<extensions>
					<swisstopo:routepoint_id>1546387415</swisstopo:routepoint_id>
				</extensions>
			</trkpt>
			<trkpt lat="46.1748996326" lon="6.8706576210">
				<ele>1031.9</ele>
				<extensions>
					<swisstopo:routepoint_id>1354359824</swisstopo:routepoint_id>
				</extensions>
			</trkpt>
			<trkpt lat="46.1748635799" lon="6.8707659420">
				<ele>1031.6</ele>
				<extensions>
					<swisstopo:routepoint_id>724682223</swisstopo:routepoint_id>
				</extensions>
			</trkpt>
			<trkpt lat="46.1748494100" lon="6.8707871578">
				<ele>1031.6</ele>
				<extensions>
					<swisstopo:routepoint_id>69040629</swisstopo:routepoint_id>
				</extensions>
			</trkpt>
			<trkpt lat="46.1748348080" lon="6.8707939910">
				<ele>1031.8</ele>
				<extensions>
					<swisstopo:routepoint_id>1180628187</swisstopo:routepoint_id>
				</extensions>
			</trkpt>
			<trkpt lat="46.1748176622" lon="6.8707921096">
				<ele>1032.2</ele>
				<extensions>
					<swisstopo:routepoint_id>880555152</swisstopo:routepoint_id>
				</extensions>
			</trkpt>
			<trkpt lat="46.1747951418" lon="6.8707877199">
				<ele>1032.6</ele>
				<extensions>
					<swisstopo:routepoint_id>1387157912</swisstopo:routepoint_id>
				</extensions>
			</trkpt>
			<trkpt lat="46.1747694348" lon="6.8707864449">
				<ele>1033.1</ele>
				<extensions>
					<swisstopo:routepoint_id>994668880</swisstopo:routepoint_id>
				</extensions>
			</trkpt>
			<trkpt lat="46.1747526885" lon="6.8707943234">
				<ele>1033.4</ele>
				<extensions>
					<swisstopo:routepoint_id>925520243</swisstopo:routepoint_id>
				</extensions>
			</trkpt>
			<trkpt lat="46.1747260240" lon="6.8708156686">
				<ele>1033.9</ele>
				<extensions>
					<swisstopo:routepoint_id>1209683656</swisstopo:routepoint_id>
				</extensions>
			</trkpt>
			<trkpt lat="46.1746742012" lon="6.8708753068">
				<ele>1034.9</ele>
				<extensions>
					<swisstopo:routepoint_id>473343792</swisstopo:routepoint_id>
				</extensions>
			</trkpt>
			<trkpt lat="46.1746412261" lon="6.8709208806">
				<ele>1035.3</ele>
				<extensions>
					<swisstopo:routepoint_id>1151392187</swisstopo:routepoint_id>
				</extensions>
			</trkpt>
			<trkpt lat="46.1746193098" lon="6.8709653045">
				<ele>1035.4</ele>
				<extensions>
					<swisstopo:routepoint_id>871098198</swisstopo:routepoint_id>
				</extensions>
			</trkpt>
			<trkpt lat="46.1746038632" lon="6.8710173658">
				<ele>1035.4</ele>
				<extensions>
					<swisstopo:routepoint_id>1778398792</swisstopo:routepoint_id>
				</extensions>
			</trkpt>
			<trkpt lat="46.1745980945" lon="6.8710780678">
				<ele>1035.4</ele>
				<extensions>
					<swisstopo:routepoint_id>11477625</swisstopo:routepoint_id>
				</extensions>
			</trkpt>
			<trkpt lat="46.1745944742" lon="6.8711403016">
				<ele>1035.4</ele>
				<extensions>
					<swisstopo:routepoint_id>87908623</swisstopo:routepoint_id>
				</extensions>
			</trkpt>
			<trkpt lat="46.1745960687" lon="6.8711731770">
				<ele>1035.4</ele>
				<extensions>
					<swisstopo:routepoint_id>1131692186</swisstopo:routepoint_id>
				</extensions>
			</trkpt>
			<trkpt lat="46.1746000998" lon="6.8711931681">
				<ele>1035.4</ele>
				<extensions>
					<swisstopo:routepoint_id>581179706</swisstopo:routepoint_id>
				</extensions>
			</trkpt>
			<trkpt lat="46.1746083845" lon="6.8712074822">
				<ele>1035.5</ele>
				<extensions>
					<swisstopo:routepoint_id>2037249982</swisstopo:routepoint_id>
				</extensions>
			</trkpt>
			<trkpt lat="46.1746205858" lon="6.8712207195">
				<ele>1035.5</ele>
				<extensions>
					<swisstopo:routepoint_id>357247221</swisstopo:routepoint_id>
				</extensions>
			</trkpt>
			<trkpt lat="46.1746545949" lon="6.8712398957">
				<ele>1035.5</ele>
				<extensions>
					<swisstopo:routepoint_id>1734925341</swisstopo:routepoint_id>
				</extensions>
			</trkpt>
			<trkpt lat="46.1747458051" lon="6.8712728663">
				<ele>1035.5</ele>
				<extensions>
					<swisstopo:routepoint_id>276221044</swisstopo:routepoint_id>
				</extensions>
			</trkpt>
			<trkpt lat="46.1748477293" lon="6.8713077852">
				<ele>1035.4</ele>
				<extensions>
					<swisstopo:routepoint_id>736884299</swisstopo:routepoint_id>
				</extensions>
			</trkpt>
			<trkpt lat="46.1749002738" lon="6.8713206056">
				<ele>1035.5</ele>
				<extensions>
					<swisstopo:routepoint_id>427956186</swisstopo:routepoint_id>
				</extensions>
			</trkpt>
			<trkpt lat="46.1749501802" lon="6.8713274835">
				<ele>1035.5</ele>
				<extensions>
					<swisstopo:routepoint_id>1604600916</swisstopo:routepoint_id>
				</extensions>
			</trkpt>
		</trkseg>
	</trk>
</gpx>
