<?xml version="1.0"?>
<gpx version="1.1" creator="Generated by Swisstopo App. See https://www.swisstopo.ch/app for more information." xmlns="http://www.topografix.com/GPX/1/1" xmlns:xsi="http://www.w3.org/2001/XMLSchema-instance" xmlns:swisstopo="https://prod-static.swisstopo-app.ch/xmlschemas/SwisstopoExtensions" xsi:schemaLocation="http://www.topografix.com/GPX/1/1 http://www.topografix.com/GPX/1/1/gpx.xsd https://swisstopo-app.ch/xmlschemas/SwisstopoExtensions https://prod-static.swisstopo-app.ch/xmlschemas/SwisstopoExtensions.xsd">
	<metadata>
		<name>Le Moléson depuis Neirivue</name>
		<desc />
		<time>2026-04-25T17:22:03Z</time>
		<extensions>
			<swisstopo:tour_type>0</swisstopo:tour_type>
		</extensions>
	</metadata>
	<wpt lat="46.5282925302" lon="7.0613504513">
		<ele>753.5</ele>
		<name>Point de départ</name>
		<extensions>
			<swisstopo:waypoint_id>1</swisstopo:waypoint_id>
			<swisstopo:waypoint_routepoint_id>1326264232</swisstopo:waypoint_routepoint_id>
			<swisstopo:waypoint_meters_into_tour>0.000000</swisstopo:waypoint_meters_into_tour>
			<swisstopo:waypoint_is_controlpoint>1</swisstopo:waypoint_is_controlpoint>
		</extensions>
	</wpt>
	<wpt lat="46.5212460563" lon="7.0666942887">
		<ele>1104.8</ele>
		<name>Point de repère</name>
		<extensions>
			<swisstopo:waypoint_id>429295063</swisstopo:waypoint_id>
			<swisstopo:waypoint_routepoint_id>1152795071</swisstopo:waypoint_routepoint_id>
			<swisstopo:waypoint_meters_into_tour>4049.525812</swisstopo:waypoint_meters_into_tour>
			<swisstopo:waypoint_is_controlpoint>1</swisstopo:waypoint_is_controlpoint>
		</extensions>
	</wpt>
	<wpt lat="46.5473968814" lon="7.0180017565">
		<ele>1972.9</ele>
		<name>Point de repère</name>
		<extensions>
			<swisstopo:waypoint_id>664008072</swisstopo:waypoint_id>
			<swisstopo:waypoint_routepoint_id>1425134346</swisstopo:waypoint_routepoint_id>
			<swisstopo:waypoint_meters_into_tour>8099.051624</swisstopo:waypoint_meters_into_tour>
			<swisstopo:waypoint_is_controlpoint>1</swisstopo:waypoint_is_controlpoint>
		</extensions>
	</wpt>
	<wpt lat="46.5620273654" lon="7.0372038170">
		<ele>1109.2</ele>
		<name>Destination</name>
		<extensions>
			<swisstopo:waypoint_id>2064187650</swisstopo:waypoint_id>
			<swisstopo:waypoint_routepoint_id>468785258</swisstopo:waypoint_routepoint_id>
			<swisstopo:waypoint_meters_into_tour>13361.046598</swisstopo:waypoint_meters_into_tour>
			<swisstopo:waypoint_is_controlpoint>1</swisstopo:waypoint_is_controlpoint>
			<swisstopo:waypoint_stage_before distance="13361.046598" duration="19969.046478" ascent="1259.975403" descent="904.289185" />
		</extensions>
	</wpt>
	<trk>
		<name>Swisstopo Route</name>
		<trkseg>
			<trkpt lat="46.5282925302" lon="7.0613504513">
				<ele>753.5</ele>
				<extensions>
					<swisstopo:routepoint_id>1326264232</swisstopo:routepoint_id>
				</extensions>
			</trkpt>
			<trkpt lat="46.5282875069" lon="7.0613476188">
				<ele>753.5</ele>
				<extensions>
					<swisstopo:routepoint_id>1196930183</swisstopo:routepoint_id>
				</extensions>
			</trkpt>
			<trkpt lat="46.5281405244" lon="7.0612656834">
				<ele>754.0</ele>
				<extensions>
					<swisstopo:routepoint_id>2023998209</swisstopo:routepoint_id>
				</extensions>
			</trkpt>
			<trkpt lat="46.5280357545" lon="7.0612016884">
				<ele>754.4</ele>
				<extensions>
					<swisstopo:routepoint_id>1927323130</swisstopo:routepoint_id>
				</extensions>
			</trkpt>
			<trkpt lat="46.5278760922" lon="7.0611019347">
				<ele>755.0</ele>
				<extensions>
					<swisstopo:routepoint_id>996745390</swisstopo:routepoint_id>
				</extensions>
			</trkpt>
			<trkpt lat="46.5277963456" lon="7.0610507206">
				<ele>755.1</ele>
				<extensions>
					<swisstopo:routepoint_id>336741605</swisstopo:routepoint_id>
				</extensions>
			</trkpt>
			<trkpt lat="46.5276179312" lon="7.0609253314">
				<ele>755.8</ele>
				<extensions>
					<swisstopo:routepoint_id>1050443256</swisstopo:routepoint_id>
				</extensions>
			</trkpt>
			<trkpt lat="46.5273773588" lon="7.0607491927">
				<ele>756.8</ele>
				<extensions>
					<swisstopo:routepoint_id>133074369</swisstopo:routepoint_id>
				</extensions>
			</trkpt>
			<trkpt lat="46.5271078102" lon="7.0605512320">
				<ele>757.6</ele>
				<extensions>
					<swisstopo:routepoint_id>2006046667</swisstopo:routepoint_id>
				</extensions>
			</trkpt>
			<trkpt lat="46.5270556452" lon="7.0605137735">
				<ele>757.6</ele>
				<extensions>
					<swisstopo:routepoint_id>1789582586</swisstopo:routepoint_id>
				</extensions>
			</trkpt>
			<trkpt lat="46.5269516232" lon="7.0604367418">
				<ele>758.0</ele>
				<extensions>
					<swisstopo:routepoint_id>1341596977</swisstopo:routepoint_id>
				</extensions>
			</trkpt>
			<trkpt lat="46.5268440128" lon="7.0603571438">
				<ele>758.4</ele>
				<extensions>
					<swisstopo:routepoint_id>850665808</swisstopo:routepoint_id>
				</extensions>
			</trkpt>
			<trkpt lat="46.5267646207" lon="7.0602878526">
				<ele>758.6</ele>
				<extensions>
					<swisstopo:routepoint_id>434862707</swisstopo:routepoint_id>
				</extensions>
			</trkpt>
			<trkpt lat="46.5266950762" lon="7.0602207870">
				<ele>758.9</ele>
				<extensions>
					<swisstopo:routepoint_id>2122593753</swisstopo:routepoint_id>
				</extensions>
			</trkpt>
			<trkpt lat="46.5266089462" lon="7.0601436314">
				<ele>759.3</ele>
				<extensions>
					<swisstopo:routepoint_id>971457921</swisstopo:routepoint_id>
				</extensions>
			</trkpt>
			<trkpt lat="46.5265155955" lon="7.0600509667">
				<ele>759.7</ele>
				<extensions>
					<swisstopo:routepoint_id>1985652843</swisstopo:routepoint_id>
				</extensions>
			</trkpt>
			<trkpt lat="46.5264294224" lon="7.0599608567">
				<ele>760.0</ele>
				<extensions>
					<swisstopo:routepoint_id>530632341</swisstopo:routepoint_id>
				</extensions>
			</trkpt>
			<trkpt lat="46.5263669229" lon="7.0598968180">
				<ele>760.3</ele>
				<extensions>
					<swisstopo:routepoint_id>1298590286</swisstopo:routepoint_id>
				</extensions>
			</trkpt>
			<trkpt lat="46.5262660956" lon="7.0598012870">
				<ele>760.7</ele>
				<extensions>
					<swisstopo:routepoint_id>40325813</swisstopo:routepoint_id>
				</extensions>
			</trkpt>
			<trkpt lat="46.5261817812" lon="7.0597344946">
				<ele>761.0</ele>
				<extensions>
					<swisstopo:routepoint_id>30029094</swisstopo:routepoint_id>
				</extensions>
			</trkpt>
			<trkpt lat="46.5260938869" lon="7.0596651215">
				<ele>761.4</ele>
				<extensions>
					<swisstopo:routepoint_id>1426078123</swisstopo:routepoint_id>
				</extensions>
			</trkpt>
			<trkpt lat="46.5260006398" lon="7.0595983793">
				<ele>761.7</ele>
				<extensions>
					<swisstopo:routepoint_id>868431305</swisstopo:routepoint_id>
				</extensions>
			</trkpt>
			<trkpt lat="46.5259091908" lon="7.0595394061">
				<ele>762.1</ele>
				<extensions>
					<swisstopo:routepoint_id>1378340842</swisstopo:routepoint_id>
				</extensions>
			</trkpt>
			<trkpt lat="46.5258159609" lon="7.0594778380">
				<ele>762.4</ele>
				<extensions>
					<swisstopo:routepoint_id>97061845</swisstopo:routepoint_id>
				</extensions>
			</trkpt>
			<trkpt lat="46.5257460536" lon="7.0594368688">
				<ele>762.7</ele>
				<extensions>
					<swisstopo:routepoint_id>1741554065</swisstopo:routepoint_id>
				</extensions>
			</trkpt>
			<trkpt lat="46.5257551917" lon="7.0593635734">
				<ele>762.9</ele>
				<extensions>
					<swisstopo:routepoint_id>528828993</swisstopo:routepoint_id>
				</extensions>
			</trkpt>
			<trkpt lat="46.5257621622" lon="7.0593039116">
				<ele>762.6</ele>
				<extensions>
					<swisstopo:routepoint_id>1625178398</swisstopo:routepoint_id>
				</extensions>
			</trkpt>
			<trkpt lat="46.5257583481" lon="7.0592365441">
				<ele>761.9</ele>
				<extensions>
					<swisstopo:routepoint_id>1930621503</swisstopo:routepoint_id>
				</extensions>
			</trkpt>
			<trkpt lat="46.5257384498" lon="7.0591718825">
				<ele>761.2</ele>
				<extensions>
					<swisstopo:routepoint_id>477858748</swisstopo:routepoint_id>
				</extensions>
			</trkpt>
			<trkpt lat="46.5257131904" lon="7.0591046779">
				<ele>760.6</ele>
				<extensions>
					<swisstopo:routepoint_id>608739808</swisstopo:routepoint_id>
				</extensions>
			</trkpt>
			<trkpt lat="46.5256878438" lon="7.0590167138">
				<ele>759.9</ele>
				<extensions>
					<swisstopo:routepoint_id>1433140080</swisstopo:routepoint_id>
				</extensions>
			</trkpt>
			<trkpt lat="46.5256721525" lon="7.0589431342">
				<ele>759.4</ele>
				<extensions>
					<swisstopo:routepoint_id>107286959</swisstopo:routepoint_id>
				</extensions>
			</trkpt>
			<trkpt lat="46.5256754171" lon="7.0588728630">
				<ele>759.0</ele>
				<extensions>
					<swisstopo:routepoint_id>73859275</swisstopo:routepoint_id>
				</extensions>
			</trkpt>
			<trkpt lat="46.5256296280" lon="7.0588622638">
				<ele>759.5</ele>
				<extensions>
					<swisstopo:routepoint_id>643981165</swisstopo:routepoint_id>
				</extensions>
			</trkpt>
			<trkpt lat="46.5255905844" lon="7.0588203965">
				<ele>759.7</ele>
				<extensions>
					<swisstopo:routepoint_id>632132182</swisstopo:routepoint_id>
				</extensions>
			</trkpt>
			<trkpt lat="46.5255239892" lon="7.0587016318">
				<ele>760.6</ele>
				<extensions>
					<swisstopo:routepoint_id>1783112181</swisstopo:routepoint_id>
				</extensions>
			</trkpt>
			<trkpt lat="46.5254627614" lon="7.0585828424">
				<ele>761.7</ele>
				<extensions>
					<swisstopo:routepoint_id>1546033662</swisstopo:routepoint_id>
				</extensions>
			</trkpt>
			<trkpt lat="46.5254212675" lon="7.0584794551">
				<ele>762.6</ele>
				<extensions>
					<swisstopo:routepoint_id>638063419</swisstopo:routepoint_id>
				</extensions>
			</trkpt>
			<trkpt lat="46.5253994772" lon="7.0583811097">
				<ele>763.2</ele>
				<extensions>
					<swisstopo:routepoint_id>1593880471</swisstopo:routepoint_id>
				</extensions>
			</trkpt>
			<trkpt lat="46.5253974164" lon="7.0583007626">
				<ele>763.6</ele>
				<extensions>
					<swisstopo:routepoint_id>719968867</swisstopo:routepoint_id>
				</extensions>
			</trkpt>
			<trkpt lat="46.5254131199" lon="7.0581814336">
				<ele>764.1</ele>
				<extensions>
					<swisstopo:routepoint_id>2038152652</swisstopo:routepoint_id>
				</extensions>
			</trkpt>
			<trkpt lat="46.5254270354" lon="7.0580647008">
				<ele>764.7</ele>
				<extensions>
					<swisstopo:routepoint_id>2080907321</swisstopo:routepoint_id>
				</extensions>
			</trkpt>
			<trkpt lat="46.5254214553" lon="7.0579999219">
				<ele>765.1</ele>
				<extensions>
					<swisstopo:routepoint_id>1616837716</swisstopo:routepoint_id>
				</extensions>
			</trkpt>
			<trkpt lat="46.5253960994" lon="7.0579067978">
				<ele>765.7</ele>
				<extensions>
					<swisstopo:routepoint_id>302790837</swisstopo:routepoint_id>
				</extensions>
			</trkpt>
			<trkpt lat="46.5253491926" lon="7.0577904862">
				<ele>766.7</ele>
				<extensions>
					<swisstopo:routepoint_id>1792547800</swisstopo:routepoint_id>
				</extensions>
			</trkpt>
			<trkpt lat="46.5252969153" lon="7.0576742062">
				<ele>767.4</ele>
				<extensions>
					<swisstopo:routepoint_id>924801077</swisstopo:routepoint_id>
				</extensions>
			</trkpt>
			<trkpt lat="46.5252429285" lon="7.0575786970">
				<ele>768.0</ele>
				<extensions>
					<swisstopo:routepoint_id>1628268514</swisstopo:routepoint_id>
				</extensions>
			</trkpt>
			<trkpt lat="46.5251818384" lon="7.0575039583">
				<ele>768.6</ele>
				<extensions>
					<swisstopo:routepoint_id>110365125</swisstopo:routepoint_id>
				</extensions>
			</trkpt>
			<trkpt lat="46.5250777047" lon="7.0573932367">
				<ele>769.4</ele>
				<extensions>
					<swisstopo:routepoint_id>2047827142</swisstopo:routepoint_id>
				</extensions>
			</trkpt>
			<trkpt lat="46.5249538846" lon="7.0572800705">
				<ele>770.1</ele>
				<extensions>
					<swisstopo:routepoint_id>1682894476</swisstopo:routepoint_id>
				</extensions>
			</trkpt>
			<trkpt lat="46.5248336526" lon="7.0571720341">
				<ele>770.7</ele>
				<extensions>
					<swisstopo:routepoint_id>1115815440</swisstopo:routepoint_id>
				</extensions>
			</trkpt>
			<trkpt lat="46.5247206107" lon="7.0570717494">
				<ele>771.2</ele>
				<extensions>
					<swisstopo:routepoint_id>867901752</swisstopo:routepoint_id>
				</extensions>
			</trkpt>
			<trkpt lat="46.5246021793" lon="7.0569663104">
				<ele>771.9</ele>
				<extensions>
					<swisstopo:routepoint_id>618473776</swisstopo:routepoint_id>
				</extensions>
			</trkpt>
			<trkpt lat="46.5245232773" lon="7.0569124443">
				<ele>772.2</ele>
				<extensions>
					<swisstopo:routepoint_id>755303999</swisstopo:routepoint_id>
				</extensions>
			</trkpt>
			<trkpt lat="46.5244372765" lon="7.0568767521">
				<ele>772.6</ele>
				<extensions>
					<swisstopo:routepoint_id>328038664</swisstopo:routepoint_id>
				</extensions>
			</trkpt>
			<trkpt lat="46.5243279837" lon="7.0568282805">
				<ele>773.0</ele>
				<extensions>
					<swisstopo:routepoint_id>1522053504</swisstopo:routepoint_id>
				</extensions>
			</trkpt>
			<trkpt lat="46.5242240409" lon="7.0567745787">
				<ele>773.5</ele>
				<extensions>
					<swisstopo:routepoint_id>687126889</swisstopo:routepoint_id>
				</extensions>
			</trkpt>
			<trkpt lat="46.5241290278" lon="7.0567156469">
				<ele>774.2</ele>
				<extensions>
					<swisstopo:routepoint_id>1929160185</swisstopo:routepoint_id>
				</extensions>
			</trkpt>
			<trkpt lat="46.5240716387" lon="7.0566771571">
				<ele>774.6</ele>
				<extensions>
					<swisstopo:routepoint_id>587615813</swisstopo:routepoint_id>
				</extensions>
			</trkpt>
			<trkpt lat="46.5240178774" lon="7.0566490273">
				<ele>774.9</ele>
				<extensions>
					<swisstopo:routepoint_id>1054419151</swisstopo:routepoint_id>
				</extensions>
			</trkpt>
			<trkpt lat="46.5239484233" lon="7.0566337258">
				<ele>775.1</ele>
				<extensions>
					<swisstopo:routepoint_id>2050694322</swisstopo:routepoint_id>
				</extensions>
			</trkpt>
			<trkpt lat="46.5239415472" lon="7.0565919496">
				<ele>775.2</ele>
				<extensions>
					<swisstopo:routepoint_id>505720443</swisstopo:routepoint_id>
				</extensions>
			</trkpt>
			<trkpt lat="46.5239182739" lon="7.0565416377">
				<ele>775.4</ele>
				<extensions>
					<swisstopo:routepoint_id>901980888</swisstopo:routepoint_id>
				</extensions>
			</trkpt>
			<trkpt lat="46.5238830412" lon="7.0564916903">
				<ele>775.6</ele>
				<extensions>
					<swisstopo:routepoint_id>546028417</swisstopo:routepoint_id>
				</extensions>
			</trkpt>
			<trkpt lat="46.5238153954" lon="7.0564165173">
				<ele>775.9</ele>
				<extensions>
					<swisstopo:routepoint_id>2055775000</swisstopo:routepoint_id>
				</extensions>
			</trkpt>
			<trkpt lat="46.5237092241" lon="7.0562905679">
				<ele>776.4</ele>
				<extensions>
					<swisstopo:routepoint_id>302561407</swisstopo:routepoint_id>
				</extensions>
			</trkpt>
			<trkpt lat="46.5236516143" lon="7.0562126264">
				<ele>776.7</ele>
				<extensions>
					<swisstopo:routepoint_id>671593777</swisstopo:routepoint_id>
				</extensions>
			</trkpt>
			<trkpt lat="46.5236005678" lon="7.0561362933">
				<ele>777.0</ele>
				<extensions>
					<swisstopo:routepoint_id>760162540</swisstopo:routepoint_id>
				</extensions>
			</trkpt>
			<trkpt lat="46.5235237287" lon="7.0560076814">
				<ele>777.4</ele>
				<extensions>
					<swisstopo:routepoint_id>220453945</swisstopo:routepoint_id>
				</extensions>
			</trkpt>
			<trkpt lat="46.5233795344" lon="7.0557194904">
				<ele>778.5</ele>
				<extensions>
					<swisstopo:routepoint_id>1697862983</swisstopo:routepoint_id>
				</extensions>
			</trkpt>
			<trkpt lat="46.5233203279" lon="7.0556136127">
				<ele>778.9</ele>
				<extensions>
					<swisstopo:routepoint_id>215015491</swisstopo:routepoint_id>
				</extensions>
			</trkpt>
			<trkpt lat="46.5232339542" lon="7.0554908096">
				<ele>779.6</ele>
				<extensions>
					<swisstopo:routepoint_id>1014531753</swisstopo:routepoint_id>
				</extensions>
			</trkpt>
			<trkpt lat="46.5231261121" lon="7.0553438247">
				<ele>780.2</ele>
				<extensions>
					<swisstopo:routepoint_id>587178074</swisstopo:routepoint_id>
				</extensions>
			</trkpt>
			<trkpt lat="46.5230434372" lon="7.0552329596">
				<ele>780.7</ele>
				<extensions>
					<swisstopo:routepoint_id>594819037</swisstopo:routepoint_id>
				</extensions>
			</trkpt>
			<trkpt lat="46.5229876825" lon="7.0551452454">
				<ele>781.0</ele>
				<extensions>
					<swisstopo:routepoint_id>1614321605</swisstopo:routepoint_id>
				</extensions>
			</trkpt>
			<trkpt lat="46.5229576338" lon="7.0550699587">
				<ele>781.1</ele>
				<extensions>
					<swisstopo:routepoint_id>1414928348</swisstopo:routepoint_id>
				</extensions>
			</trkpt>
			<trkpt lat="46.5229324147" lon="7.0550208872">
				<ele>781.3</ele>
				<extensions>
					<swisstopo:routepoint_id>564330500</swisstopo:routepoint_id>
				</extensions>
			</trkpt>
			<trkpt lat="46.5228981163" lon="7.0549304125">
				<ele>781.5</ele>
				<extensions>
					<swisstopo:routepoint_id>1904364884</swisstopo:routepoint_id>
				</extensions>
			</trkpt>
			<trkpt lat="46.5228438341" lon="7.0547493746">
				<ele>782.0</ele>
				<extensions>
					<swisstopo:routepoint_id>1078518852</swisstopo:routepoint_id>
				</extensions>
			</trkpt>
			<trkpt lat="46.5227911378" lon="7.0545087004">
				<ele>782.8</ele>
				<extensions>
					<swisstopo:routepoint_id>967179285</swisstopo:routepoint_id>
				</extensions>
			</trkpt>
			<trkpt lat="46.5227384717" lon="7.0542758025">
				<ele>783.8</ele>
				<extensions>
					<swisstopo:routepoint_id>212672099</swisstopo:routepoint_id>
				</extensions>
			</trkpt>
			<trkpt lat="46.5227003959" lon="7.0541257426">
				<ele>784.7</ele>
				<extensions>
					<swisstopo:routepoint_id>886886218</swisstopo:routepoint_id>
				</extensions>
			</trkpt>
			<trkpt lat="46.5226605848" lon="7.0539912602">
				<ele>785.7</ele>
				<extensions>
					<swisstopo:routepoint_id>1591084266</swisstopo:routepoint_id>
				</extensions>
			</trkpt>
			<trkpt lat="46.5225920873" lon="7.0538414168">
				<ele>787.1</ele>
				<extensions>
					<swisstopo:routepoint_id>95541225</swisstopo:routepoint_id>
				</extensions>
			</trkpt>
			<trkpt lat="46.5225075442" lon="7.0537046310">
				<ele>788.4</ele>
				<extensions>
					<swisstopo:routepoint_id>774183314</swisstopo:routepoint_id>
				</extensions>
			</trkpt>
			<trkpt lat="46.5223978464" lon="7.0535395546">
				<ele>789.9</ele>
				<extensions>
					<swisstopo:routepoint_id>114275276</swisstopo:routepoint_id>
				</extensions>
			</trkpt>
			<trkpt lat="46.5222989533" lon="7.0533925249">
				<ele>791.4</ele>
				<extensions>
					<swisstopo:routepoint_id>1309042913</swisstopo:routepoint_id>
				</extensions>
			</trkpt>
			<trkpt lat="46.5222449101" lon="7.0532840316">
				<ele>792.6</ele>
				<extensions>
					<swisstopo:routepoint_id>363720325</swisstopo:routepoint_id>
				</extensions>
			</trkpt>
			<trkpt lat="46.5222052298" lon="7.0531884176">
				<ele>793.6</ele>
				<extensions>
					<swisstopo:routepoint_id>1952140113</swisstopo:routepoint_id>
				</extensions>
			</trkpt>
			<trkpt lat="46.5221743428" lon="7.0530486811">
				<ele>794.6</ele>
				<extensions>
					<swisstopo:routepoint_id>1720965187</swisstopo:routepoint_id>
				</extensions>
			</trkpt>
			<trkpt lat="46.5221665914" lon="7.0529702837">
				<ele>795.2</ele>
				<extensions>
					<swisstopo:routepoint_id>1351942521</swisstopo:routepoint_id>
				</extensions>
			</trkpt>
			<trkpt lat="46.5221626611" lon="7.0529224257">
				<ele>795.5</ele>
				<extensions>
					<swisstopo:routepoint_id>1217503191</swisstopo:routepoint_id>
				</extensions>
			</trkpt>
			<trkpt lat="46.5221589362" lon="7.0528770685">
				<ele>795.8</ele>
				<extensions>
					<swisstopo:routepoint_id>1639274422</swisstopo:routepoint_id>
				</extensions>
			</trkpt>
			<trkpt lat="46.5221493233" lon="7.0527534201">
				<ele>796.8</ele>
				<extensions>
					<swisstopo:routepoint_id>592837265</swisstopo:routepoint_id>
				</extensions>
			</trkpt>
			<trkpt lat="46.5221387105" lon="7.0526406476">
				<ele>797.8</ele>
				<extensions>
					<swisstopo:routepoint_id>1824763896</swisstopo:routepoint_id>
				</extensions>
			</trkpt>
			<trkpt lat="46.5221213649" lon="7.0525281266">
				<ele>798.7</ele>
				<extensions>
					<swisstopo:routepoint_id>863599646</swisstopo:routepoint_id>
				</extensions>
			</trkpt>
			<trkpt lat="46.5221044418" lon="7.0524430289">
				<ele>799.5</ele>
				<extensions>
					<swisstopo:routepoint_id>1849695774</swisstopo:routepoint_id>
				</extensions>
			</trkpt>
			<trkpt lat="46.5220758185" lon="7.0523376646">
				<ele>800.5</ele>
				<extensions>
					<swisstopo:routepoint_id>1053344285</swisstopo:routepoint_id>
				</extensions>
			</trkpt>
			<trkpt lat="46.5220355433" lon="7.0522313781">
				<ele>801.6</ele>
				<extensions>
					<swisstopo:routepoint_id>1194997347</swisstopo:routepoint_id>
				</extensions>
			</trkpt>
			<trkpt lat="46.5219893692" lon="7.0521574725">
				<ele>802.5</ele>
				<extensions>
					<swisstopo:routepoint_id>1335684034</swisstopo:routepoint_id>
				</extensions>
			</trkpt>
			<trkpt lat="46.5219384909" lon="7.0520862095">
				<ele>803.4</ele>
				<extensions>
					<swisstopo:routepoint_id>459040694</swisstopo:routepoint_id>
				</extensions>
			</trkpt>
			<trkpt lat="46.5218575652" lon="7.0519623581">
				<ele>805.1</ele>
				<extensions>
					<swisstopo:routepoint_id>22387617</swisstopo:routepoint_id>
				</extensions>
			</trkpt>
			<trkpt lat="46.5217531661" lon="7.0517765175">
				<ele>807.4</ele>
				<extensions>
					<swisstopo:routepoint_id>562586594</swisstopo:routepoint_id>
				</extensions>
			</trkpt>
			<trkpt lat="46.5216830191" lon="7.0516655711">
				<ele>808.8</ele>
				<extensions>
					<swisstopo:routepoint_id>666881641</swisstopo:routepoint_id>
				</extensions>
			</trkpt>
			<trkpt lat="46.5216075266" lon="7.0515650100">
				<ele>810.2</ele>
				<extensions>
					<swisstopo:routepoint_id>2108296963</swisstopo:routepoint_id>
				</extensions>
			</trkpt>
			<trkpt lat="46.5215051660" lon="7.0514491274">
				<ele>812.1</ele>
				<extensions>
					<swisstopo:routepoint_id>1771572653</swisstopo:routepoint_id>
				</extensions>
			</trkpt>
			<trkpt lat="46.5214132279" lon="7.0513343544">
				<ele>814.1</ele>
				<extensions>
					<swisstopo:routepoint_id>472738358</swisstopo:routepoint_id>
				</extensions>
			</trkpt>
			<trkpt lat="46.5213861173" lon="7.0512981247">
				<ele>814.8</ele>
				<extensions>
					<swisstopo:routepoint_id>289689901</swisstopo:routepoint_id>
				</extensions>
			</trkpt>
			<trkpt lat="46.5213378576" lon="7.0512336533">
				<ele>816.1</ele>
				<extensions>
					<swisstopo:routepoint_id>692675584</swisstopo:routepoint_id>
				</extensions>
			</trkpt>
			<trkpt lat="46.5213045048" lon="7.0512101441">
				<ele>816.6</ele>
				<extensions>
					<swisstopo:routepoint_id>574381607</swisstopo:routepoint_id>
				</extensions>
			</trkpt>
			<trkpt lat="46.5212294850" lon="7.0511669044">
				<ele>816.6</ele>
				<extensions>
					<swisstopo:routepoint_id>864675208</swisstopo:routepoint_id>
				</extensions>
			</trkpt>
			<trkpt lat="46.5212320543" lon="7.0511130114">
				<ele>817.1</ele>
				<extensions>
					<swisstopo:routepoint_id>1048558070</swisstopo:routepoint_id>
				</extensions>
			</trkpt>
			<trkpt lat="46.5212175890" lon="7.0510521547">
				<ele>817.7</ele>
				<extensions>
					<swisstopo:routepoint_id>749579796</swisstopo:routepoint_id>
				</extensions>
			</trkpt>
			<trkpt lat="46.5211966680" lon="7.0509903643">
				<ele>818.4</ele>
				<extensions>
					<swisstopo:routepoint_id>364070357</swisstopo:routepoint_id>
				</extensions>
			</trkpt>
			<trkpt lat="46.5211604088" lon="7.0509402140">
				<ele>819.1</ele>
				<extensions>
					<swisstopo:routepoint_id>267450904</swisstopo:routepoint_id>
				</extensions>
			</trkpt>
			<trkpt lat="46.5211118458" lon="7.0508918715">
				<ele>819.9</ele>
				<extensions>
					<swisstopo:routepoint_id>1228938250</swisstopo:routepoint_id>
				</extensions>
			</trkpt>
			<trkpt lat="46.5210823377" lon="7.0508088751">
				<ele>821.0</ele>
				<extensions>
					<swisstopo:routepoint_id>1636719639</swisstopo:routepoint_id>
				</extensions>
			</trkpt>
			<trkpt lat="46.5210550280" lon="7.0507696948">
				<ele>821.8</ele>
				<extensions>
					<swisstopo:routepoint_id>582998579</swisstopo:routepoint_id>
				</extensions>
			</trkpt>
			<trkpt lat="46.5210115652" lon="7.0507131567">
				<ele>823.2</ele>
				<extensions>
					<swisstopo:routepoint_id>955011351</swisstopo:routepoint_id>
				</extensions>
			</trkpt>
			<trkpt lat="46.5209509811" lon="7.0506567414">
				<ele>824.9</ele>
				<extensions>
					<swisstopo:routepoint_id>77870682</swisstopo:routepoint_id>
				</extensions>
			</trkpt>
			<trkpt lat="46.5208521245" lon="7.0505845522">
				<ele>827.4</ele>
				<extensions>
					<swisstopo:routepoint_id>715406605</swisstopo:routepoint_id>
				</extensions>
			</trkpt>
			<trkpt lat="46.5208277100" lon="7.0505682384">
				<ele>828.0</ele>
				<extensions>
					<swisstopo:routepoint_id>185569207</swisstopo:routepoint_id>
				</extensions>
			</trkpt>
			<trkpt lat="46.5207290621" lon="7.0505023428">
				<ele>830.6</ele>
				<extensions>
					<swisstopo:routepoint_id>348192926</swisstopo:routepoint_id>
				</extensions>
			</trkpt>
			<trkpt lat="46.5206362603" lon="7.0504359268">
				<ele>833.0</ele>
				<extensions>
					<swisstopo:routepoint_id>515585453</swisstopo:routepoint_id>
				</extensions>
			</trkpt>
			<trkpt lat="46.5205353600" lon="7.0503608515">
				<ele>835.5</ele>
				<extensions>
					<swisstopo:routepoint_id>483268801</swisstopo:routepoint_id>
				</extensions>
			</trkpt>
			<trkpt lat="46.5204606816" lon="7.0502957823">
				<ele>837.4</ele>
				<extensions>
					<swisstopo:routepoint_id>1560650237</swisstopo:routepoint_id>
				</extensions>
			</trkpt>
			<trkpt lat="46.5204061703" lon="7.0502465912">
				<ele>838.8</ele>
				<extensions>
					<swisstopo:routepoint_id>452793194</swisstopo:routepoint_id>
				</extensions>
			</trkpt>
			<trkpt lat="46.5203383994" lon="7.0501450373">
				<ele>840.7</ele>
				<extensions>
					<swisstopo:routepoint_id>1042911544</swisstopo:routepoint_id>
				</extensions>
			</trkpt>
			<trkpt lat="46.5202886893" lon="7.0500316713">
				<ele>842.5</ele>
				<extensions>
					<swisstopo:routepoint_id>1487086190</swisstopo:routepoint_id>
				</extensions>
			</trkpt>
			<trkpt lat="46.5202661932" lon="7.0499268787">
				<ele>843.9</ele>
				<extensions>
					<swisstopo:routepoint_id>143833295</swisstopo:routepoint_id>
				</extensions>
			</trkpt>
			<trkpt lat="46.5202708873" lon="7.0498262561">
				<ele>845.1</ele>
				<extensions>
					<swisstopo:routepoint_id>620219519</swisstopo:routepoint_id>
				</extensions>
			</trkpt>
			<trkpt lat="46.5202970738" lon="7.0497345404">
				<ele>845.9</ele>
				<extensions>
					<swisstopo:routepoint_id>177641607</swisstopo:routepoint_id>
				</extensions>
			</trkpt>
			<trkpt lat="46.5202486167" lon="7.0496911352">
				<ele>846.5</ele>
				<extensions>
					<swisstopo:routepoint_id>2013843482</swisstopo:routepoint_id>
				</extensions>
			</trkpt>
			<trkpt lat="46.5202111442" lon="7.0496228985">
				<ele>847.4</ele>
				<extensions>
					<swisstopo:routepoint_id>860544340</swisstopo:routepoint_id>
				</extensions>
			</trkpt>
			<trkpt lat="46.5201705630" lon="7.0495255156">
				<ele>848.4</ele>
				<extensions>
					<swisstopo:routepoint_id>1476981259</swisstopo:routepoint_id>
				</extensions>
			</trkpt>
			<trkpt lat="46.5201329962" lon="7.0494310381">
				<ele>849.3</ele>
				<extensions>
					<swisstopo:routepoint_id>1894708425</swisstopo:routepoint_id>
				</extensions>
			</trkpt>
			<trkpt lat="46.5200903981" lon="7.0493321937">
				<ele>850.4</ele>
				<extensions>
					<swisstopo:routepoint_id>43811157</swisstopo:routepoint_id>
				</extensions>
			</trkpt>
			<trkpt lat="46.5200477557" lon="7.0492217052">
				<ele>851.8</ele>
				<extensions>
					<swisstopo:routepoint_id>839216779</swisstopo:routepoint_id>
				</extensions>
			</trkpt>
			<trkpt lat="46.5199949305" lon="7.0490763056">
				<ele>853.4</ele>
				<extensions>
					<swisstopo:routepoint_id>1844966716</swisstopo:routepoint_id>
				</extensions>
			</trkpt>
			<trkpt lat="46.5199652994" lon="7.0489482126">
				<ele>854.4</ele>
				<extensions>
					<swisstopo:routepoint_id>1579897232</swisstopo:routepoint_id>
				</extensions>
			</trkpt>
			<trkpt lat="46.5199498860" lon="7.0488550226">
				<ele>854.7</ele>
				<extensions>
					<swisstopo:routepoint_id>1294691748</swisstopo:routepoint_id>
				</extensions>
			</trkpt>
			<trkpt lat="46.5199335105" lon="7.0487749698">
				<ele>854.9</ele>
				<extensions>
					<swisstopo:routepoint_id>1486590078</swisstopo:routepoint_id>
				</extensions>
			</trkpt>
			<trkpt lat="46.5199160267" lon="7.0486642883">
				<ele>855.3</ele>
				<extensions>
					<swisstopo:routepoint_id>668980989</swisstopo:routepoint_id>
				</extensions>
			</trkpt>
			<trkpt lat="46.5198984498" lon="7.0485303057">
				<ele>855.6</ele>
				<extensions>
					<swisstopo:routepoint_id>69165088</swisstopo:routepoint_id>
				</extensions>
			</trkpt>
			<trkpt lat="46.5198797943" lon="7.0483700768">
				<ele>855.8</ele>
				<extensions>
					<swisstopo:routepoint_id>1093997986</swisstopo:routepoint_id>
				</extensions>
			</trkpt>
			<trkpt lat="46.5198561663" lon="7.0482302967">
				<ele>855.7</ele>
				<extensions>
					<swisstopo:routepoint_id>813469084</swisstopo:routepoint_id>
				</extensions>
			</trkpt>
			<trkpt lat="46.5198306716" lon="7.0481327939">
				<ele>855.6</ele>
				<extensions>
					<swisstopo:routepoint_id>363051973</swisstopo:routepoint_id>
				</extensions>
			</trkpt>
			<trkpt lat="46.5198053077" lon="7.0480746780">
				<ele>855.8</ele>
				<extensions>
					<swisstopo:routepoint_id>1537005048</swisstopo:routepoint_id>
				</extensions>
			</trkpt>
			<trkpt lat="46.5197598851" lon="7.0480312655">
				<ele>856.3</ele>
				<extensions>
					<swisstopo:routepoint_id>1379530580</swisstopo:routepoint_id>
				</extensions>
			</trkpt>
			<trkpt lat="46.5197405473" lon="7.0479716172">
				<ele>856.9</ele>
				<extensions>
					<swisstopo:routepoint_id>253967367</swisstopo:routepoint_id>
				</extensions>
			</trkpt>
			<trkpt lat="46.5197191441" lon="7.0478901584">
				<ele>857.7</ele>
				<extensions>
					<swisstopo:routepoint_id>1809922046</swisstopo:routepoint_id>
				</extensions>
			</trkpt>
			<trkpt lat="46.5196926038" lon="7.0477824572">
				<ele>858.8</ele>
				<extensions>
					<swisstopo:routepoint_id>1227880067</swisstopo:routepoint_id>
				</extensions>
			</trkpt>
			<trkpt lat="46.5196751787" lon="7.0476878238">
				<ele>859.8</ele>
				<extensions>
					<swisstopo:routepoint_id>175250072</swisstopo:routepoint_id>
				</extensions>
			</trkpt>
			<trkpt lat="46.5196607628" lon="7.0475946322">
				<ele>860.5</ele>
				<extensions>
					<swisstopo:routepoint_id>233835326</swisstopo:routepoint_id>
				</extensions>
			</trkpt>
			<trkpt lat="46.5196493889" lon="7.0475072218">
				<ele>861.4</ele>
				<extensions>
					<swisstopo:routepoint_id>412721248</swisstopo:routepoint_id>
				</extensions>
			</trkpt>
			<trkpt lat="46.5196400197" lon="7.0474140065">
				<ele>862.3</ele>
				<extensions>
					<swisstopo:routepoint_id>996144180</swisstopo:routepoint_id>
				</extensions>
			</trkpt>
			<trkpt lat="46.5196315923" lon="7.0473047114">
				<ele>863.3</ele>
				<extensions>
					<swisstopo:routepoint_id>1267952423</swisstopo:routepoint_id>
				</extensions>
			</trkpt>
			<trkpt lat="46.5196251363" lon="7.0471837575">
				<ele>864.4</ele>
				<extensions>
					<swisstopo:routepoint_id>1843970040</swisstopo:routepoint_id>
				</extensions>
			</trkpt>
			<trkpt lat="46.5196286728" lon="7.0470423315">
				<ele>865.7</ele>
				<extensions>
					<swisstopo:routepoint_id>2009470566</swisstopo:routepoint_id>
				</extensions>
			</trkpt>
			<trkpt lat="46.5196413514" lon="7.0469256044">
				<ele>866.6</ele>
				<extensions>
					<swisstopo:routepoint_id>2084355490</swisstopo:routepoint_id>
				</extensions>
			</trkpt>
			<trkpt lat="46.5196610156" lon="7.0467928045">
				<ele>867.6</ele>
				<extensions>
					<swisstopo:routepoint_id>1915060497</swisstopo:routepoint_id>
				</extensions>
			</trkpt>
			<trkpt lat="46.5196937138" lon="7.0466409561">
				<ele>868.6</ele>
				<extensions>
					<swisstopo:routepoint_id>305108498</swisstopo:routepoint_id>
				</extensions>
			</trkpt>
			<trkpt lat="46.5197452041" lon="7.0464000376">
				<ele>869.7</ele>
				<extensions>
					<swisstopo:routepoint_id>442496637</swisstopo:routepoint_id>
				</extensions>
			</trkpt>
			<trkpt lat="46.5197788519" lon="7.0462350532">
				<ele>870.3</ele>
				<extensions>
					<swisstopo:routepoint_id>701884344</swisstopo:routepoint_id>
				</extensions>
			</trkpt>
			<trkpt lat="46.5197934237" lon="7.0460804132">
				<ele>870.8</ele>
				<extensions>
					<swisstopo:routepoint_id>1607300451</swisstopo:routepoint_id>
				</extensions>
			</trkpt>
			<trkpt lat="46.5198078864" lon="7.0458815121">
				<ele>871.3</ele>
				<extensions>
					<swisstopo:routepoint_id>875597385</swisstopo:routepoint_id>
				</extensions>
			</trkpt>
			<trkpt lat="46.5198220317" lon="7.0457790144">
				<ele>871.5</ele>
				<extensions>
					<swisstopo:routepoint_id>2115592452</swisstopo:routepoint_id>
				</extensions>
			</trkpt>
			<trkpt lat="46.5198519612" lon="7.0456784256">
				<ele>871.6</ele>
				<extensions>
					<swisstopo:routepoint_id>1838909547</swisstopo:routepoint_id>
				</extensions>
			</trkpt>
			<trkpt lat="46.5198841918" lon="7.0456094829">
				<ele>871.8</ele>
				<extensions>
					<swisstopo:routepoint_id>669257498</swisstopo:routepoint_id>
				</extensions>
			</trkpt>
			<trkpt lat="46.5199781477" lon="7.0454790825">
				<ele>872.0</ele>
				<extensions>
					<swisstopo:routepoint_id>1870255691</swisstopo:routepoint_id>
				</extensions>
			</trkpt>
			<trkpt lat="46.5200169685" lon="7.0454169511">
				<ele>872.0</ele>
				<extensions>
					<swisstopo:routepoint_id>326188405</swisstopo:routepoint_id>
				</extensions>
			</trkpt>
			<trkpt lat="46.5200544412" lon="7.0453384507">
				<ele>872.0</ele>
				<extensions>
					<swisstopo:routepoint_id>1435039866</swisstopo:routepoint_id>
				</extensions>
			</trkpt>
			<trkpt lat="46.5200923532" lon="7.0452275967">
				<ele>872.0</ele>
				<extensions>
					<swisstopo:routepoint_id>156479742</swisstopo:routepoint_id>
				</extensions>
			</trkpt>
			<trkpt lat="46.5201548786" lon="7.0450756361">
				<ele>872.0</ele>
				<extensions>
					<swisstopo:routepoint_id>2041185681</swisstopo:routepoint_id>
				</extensions>
			</trkpt>
			<trkpt lat="46.5202447475" lon="7.0448547669">
				<ele>872.0</ele>
				<extensions>
					<swisstopo:routepoint_id>1189306330</swisstopo:routepoint_id>
				</extensions>
			</trkpt>
			<trkpt lat="46.5203000484" lon="7.0447064341">
				<ele>872.0</ele>
				<extensions>
					<swisstopo:routepoint_id>181380889</swisstopo:routepoint_id>
				</extensions>
			</trkpt>
			<trkpt lat="46.5203387438" lon="7.0445651575">
				<ele>872.0</ele>
				<extensions>
					<swisstopo:routepoint_id>1819628488</swisstopo:routepoint_id>
				</extensions>
			</trkpt>
			<trkpt lat="46.5203806326" lon="7.0444176089">
				<ele>872.0</ele>
				<extensions>
					<swisstopo:routepoint_id>2027868454</swisstopo:routepoint_id>
				</extensions>
			</trkpt>
			<trkpt lat="46.5204492293" lon="7.0442301466">
				<ele>872.0</ele>
				<extensions>
					<swisstopo:routepoint_id>307415127</swisstopo:routepoint_id>
				</extensions>
			</trkpt>
			<trkpt lat="46.5205101133" lon="7.0440669329">
				<ele>872.0</ele>
				<extensions>
					<swisstopo:routepoint_id>201516578</swisstopo:routepoint_id>
				</extensions>
			</trkpt>
			<trkpt lat="46.5205626238" lon="7.0439425826">
				<ele>872.0</ele>
				<extensions>
					<swisstopo:routepoint_id>1641641662</swisstopo:routepoint_id>
				</extensions>
			</trkpt>
			<trkpt lat="46.5206228293" lon="7.0438231648">
				<ele>871.9</ele>
				<extensions>
					<swisstopo:routepoint_id>1537208896</swisstopo:routepoint_id>
				</extensions>
			</trkpt>
			<trkpt lat="46.5206447673" lon="7.0437479063">
				<ele>871.9</ele>
				<extensions>
					<swisstopo:routepoint_id>313263499</swisstopo:routepoint_id>
				</extensions>
			</trkpt>
			<trkpt lat="46.5206535504" lon="7.0436917315">
				<ele>871.9</ele>
				<extensions>
					<swisstopo:routepoint_id>2021901261</swisstopo:routepoint_id>
				</extensions>
			</trkpt>
			<trkpt lat="46.5206594165" lon="7.0436114614">
				<ele>871.9</ele>
				<extensions>
					<swisstopo:routepoint_id>104510980</swisstopo:routepoint_id>
				</extensions>
			</trkpt>
			<trkpt lat="46.5206659452" lon="7.0435360479">
				<ele>871.9</ele>
				<extensions>
					<swisstopo:routepoint_id>1933725354</swisstopo:routepoint_id>
				</extensions>
			</trkpt>
			<trkpt lat="46.5206785861" lon="7.0434511977">
				<ele>871.9</ele>
				<extensions>
					<swisstopo:routepoint_id>1453407076</swisstopo:routepoint_id>
				</extensions>
			</trkpt>
			<trkpt lat="46.5206893621" lon="7.0433959755">
				<ele>871.9</ele>
				<extensions>
					<swisstopo:routepoint_id>1708158196</swisstopo:routepoint_id>
				</extensions>
			</trkpt>
			<trkpt lat="46.5207030581" lon="7.0433531402">
				<ele>872.0</ele>
				<extensions>
					<swisstopo:routepoint_id>571247698</swisstopo:routepoint_id>
				</extensions>
			</trkpt>
			<trkpt lat="46.5207224648" lon="7.0433104287">
				<ele>872.0</ele>
				<extensions>
					<swisstopo:routepoint_id>1951641368</swisstopo:routepoint_id>
				</extensions>
			</trkpt>
			<trkpt lat="46.5207567522" lon="7.0432624416">
				<ele>872.2</ele>
				<extensions>
					<swisstopo:routepoint_id>241862956</swisstopo:routepoint_id>
				</extensions>
			</trkpt>
			<trkpt lat="46.5208162876" lon="7.0431829249">
				<ele>872.4</ele>
				<extensions>
					<swisstopo:routepoint_id>322130549</swisstopo:routepoint_id>
				</extensions>
			</trkpt>
			<trkpt lat="46.5208499164" lon="7.0431261739">
				<ele>872.6</ele>
				<extensions>
					<swisstopo:routepoint_id>609241635</swisstopo:routepoint_id>
				</extensions>
			</trkpt>
			<trkpt lat="46.5208779137" lon="7.0430705839">
				<ele>872.9</ele>
				<extensions>
					<swisstopo:routepoint_id>1308305724</swisstopo:routepoint_id>
				</extensions>
			</trkpt>
			<trkpt lat="46.5208983491" lon="7.0430079731">
				<ele>873.2</ele>
				<extensions>
					<swisstopo:routepoint_id>591539841</swisstopo:routepoint_id>
				</extensions>
			</trkpt>
			<trkpt lat="46.5209168000" lon="7.0429178622">
				<ele>873.6</ele>
				<extensions>
					<swisstopo:routepoint_id>1138110810</swisstopo:routepoint_id>
				</extensions>
			</trkpt>
			<trkpt lat="46.5209333054" lon="7.0428190095">
				<ele>874.2</ele>
				<extensions>
					<swisstopo:routepoint_id>1491436142</swisstopo:routepoint_id>
				</extensions>
			</trkpt>
			<trkpt lat="46.5209591937" lon="7.0426787653">
				<ele>874.9</ele>
				<extensions>
					<swisstopo:routepoint_id>1244216083</swisstopo:routepoint_id>
				</extensions>
			</trkpt>
			<trkpt lat="46.5209761396" lon="7.0425664829">
				<ele>875.4</ele>
				<extensions>
					<swisstopo:routepoint_id>1604905029</swisstopo:routepoint_id>
				</extensions>
			</trkpt>
			<trkpt lat="46.5209870906" lon="7.0424670852">
				<ele>875.8</ele>
				<extensions>
					<swisstopo:routepoint_id>1390906432</swisstopo:routepoint_id>
				</extensions>
			</trkpt>
			<trkpt lat="46.5209831606" lon="7.0423338166">
				<ele>876.4</ele>
				<extensions>
					<swisstopo:routepoint_id>1907097301</swisstopo:routepoint_id>
				</extensions>
			</trkpt>
			<trkpt lat="46.5209911531" lon="7.0422728237">
				<ele>876.6</ele>
				<extensions>
					<swisstopo:routepoint_id>1536202505</swisstopo:routepoint_id>
				</extensions>
			</trkpt>
			<trkpt lat="46.5210088909" lon="7.0421849701">
				<ele>877.1</ele>
				<extensions>
					<swisstopo:routepoint_id>336645929</swisstopo:routepoint_id>
				</extensions>
			</trkpt>
			<trkpt lat="46.5210583339" lon="7.0420695733">
				<ele>877.8</ele>
				<extensions>
					<swisstopo:routepoint_id>1730196508</swisstopo:routepoint_id>
				</extensions>
			</trkpt>
			<trkpt lat="46.5210839162" lon="7.0420193835">
				<ele>878.2</ele>
				<extensions>
					<swisstopo:routepoint_id>1850002882</swisstopo:routepoint_id>
				</extensions>
			</trkpt>
			<trkpt lat="46.5211129665" lon="7.0419787259">
				<ele>878.6</ele>
				<extensions>
					<swisstopo:routepoint_id>2135966362</swisstopo:routepoint_id>
				</extensions>
			</trkpt>
			<trkpt lat="46.5211534305" lon="7.0419361521">
				<ele>879.1</ele>
				<extensions>
					<swisstopo:routepoint_id>1722126083</swisstopo:routepoint_id>
				</extensions>
			</trkpt>
			<trkpt lat="46.5212002413" lon="7.0418935190">
				<ele>879.7</ele>
				<extensions>
					<swisstopo:routepoint_id>1614644225</swisstopo:routepoint_id>
				</extensions>
			</trkpt>
			<trkpt lat="46.5212534031" lon="7.0418545173">
				<ele>880.3</ele>
				<extensions>
					<swisstopo:routepoint_id>621968082</swisstopo:routepoint_id>
				</extensions>
			</trkpt>
			<trkpt lat="46.5213557885" lon="7.0417342647">
				<ele>881.5</ele>
				<extensions>
					<swisstopo:routepoint_id>699339559</swisstopo:routepoint_id>
				</extensions>
			</trkpt>
			<trkpt lat="46.5213784938" lon="7.0416954732">
				<ele>881.8</ele>
				<extensions>
					<swisstopo:routepoint_id>944285327</swisstopo:routepoint_id>
				</extensions>
			</trkpt>
			<trkpt lat="46.5214100591" lon="7.0416492861">
				<ele>882.2</ele>
				<extensions>
					<swisstopo:routepoint_id>2072536981</swisstopo:routepoint_id>
				</extensions>
			</trkpt>
			<trkpt lat="46.5214858374" lon="7.0415360366">
				<ele>883.1</ele>
				<extensions>
					<swisstopo:routepoint_id>334122377</swisstopo:routepoint_id>
				</extensions>
			</trkpt>
			<trkpt lat="46.5215350101" lon="7.0414516041">
				<ele>883.6</ele>
				<extensions>
					<swisstopo:routepoint_id>1595523438</swisstopo:routepoint_id>
				</extensions>
			</trkpt>
			<trkpt lat="46.5215606683" lon="7.0413930389">
				<ele>883.9</ele>
				<extensions>
					<swisstopo:routepoint_id>704252865</swisstopo:routepoint_id>
				</extensions>
			</trkpt>
			<trkpt lat="46.5215803178" lon="7.0413446227">
				<ele>884.1</ele>
				<extensions>
					<swisstopo:routepoint_id>1899645602</swisstopo:routepoint_id>
				</extensions>
			</trkpt>
			<trkpt lat="46.5216240986" lon="7.0412004650">
				<ele>885.0</ele>
				<extensions>
					<swisstopo:routepoint_id>1980213823</swisstopo:routepoint_id>
				</extensions>
			</trkpt>
			<trkpt lat="46.5216378996" lon="7.0411614966">
				<ele>885.2</ele>
				<extensions>
					<swisstopo:routepoint_id>1966035795</swisstopo:routepoint_id>
				</extensions>
			</trkpt>
			<trkpt lat="46.5217377241" lon="7.0408882097">
				<ele>887.2</ele>
				<extensions>
					<swisstopo:routepoint_id>1847589224</swisstopo:routepoint_id>
				</extensions>
			</trkpt>
			<trkpt lat="46.5218143793" lon="7.0406893777">
				<ele>888.9</ele>
				<extensions>
					<swisstopo:routepoint_id>1125536000</swisstopo:routepoint_id>
				</extensions>
			</trkpt>
			<trkpt lat="46.5218543888" lon="7.0405597805">
				<ele>890.1</ele>
				<extensions>
					<swisstopo:routepoint_id>290623154</swisstopo:routepoint_id>
				</extensions>
			</trkpt>
			<trkpt lat="46.5218827107" lon="7.0404906063">
				<ele>890.9</ele>
				<extensions>
					<swisstopo:routepoint_id>649871628</swisstopo:routepoint_id>
				</extensions>
			</trkpt>
			<trkpt lat="46.5219099146" lon="7.0404421339">
				<ele>891.4</ele>
				<extensions>
					<swisstopo:routepoint_id>1763819488</swisstopo:routepoint_id>
				</extensions>
			</trkpt>
			<trkpt lat="46.5219644949" lon="7.0403969092">
				<ele>891.9</ele>
				<extensions>
					<swisstopo:routepoint_id>553234993</swisstopo:routepoint_id>
				</extensions>
			</trkpt>
			<trkpt lat="46.5220500915" lon="7.0403721373">
				<ele>892.3</ele>
				<extensions>
					<swisstopo:routepoint_id>979925348</swisstopo:routepoint_id>
				</extensions>
			</trkpt>
			<trkpt lat="46.5221571622" lon="7.0403610160">
				<ele>893.0</ele>
				<extensions>
					<swisstopo:routepoint_id>251004808</swisstopo:routepoint_id>
				</extensions>
			</trkpt>
			<trkpt lat="46.5222666799" lon="7.0403688269">
				<ele>894.0</ele>
				<extensions>
					<swisstopo:routepoint_id>840123519</swisstopo:routepoint_id>
				</extensions>
			</trkpt>
			<trkpt lat="46.5224117313" lon="7.0403788073">
				<ele>895.4</ele>
				<extensions>
					<swisstopo:routepoint_id>1180162973</swisstopo:routepoint_id>
				</extensions>
			</trkpt>
			<trkpt lat="46.5225080867" lon="7.0403733391">
				<ele>896.3</ele>
				<extensions>
					<swisstopo:routepoint_id>675862508</swisstopo:routepoint_id>
				</extensions>
			</trkpt>
			<trkpt lat="46.5225961139" lon="7.0403640631">
				<ele>897.1</ele>
				<extensions>
					<swisstopo:routepoint_id>956294608</swisstopo:routepoint_id>
				</extensions>
			</trkpt>
			<trkpt lat="46.5227114504" lon="7.0403339051">
				<ele>898.2</ele>
				<extensions>
					<swisstopo:routepoint_id>1885094457</swisstopo:routepoint_id>
				</extensions>
			</trkpt>
			<trkpt lat="46.5227803567" lon="7.0403006521">
				<ele>898.9</ele>
				<extensions>
					<swisstopo:routepoint_id>897974218</swisstopo:routepoint_id>
				</extensions>
			</trkpt>
			<trkpt lat="46.5228587208" lon="7.0402500717">
				<ele>899.8</ele>
				<extensions>
					<swisstopo:routepoint_id>703828042</swisstopo:routepoint_id>
				</extensions>
			</trkpt>
			<trkpt lat="46.5228954730" lon="7.0402101443">
				<ele>900.3</ele>
				<extensions>
					<swisstopo:routepoint_id>252138339</swisstopo:routepoint_id>
				</extensions>
			</trkpt>
			<trkpt lat="46.5229143748" lon="7.0401703608">
				<ele>900.6</ele>
				<extensions>
					<swisstopo:routepoint_id>1583380109</swisstopo:routepoint_id>
				</extensions>
			</trkpt>
			<trkpt lat="46.5229437010" lon="7.0400494426">
				<ele>901.6</ele>
				<extensions>
					<swisstopo:routepoint_id>1845777632</swisstopo:routepoint_id>
				</extensions>
			</trkpt>
			<trkpt lat="46.5229813309" lon="7.0399215906">
				<ele>902.6</ele>
				<extensions>
					<swisstopo:routepoint_id>1564564500</swisstopo:routepoint_id>
				</extensions>
			</trkpt>
			<trkpt lat="46.5230309633" lon="7.0398195112">
				<ele>903.6</ele>
				<extensions>
					<swisstopo:routepoint_id>613404300</swisstopo:routepoint_id>
				</extensions>
			</trkpt>
			<trkpt lat="46.5231269009" lon="7.0396912167">
				<ele>904.6</ele>
				<extensions>
					<swisstopo:routepoint_id>783797114</swisstopo:routepoint_id>
				</extensions>
			</trkpt>
			<trkpt lat="46.5232466719" lon="7.0395679261">
				<ele>905.4</ele>
				<extensions>
					<swisstopo:routepoint_id>1141061032</swisstopo:routepoint_id>
				</extensions>
			</trkpt>
			<trkpt lat="46.5234133726" lon="7.0394562143">
				<ele>905.8</ele>
				<extensions>
					<swisstopo:routepoint_id>502855311</swisstopo:routepoint_id>
				</extensions>
			</trkpt>
			<trkpt lat="46.5234774207" lon="7.0394142139">
				<ele>905.9</ele>
				<extensions>
					<swisstopo:routepoint_id>931113000</swisstopo:routepoint_id>
				</extensions>
			</trkpt>
			<trkpt lat="46.5236704104" lon="7.0393076019">
				<ele>906.1</ele>
				<extensions>
					<swisstopo:routepoint_id>1296186424</swisstopo:routepoint_id>
				</extensions>
			</trkpt>
			<trkpt lat="46.5237507877" lon="7.0392700752">
				<ele>906.0</ele>
				<extensions>
					<swisstopo:routepoint_id>1788773711</swisstopo:routepoint_id>
				</extensions>
			</trkpt>
			<trkpt lat="46.5238365684" lon="7.0392402848">
				<ele>906.2</ele>
				<extensions>
					<swisstopo:routepoint_id>1092567023</swisstopo:routepoint_id>
				</extensions>
			</trkpt>
			<trkpt lat="46.5238981485" lon="7.0392009620">
				<ele>906.4</ele>
				<extensions>
					<swisstopo:routepoint_id>328953143</swisstopo:routepoint_id>
				</extensions>
			</trkpt>
			<trkpt lat="46.5239256574" lon="7.0391606812">
				<ele>906.6</ele>
				<extensions>
					<swisstopo:routepoint_id>685011530</swisstopo:routepoint_id>
				</extensions>
			</trkpt>
			<trkpt lat="46.5240189563" lon="7.0390054084">
				<ele>906.9</ele>
				<extensions>
					<swisstopo:routepoint_id>1345236678</swisstopo:routepoint_id>
				</extensions>
			</trkpt>
			<trkpt lat="46.5240893008" lon="7.0388840572">
				<ele>907.4</ele>
				<extensions>
					<swisstopo:routepoint_id>1915655386</swisstopo:routepoint_id>
				</extensions>
			</trkpt>
			<trkpt lat="46.5241850676" lon="7.0387536852">
				<ele>908.6</ele>
				<extensions>
					<swisstopo:routepoint_id>619813848</swisstopo:routepoint_id>
				</extensions>
			</trkpt>
			<trkpt lat="46.5242438431" lon="7.0386813168">
				<ele>909.3</ele>
				<extensions>
					<swisstopo:routepoint_id>997817553</swisstopo:routepoint_id>
				</extensions>
			</trkpt>
			<trkpt lat="46.5243067259" lon="7.0386302998">
				<ele>909.9</ele>
				<extensions>
					<swisstopo:routepoint_id>1582530064</swisstopo:routepoint_id>
				</extensions>
			</trkpt>
			<trkpt lat="46.5243643073" lon="7.0385968218">
				<ele>910.5</ele>
				<extensions>
					<swisstopo:routepoint_id>1675839267</swisstopo:routepoint_id>
				</extensions>
			</trkpt>
			<trkpt lat="46.5244608208" lon="7.0385688980">
				<ele>911.5</ele>
				<extensions>
					<swisstopo:routepoint_id>413701458</swisstopo:routepoint_id>
				</extensions>
			</trkpt>
			<trkpt lat="46.5245533632" lon="7.0385546218">
				<ele>912.5</ele>
				<extensions>
					<swisstopo:routepoint_id>1695574564</swisstopo:routepoint_id>
				</extensions>
			</trkpt>
			<trkpt lat="46.5246351917" lon="7.0385501228">
				<ele>913.4</ele>
				<extensions>
					<swisstopo:routepoint_id>1889354958</swisstopo:routepoint_id>
				</extensions>
			</trkpt>
			<trkpt lat="46.5246968624" lon="7.0385341145">
				<ele>914.2</ele>
				<extensions>
					<swisstopo:routepoint_id>1586671851</swisstopo:routepoint_id>
				</extensions>
			</trkpt>
			<trkpt lat="46.5247395756" lon="7.0385194425">
				<ele>914.7</ele>
				<extensions>
					<swisstopo:routepoint_id>2132117499</swisstopo:routepoint_id>
				</extensions>
			</trkpt>
			<trkpt lat="46.5247983765" lon="7.0384792987">
				<ele>915.6</ele>
				<extensions>
					<swisstopo:routepoint_id>1013368087</swisstopo:routepoint_id>
				</extensions>
			</trkpt>
			<trkpt lat="46.5249401674" lon="7.0383727791">
				<ele>917.9</ele>
				<extensions>
					<swisstopo:routepoint_id>889489322</swisstopo:routepoint_id>
				</extensions>
			</trkpt>
			<trkpt lat="46.5251040245" lon="7.0382696595">
				<ele>920.7</ele>
				<extensions>
					<swisstopo:routepoint_id>416721227</swisstopo:routepoint_id>
				</extensions>
			</trkpt>
			<trkpt lat="46.5251984825" lon="7.0382218187">
				<ele>922.2</ele>
				<extensions>
					<swisstopo:routepoint_id>934813297</swisstopo:routepoint_id>
				</extensions>
			</trkpt>
			<trkpt lat="46.5253043433" lon="7.0381228816">
				<ele>924.3</ele>
				<extensions>
					<swisstopo:routepoint_id>1758725515</swisstopo:routepoint_id>
				</extensions>
			</trkpt>
			<trkpt lat="46.5253276135" lon="7.0380764704">
				<ele>925.0</ele>
				<extensions>
					<swisstopo:routepoint_id>1010662634</swisstopo:routepoint_id>
				</extensions>
			</trkpt>
			<trkpt lat="46.5253391293" lon="7.0380100621">
				<ele>925.7</ele>
				<extensions>
					<swisstopo:routepoint_id>260972944</swisstopo:routepoint_id>
				</extensions>
			</trkpt>
			<trkpt lat="46.5253487835" lon="7.0378753208">
				<ele>927.2</ele>
				<extensions>
					<swisstopo:routepoint_id>772659879</swisstopo:routepoint_id>
				</extensions>
			</trkpt>
			<trkpt lat="46.5253481061" lon="7.0377155572">
				<ele>928.6</ele>
				<extensions>
					<swisstopo:routepoint_id>790961887</swisstopo:routepoint_id>
				</extensions>
			</trkpt>
			<trkpt lat="46.5253560846" lon="7.0376650080">
				<ele>929.1</ele>
				<extensions>
					<swisstopo:routepoint_id>290475474</swisstopo:routepoint_id>
				</extensions>
			</trkpt>
			<trkpt lat="46.5253750898" lon="7.0376161591">
				<ele>929.5</ele>
				<extensions>
					<swisstopo:routepoint_id>2064959463</swisstopo:routepoint_id>
				</extensions>
			</trkpt>
			<trkpt lat="46.5254238734" lon="7.0375778698">
				<ele>930.1</ele>
				<extensions>
					<swisstopo:routepoint_id>1979457020</swisstopo:routepoint_id>
				</extensions>
			</trkpt>
			<trkpt lat="46.5254662927" lon="7.0375583753">
				<ele>930.6</ele>
				<extensions>
					<swisstopo:routepoint_id>66943143</swisstopo:routepoint_id>
				</extensions>
			</trkpt>
			<trkpt lat="46.5255441115" lon="7.0375577991">
				<ele>931.5</ele>
				<extensions>
					<swisstopo:routepoint_id>89317428</swisstopo:routepoint_id>
				</extensions>
			</trkpt>
			<trkpt lat="46.5256340685" lon="7.0375726862">
				<ele>932.4</ele>
				<extensions>
					<swisstopo:routepoint_id>361731155</swisstopo:routepoint_id>
				</extensions>
			</trkpt>
			<trkpt lat="46.5257186400" lon="7.0375837185">
				<ele>933.3</ele>
				<extensions>
					<swisstopo:routepoint_id>1316340707</swisstopo:routepoint_id>
				</extensions>
			</trkpt>
			<trkpt lat="46.5257951417" lon="7.0375870340">
				<ele>934.1</ele>
				<extensions>
					<swisstopo:routepoint_id>278751602</swisstopo:routepoint_id>
				</extensions>
			</trkpt>
			<trkpt lat="46.5259118472" lon="7.0375803534">
				<ele>935.4</ele>
				<extensions>
					<swisstopo:routepoint_id>1811712345</swisstopo:routepoint_id>
				</extensions>
			</trkpt>
			<trkpt lat="46.5259896387" lon="7.0375720009">
				<ele>936.3</ele>
				<extensions>
					<swisstopo:routepoint_id>1699235393</swisstopo:routepoint_id>
				</extensions>
			</trkpt>
			<trkpt lat="46.5260342747" lon="7.0375458586">
				<ele>936.9</ele>
				<extensions>
					<swisstopo:routepoint_id>1705489586</swisstopo:routepoint_id>
				</extensions>
			</trkpt>
			<trkpt lat="46.5260624345" lon="7.0375159310">
				<ele>937.3</ele>
				<extensions>
					<swisstopo:routepoint_id>1256367270</swisstopo:routepoint_id>
				</extensions>
			</trkpt>
			<trkpt lat="46.5261215585" lon="7.0374230391">
				<ele>938.2</ele>
				<extensions>
					<swisstopo:routepoint_id>300980565</swisstopo:routepoint_id>
				</extensions>
			</trkpt>
			<trkpt lat="46.5261766605" lon="7.0373293495">
				<ele>938.9</ele>
				<extensions>
					<swisstopo:routepoint_id>644377998</swisstopo:routepoint_id>
				</extensions>
			</trkpt>
			<trkpt lat="46.5262364361" lon="7.0372506183">
				<ele>939.4</ele>
				<extensions>
					<swisstopo:routepoint_id>1282880954</swisstopo:routepoint_id>
				</extensions>
			</trkpt>
			<trkpt lat="46.5262707021" lon="7.0372098440">
				<ele>939.7</ele>
				<extensions>
					<swisstopo:routepoint_id>308904079</swisstopo:routepoint_id>
				</extensions>
			</trkpt>
			<trkpt lat="46.5263107829" lon="7.0371623859">
				<ele>940.0</ele>
				<extensions>
					<swisstopo:routepoint_id>319195755</swisstopo:routepoint_id>
				</extensions>
			</trkpt>
			<trkpt lat="46.5264533210" lon="7.0369979047">
				<ele>940.7</ele>
				<extensions>
					<swisstopo:routepoint_id>1736456355</swisstopo:routepoint_id>
				</extensions>
			</trkpt>
			<trkpt lat="46.5264698024" lon="7.0369770234">
				<ele>940.7</ele>
				<extensions>
					<swisstopo:routepoint_id>1832242784</swisstopo:routepoint_id>
				</extensions>
			</trkpt>
			<trkpt lat="46.5265057531" lon="7.0368970554">
				<ele>941.5</ele>
				<extensions>
					<swisstopo:routepoint_id>1295984494</swisstopo:routepoint_id>
				</extensions>
			</trkpt>
			<trkpt lat="46.5265536203" lon="7.0367722733">
				<ele>943.1</ele>
				<extensions>
					<swisstopo:routepoint_id>1245098866</swisstopo:routepoint_id>
				</extensions>
			</trkpt>
			<trkpt lat="46.5266241574" lon="7.0366103993">
				<ele>945.3</ele>
				<extensions>
					<swisstopo:routepoint_id>1305404774</swisstopo:routepoint_id>
				</extensions>
			</trkpt>
			<trkpt lat="46.5266774373" lon="7.0364972480">
				<ele>947.1</ele>
				<extensions>
					<swisstopo:routepoint_id>1214433866</swisstopo:routepoint_id>
				</extensions>
			</trkpt>
			<trkpt lat="46.5267093407" lon="7.0364602913">
				<ele>947.8</ele>
				<extensions>
					<swisstopo:routepoint_id>269929190</swisstopo:routepoint_id>
				</extensions>
			</trkpt>
			<trkpt lat="46.5267447965" lon="7.0364292521">
				<ele>948.4</ele>
				<extensions>
					<swisstopo:routepoint_id>1591303104</swisstopo:routepoint_id>
				</extensions>
			</trkpt>
			<trkpt lat="46.5268213089" lon="7.0363946114">
				<ele>949.7</ele>
				<extensions>
					<swisstopo:routepoint_id>1080672369</swisstopo:routepoint_id>
				</extensions>
			</trkpt>
			<trkpt lat="46.5269511885" lon="7.0363634309">
				<ele>951.8</ele>
				<extensions>
					<swisstopo:routepoint_id>681606381</swisstopo:routepoint_id>
				</extensions>
			</trkpt>
			<trkpt lat="46.5270262988" lon="7.0363347317">
				<ele>952.2</ele>
				<extensions>
					<swisstopo:routepoint_id>272708497</swisstopo:routepoint_id>
				</extensions>
			</trkpt>
			<trkpt lat="46.5270796705" lon="7.0363034573">
				<ele>953.0</ele>
				<extensions>
					<swisstopo:routepoint_id>818658918</swisstopo:routepoint_id>
				</extensions>
			</trkpt>
			<trkpt lat="46.5271389067" lon="7.0362500054">
				<ele>953.8</ele>
				<extensions>
					<swisstopo:routepoint_id>1948078440</swisstopo:routepoint_id>
				</extensions>
			</trkpt>
			<trkpt lat="46.5272207366" lon="7.0361453846">
				<ele>956.0</ele>
				<extensions>
					<swisstopo:routepoint_id>796142750</swisstopo:routepoint_id>
				</extensions>
			</trkpt>
			<trkpt lat="46.5272856587" lon="7.0360180805">
				<ele>957.1</ele>
				<extensions>
					<swisstopo:routepoint_id>808979301</swisstopo:routepoint_id>
				</extensions>
			</trkpt>
			<trkpt lat="46.5273315770" lon="7.0358641887">
				<ele>959.9</ele>
				<extensions>
					<swisstopo:routepoint_id>731166205</swisstopo:routepoint_id>
				</extensions>
			</trkpt>
			<trkpt lat="46.5273747050" lon="7.0357249164">
				<ele>961.7</ele>
				<extensions>
					<swisstopo:routepoint_id>1438258291</swisstopo:routepoint_id>
				</extensions>
			</trkpt>
			<trkpt lat="46.5274268071" lon="7.0355449111">
				<ele>963.8</ele>
				<extensions>
					<swisstopo:routepoint_id>1852285429</swisstopo:routepoint_id>
				</extensions>
			</trkpt>
			<trkpt lat="46.5274732022" lon="7.0353832126">
				<ele>965.8</ele>
				<extensions>
					<swisstopo:routepoint_id>246840198</swisstopo:routepoint_id>
				</extensions>
			</trkpt>
			<trkpt lat="46.5274982777" lon="7.0353160637">
				<ele>966.7</ele>
				<extensions>
					<swisstopo:routepoint_id>1474517054</swisstopo:routepoint_id>
				</extensions>
			</trkpt>
			<trkpt lat="46.5275239064" lon="7.0352736158">
				<ele>967.4</ele>
				<extensions>
					<swisstopo:routepoint_id>1758118761</swisstopo:routepoint_id>
				</extensions>
			</trkpt>
			<trkpt lat="46.5275452543" lon="7.0352527610">
				<ele>967.8</ele>
				<extensions>
					<swisstopo:routepoint_id>1736158650</swisstopo:routepoint_id>
				</extensions>
			</trkpt>
			<trkpt lat="46.5275723153" lon="7.0352339384">
				<ele>968.3</ele>
				<extensions>
					<swisstopo:routepoint_id>47251599</swisstopo:routepoint_id>
				</extensions>
			</trkpt>
			<trkpt lat="46.5276330833" lon="7.0352335367">
				<ele>969.2</ele>
				<extensions>
					<swisstopo:routepoint_id>1021932615</swisstopo:routepoint_id>
				</extensions>
			</trkpt>
			<trkpt lat="46.5276799045" lon="7.0352465271">
				<ele>970.0</ele>
				<extensions>
					<swisstopo:routepoint_id>812570384</swisstopo:routepoint_id>
				</extensions>
			</trkpt>
			<trkpt lat="46.5277666957" lon="7.0352839377">
				<ele>971.5</ele>
				<extensions>
					<swisstopo:routepoint_id>1512116026</swisstopo:routepoint_id>
				</extensions>
			</trkpt>
			<trkpt lat="46.5278319484" lon="7.0353008893">
				<ele>972.5</ele>
				<extensions>
					<swisstopo:routepoint_id>1484686417</swisstopo:routepoint_id>
				</extensions>
			</trkpt>
			<trkpt lat="46.5279416219" lon="7.0353029619">
				<ele>974.0</ele>
				<extensions>
					<swisstopo:routepoint_id>479876586</swisstopo:routepoint_id>
				</extensions>
			</trkpt>
			<trkpt lat="46.5280032395" lon="7.0352894822">
				<ele>974.9</ele>
				<extensions>
					<swisstopo:routepoint_id>1016080790</swisstopo:routepoint_id>
				</extensions>
			</trkpt>
			<trkpt lat="46.5281025937" lon="7.0352614404">
				<ele>976.3</ele>
				<extensions>
					<swisstopo:routepoint_id>186481509</swisstopo:routepoint_id>
				</extensions>
			</trkpt>
			<trkpt lat="46.5281598892" lon="7.0352330754">
				<ele>976.8</ele>
				<extensions>
					<swisstopo:routepoint_id>1604969868</swisstopo:routepoint_id>
				</extensions>
			</trkpt>
			<trkpt lat="46.5282275766" lon="7.0351909628">
				<ele>977.8</ele>
				<extensions>
					<swisstopo:routepoint_id>1409944638</swisstopo:routepoint_id>
				</extensions>
			</trkpt>
			<trkpt lat="46.5282996501" lon="7.0351259830">
				<ele>979.4</ele>
				<extensions>
					<swisstopo:routepoint_id>2035254922</swisstopo:routepoint_id>
				</extensions>
			</trkpt>
			<trkpt lat="46.5283780412" lon="7.0350267551">
				<ele>981.3</ele>
				<extensions>
					<swisstopo:routepoint_id>2085762529</swisstopo:routepoint_id>
				</extensions>
			</trkpt>
			<trkpt lat="46.5284307806" lon="7.0349473579">
				<ele>982.9</ele>
				<extensions>
					<swisstopo:routepoint_id>1973580692</swisstopo:routepoint_id>
				</extensions>
			</trkpt>
			<trkpt lat="46.5284953338" lon="7.0348390174">
				<ele>984.6</ele>
				<extensions>
					<swisstopo:routepoint_id>13661382</swisstopo:routepoint_id>
				</extensions>
			</trkpt>
			<trkpt lat="46.5285537078" lon="7.0347297300">
				<ele>986.3</ele>
				<extensions>
					<swisstopo:routepoint_id>533964885</swisstopo:routepoint_id>
				</extensions>
			</trkpt>
			<trkpt lat="46.5286069657" lon="7.0346146255">
				<ele>988.1</ele>
				<extensions>
					<swisstopo:routepoint_id>1024261491</swisstopo:routepoint_id>
				</extensions>
			</trkpt>
			<trkpt lat="46.5286375217" lon="7.0345249812">
				<ele>989.3</ele>
				<extensions>
					<swisstopo:routepoint_id>407785124</swisstopo:routepoint_id>
				</extensions>
			</trkpt>
			<trkpt lat="46.5286639656" lon="7.0344178534">
				<ele>990.7</ele>
				<extensions>
					<swisstopo:routepoint_id>1727389731</swisstopo:routepoint_id>
				</extensions>
			</trkpt>
			<trkpt lat="46.5286956795" lon="7.0342795909">
				<ele>992.4</ele>
				<extensions>
					<swisstopo:routepoint_id>1326004950</swisstopo:routepoint_id>
				</extensions>
			</trkpt>
			<trkpt lat="46.5287221407" lon="7.0341724627">
				<ele>993.6</ele>
				<extensions>
					<swisstopo:routepoint_id>62176656</swisstopo:routepoint_id>
				</extensions>
			</trkpt>
			<trkpt lat="46.5287579285" lon="7.0340497171">
				<ele>995.1</ele>
				<extensions>
					<swisstopo:routepoint_id>1184716520</swisstopo:routepoint_id>
				</extensions>
			</trkpt>
			<trkpt lat="46.5287937156" lon="7.0339230828">
				<ele>996.6</ele>
				<extensions>
					<swisstopo:routepoint_id>1049982617</swisstopo:routepoint_id>
				</extensions>
			</trkpt>
			<trkpt lat="46.5288082090" lon="7.0338510403">
				<ele>997.5</ele>
				<extensions>
					<swisstopo:routepoint_id>1894683019</swisstopo:routepoint_id>
				</extensions>
			</trkpt>
			<trkpt lat="46.5288213325" lon="7.0337692899">
				<ele>998.6</ele>
				<extensions>
					<swisstopo:routepoint_id>794606295</swisstopo:routepoint_id>
				</extensions>
			</trkpt>
			<trkpt lat="46.5288357698" lon="7.0336778115">
				<ele>999.8</ele>
				<extensions>
					<swisstopo:routepoint_id>156569410</swisstopo:routepoint_id>
				</extensions>
			</trkpt>
			<trkpt lat="46.5288675268" lon="7.0335531544">
				<ele>1001.4</ele>
				<extensions>
					<swisstopo:routepoint_id>828618315</swisstopo:routepoint_id>
				</extensions>
			</trkpt>
			<trkpt lat="46.5288900616" lon="7.0334771567">
				<ele>1002.6</ele>
				<extensions>
					<swisstopo:routepoint_id>977641816</swisstopo:routepoint_id>
				</extensions>
			</trkpt>
			<trkpt lat="46.5289140280" lon="7.0334244856">
				<ele>1003.5</ele>
				<extensions>
					<swisstopo:routepoint_id>705238287</swisstopo:routepoint_id>
				</extensions>
			</trkpt>
			<trkpt lat="46.5289474839" lon="7.0333970093">
				<ele>1004.2</ele>
				<extensions>
					<swisstopo:routepoint_id>1459978187</swisstopo:routepoint_id>
				</extensions>
			</trkpt>
			<trkpt lat="46.5289943869" lon="7.0333811107">
				<ele>1005.0</ele>
				<extensions>
					<swisstopo:routepoint_id>1185694100</swisstopo:routepoint_id>
				</extensions>
			</trkpt>
			<trkpt lat="46.5291162603" lon="7.0333689764">
				<ele>1006.8</ele>
				<extensions>
					<swisstopo:routepoint_id>1820710429</swisstopo:routepoint_id>
				</extensions>
			</trkpt>
			<trkpt lat="46.5291504614" lon="7.0333607803">
				<ele>1007.4</ele>
				<extensions>
					<swisstopo:routepoint_id>21701996</swisstopo:routepoint_id>
				</extensions>
			</trkpt>
			<trkpt lat="46.5292296010" lon="7.0333524238">
				<ele>1008.5</ele>
				<extensions>
					<swisstopo:routepoint_id>488222569</swisstopo:routepoint_id>
				</extensions>
			</trkpt>
			<trkpt lat="46.5293274899" lon="7.0333361245">
				<ele>1009.9</ele>
				<extensions>
					<swisstopo:routepoint_id>86531484</swisstopo:routepoint_id>
				</extensions>
			</trkpt>
			<trkpt lat="46.5293662337" lon="7.0333257091">
				<ele>1010.5</ele>
				<extensions>
					<swisstopo:routepoint_id>2083474438</swisstopo:routepoint_id>
				</extensions>
			</trkpt>
			<trkpt lat="46.5294682394" lon="7.0332887396">
				<ele>1012.2</ele>
				<extensions>
					<swisstopo:routepoint_id>1509508407</swisstopo:routepoint_id>
				</extensions>
			</trkpt>
			<trkpt lat="46.5295680664" lon="7.0332517798">
				<ele>1013.8</ele>
				<extensions>
					<swisstopo:routepoint_id>1401505929</swisstopo:routepoint_id>
				</extensions>
			</trkpt>
			<trkpt lat="46.5296679559" lon="7.0332286300">
				<ele>1015.5</ele>
				<extensions>
					<swisstopo:routepoint_id>910850535</swisstopo:routepoint_id>
				</extensions>
			</trkpt>
			<trkpt lat="46.5297142931" lon="7.0332093049">
				<ele>1016.3</ele>
				<extensions>
					<swisstopo:routepoint_id>2000854244</swisstopo:routepoint_id>
				</extensions>
			</trkpt>
			<trkpt lat="46.5297451633" lon="7.0331883899">
				<ele>1016.8</ele>
				<extensions>
					<swisstopo:routepoint_id>8552078</swisstopo:routepoint_id>
				</extensions>
			</trkpt>
			<trkpt lat="46.5297640952" lon="7.0331589343">
				<ele>1017.2</ele>
				<extensions>
					<swisstopo:routepoint_id>2105957876</swisstopo:routepoint_id>
				</extensions>
			</trkpt>
			<trkpt lat="46.5297769410" lon="7.0330881437">
				<ele>1017.7</ele>
				<extensions>
					<swisstopo:routepoint_id>1494560284</swisstopo:routepoint_id>
				</extensions>
			</trkpt>
			<trkpt lat="46.5297766827" lon="7.0330157264">
				<ele>1018.1</ele>
				<extensions>
					<swisstopo:routepoint_id>1713782664</swisstopo:routepoint_id>
				</extensions>
			</trkpt>
			<trkpt lat="46.5297657792" lon="7.0329623544">
				<ele>1018.5</ele>
				<extensions>
					<swisstopo:routepoint_id>1908010924</swisstopo:routepoint_id>
				</extensions>
			</trkpt>
			<trkpt lat="46.5297442348" lon="7.0329280277">
				<ele>1018.7</ele>
				<extensions>
					<swisstopo:routepoint_id>465974498</swisstopo:routepoint_id>
				</extensions>
			</trkpt>
			<trkpt lat="46.5297042723" lon="7.0328861637">
				<ele>1019.1</ele>
				<extensions>
					<swisstopo:routepoint_id>594428506</swisstopo:routepoint_id>
				</extensions>
			</trkpt>
			<trkpt lat="46.5296513745" lon="7.0328370269">
				<ele>1019.7</ele>
				<extensions>
					<swisstopo:routepoint_id>889081076</swisstopo:routepoint_id>
				</extensions>
			</trkpt>
			<trkpt lat="46.5295922505" lon="7.0327811397">
				<ele>1020.5</ele>
				<extensions>
					<swisstopo:routepoint_id>1421018309</swisstopo:routepoint_id>
				</extensions>
			</trkpt>
			<trkpt lat="46.5295658391" lon="7.0327357186">
				<ele>1020.9</ele>
				<extensions>
					<swisstopo:routepoint_id>1858161969</swisstopo:routepoint_id>
				</extensions>
			</trkpt>
			<trkpt lat="46.5295472262" lon="7.0326526645">
				<ele>1021.3</ele>
				<extensions>
					<swisstopo:routepoint_id>227419026</swisstopo:routepoint_id>
				</extensions>
			</trkpt>
			<trkpt lat="46.5295306716" lon="7.0325937537">
				<ele>1021.9</ele>
				<extensions>
					<swisstopo:routepoint_id>326218431</swisstopo:routepoint_id>
				</extensions>
			</trkpt>
			<trkpt lat="46.5294947487" lon="7.0325146226">
				<ele>1022.9</ele>
				<extensions>
					<swisstopo:routepoint_id>1571501612</swisstopo:routepoint_id>
				</extensions>
			</trkpt>
			<trkpt lat="46.5294745992" lon="7.0324601303">
				<ele>1023.7</ele>
				<extensions>
					<swisstopo:routepoint_id>2036414493</swisstopo:routepoint_id>
				</extensions>
			</trkpt>
			<trkpt lat="46.5294689869" lon="7.0324100602">
				<ele>1024.4</ele>
				<extensions>
					<swisstopo:routepoint_id>1192244829</swisstopo:routepoint_id>
				</extensions>
			</trkpt>
			<trkpt lat="46.5294728400" lon="7.0323599001">
				<ele>1025.0</ele>
				<extensions>
					<swisstopo:routepoint_id>407156253</swisstopo:routepoint_id>
				</extensions>
			</trkpt>
			<trkpt lat="46.5294889638" lon="7.0322834273">
				<ele>1025.6</ele>
				<extensions>
					<swisstopo:routepoint_id>931107306</swisstopo:routepoint_id>
				</extensions>
			</trkpt>
			<trkpt lat="46.5294962326" lon="7.0322377538">
				<ele>1025.9</ele>
				<extensions>
					<swisstopo:routepoint_id>392319028</swisstopo:routepoint_id>
				</extensions>
			</trkpt>
			<trkpt lat="46.5294911380" lon="7.0321937005">
				<ele>1026.6</ele>
				<extensions>
					<swisstopo:routepoint_id>631095023</swisstopo:routepoint_id>
				</extensions>
			</trkpt>
			<trkpt lat="46.5294667015" lon="7.0321122241">
				<ele>1027.6</ele>
				<extensions>
					<swisstopo:routepoint_id>850751307</swisstopo:routepoint_id>
				</extensions>
			</trkpt>
			<trkpt lat="46.5294328497" lon="7.0320288775">
				<ele>1029.0</ele>
				<extensions>
					<swisstopo:routepoint_id>1837173239</swisstopo:routepoint_id>
				</extensions>
			</trkpt>
			<trkpt lat="46.5294124650" lon="7.0319590366">
				<ele>1029.8</ele>
				<extensions>
					<swisstopo:routepoint_id>493058195</swisstopo:routepoint_id>
				</extensions>
			</trkpt>
			<trkpt lat="46.5294108560" lon="7.0318812903">
				<ele>1030.7</ele>
				<extensions>
					<swisstopo:routepoint_id>412353352</swisstopo:routepoint_id>
				</extensions>
			</trkpt>
			<trkpt lat="46.5294294891" lon="7.0318383890">
				<ele>1031.2</ele>
				<extensions>
					<swisstopo:routepoint_id>824928112</swisstopo:routepoint_id>
				</extensions>
			</trkpt>
			<trkpt lat="46.5294629845" lon="7.0318245243">
				<ele>1031.6</ele>
				<extensions>
					<swisstopo:routepoint_id>1854932173</swisstopo:routepoint_id>
				</extensions>
			</trkpt>
			<trkpt lat="46.5295019430" lon="7.0318397860">
				<ele>1032.1</ele>
				<extensions>
					<swisstopo:routepoint_id>1327034724</swisstopo:routepoint_id>
				</extensions>
			</trkpt>
			<trkpt lat="46.5295455009" lon="7.0318871335">
				<ele>1032.8</ele>
				<extensions>
					<swisstopo:routepoint_id>1268227657</swisstopo:routepoint_id>
				</extensions>
			</trkpt>
			<trkpt lat="46.5295648571" lon="7.0318990611">
				<ele>1033.0</ele>
				<extensions>
					<swisstopo:routepoint_id>2005730888</swisstopo:routepoint_id>
				</extensions>
			</trkpt>
			<trkpt lat="46.5295886144" lon="7.0318961970">
				<ele>1033.2</ele>
				<extensions>
					<swisstopo:routepoint_id>1036743057</swisstopo:routepoint_id>
				</extensions>
			</trkpt>
			<trkpt lat="46.5296476421" lon="7.0318759036">
				<ele>1034.6</ele>
				<extensions>
					<swisstopo:routepoint_id>522398399</swisstopo:routepoint_id>
				</extensions>
			</trkpt>
			<trkpt lat="46.5296778055" lon="7.0318637504">
				<ele>1035.1</ele>
				<extensions>
					<swisstopo:routepoint_id>2125409971</swisstopo:routepoint_id>
				</extensions>
			</trkpt>
			<trkpt lat="46.5297381912" lon="7.0318632969">
				<ele>1036.0</ele>
				<extensions>
					<swisstopo:routepoint_id>597721570</swisstopo:routepoint_id>
				</extensions>
			</trkpt>
			<trkpt lat="46.5297784746" lon="7.0318707588">
				<ele>1036.7</ele>
				<extensions>
					<swisstopo:routepoint_id>256092994</swisstopo:routepoint_id>
				</extensions>
			</trkpt>
			<trkpt lat="46.5298684931" lon="7.0319050801">
				<ele>1038.4</ele>
				<extensions>
					<swisstopo:routepoint_id>1708853596</swisstopo:routepoint_id>
				</extensions>
			</trkpt>
			<trkpt lat="46.5299545178" lon="7.0319452611">
				<ele>1039.9</ele>
				<extensions>
					<swisstopo:routepoint_id>948817453</swisstopo:routepoint_id>
				</extensions>
			</trkpt>
			<trkpt lat="46.5300324339" lon="7.0319718899">
				<ele>1041.2</ele>
				<extensions>
					<swisstopo:routepoint_id>1415527617</swisstopo:routepoint_id>
				</extensions>
			</trkpt>
			<trkpt lat="46.5300794062" lon="7.0319754322">
				<ele>1042.0</ele>
				<extensions>
					<swisstopo:routepoint_id>1078745313</swisstopo:routepoint_id>
				</extensions>
			</trkpt>
			<trkpt lat="46.5301236322" lon="7.0319614932">
				<ele>1042.7</ele>
				<extensions>
					<swisstopo:routepoint_id>1698297370</swisstopo:routepoint_id>
				</extensions>
			</trkpt>
			<trkpt lat="46.5301838997" lon="7.0319279844">
				<ele>1043.6</ele>
				<extensions>
					<swisstopo:routepoint_id>162884064</swisstopo:routepoint_id>
				</extensions>
			</trkpt>
			<trkpt lat="46.5302468837" lon="7.0319061145">
				<ele>1044.5</ele>
				<extensions>
					<swisstopo:routepoint_id>866695095</swisstopo:routepoint_id>
				</extensions>
			</trkpt>
			<trkpt lat="46.5303059020" lon="7.0318979005">
				<ele>1045.4</ele>
				<extensions>
					<swisstopo:routepoint_id>1715534131</swisstopo:routepoint_id>
				</extensions>
			</trkpt>
			<trkpt lat="46.5303649513" lon="7.0319032932">
				<ele>1046.3</ele>
				<extensions>
					<swisstopo:routepoint_id>1514852988</swisstopo:routepoint_id>
				</extensions>
			</trkpt>
			<trkpt lat="46.5304254135" lon="7.0319242297">
				<ele>1047.4</ele>
				<extensions>
					<swisstopo:routepoint_id>333067010</swisstopo:routepoint_id>
				</extensions>
			</trkpt>
			<trkpt lat="46.5304684300" lon="7.0319491796">
				<ele>1048.3</ele>
				<extensions>
					<swisstopo:routepoint_id>2045157156</swisstopo:routepoint_id>
				</extensions>
			</trkpt>
			<trkpt lat="46.5304967893" lon="7.0319975587">
				<ele>1049.0</ele>
				<extensions>
					<swisstopo:routepoint_id>287227995</swisstopo:routepoint_id>
				</extensions>
			</trkpt>
			<trkpt lat="46.5305024608" lon="7.0320850135">
				<ele>1049.8</ele>
				<extensions>
					<swisstopo:routepoint_id>547652891</swisstopo:routepoint_id>
				</extensions>
			</trkpt>
			<trkpt lat="46.5304813752" lon="7.0321901647">
				<ele>1050.9</ele>
				<extensions>
					<swisstopo:routepoint_id>1666066932</swisstopo:routepoint_id>
				</extensions>
			</trkpt>
			<trkpt lat="46.5304614908" lon="7.0322602965">
				<ele>1051.4</ele>
				<extensions>
					<swisstopo:routepoint_id>1961800589</swisstopo:routepoint_id>
				</extensions>
			</trkpt>
			<trkpt lat="46.5304631379" lon="7.0323438737">
				<ele>1051.7</ele>
				<extensions>
					<swisstopo:routepoint_id>922255684</swisstopo:routepoint_id>
				</extensions>
			</trkpt>
			<trkpt lat="46.5304848186" lon="7.0324039944">
				<ele>1051.9</ele>
				<extensions>
					<swisstopo:routepoint_id>1943612543</swisstopo:routepoint_id>
				</extensions>
			</trkpt>
			<trkpt lat="46.5305386247" lon="7.0324405297">
				<ele>1052.1</ele>
				<extensions>
					<swisstopo:routepoint_id>1785617903</swisstopo:routepoint_id>
				</extensions>
			</trkpt>
			<trkpt lat="46.5305829107" lon="7.0324421387">
				<ele>1052.3</ele>
				<extensions>
					<swisstopo:routepoint_id>441179221</swisstopo:routepoint_id>
				</extensions>
			</trkpt>
			<trkpt lat="46.5306243880" lon="7.0324087838">
				<ele>1052.6</ele>
				<extensions>
					<swisstopo:routepoint_id>509841193</swisstopo:routepoint_id>
				</extensions>
			</trkpt>
			<trkpt lat="46.5306535944" lon="7.0323230082">
				<ele>1053.2</ele>
				<extensions>
					<swisstopo:routepoint_id>1856702250</swisstopo:routepoint_id>
				</extensions>
			</trkpt>
			<trkpt lat="46.5306518726" lon="7.0322160867">
				<ele>1053.9</ele>
				<extensions>
					<swisstopo:routepoint_id>649837035</swisstopo:routepoint_id>
				</extensions>
			</trkpt>
			<trkpt lat="46.5306394854" lon="7.0321286948">
				<ele>1054.6</ele>
				<extensions>
					<swisstopo:routepoint_id>185054213</swisstopo:routepoint_id>
				</extensions>
			</trkpt>
			<trkpt lat="46.5306432308" lon="7.0320509066">
				<ele>1055.3</ele>
				<extensions>
					<swisstopo:routepoint_id>521325539</swisstopo:routepoint_id>
				</extensions>
			</trkpt>
			<trkpt lat="46.5306616926" lon="7.0319613229">
				<ele>1056.2</ele>
				<extensions>
					<swisstopo:routepoint_id>1128779191</swisstopo:routepoint_id>
				</extensions>
			</trkpt>
			<trkpt lat="46.5306882352" lon="7.0318775400">
				<ele>1057.4</ele>
				<extensions>
					<swisstopo:routepoint_id>118001796</swisstopo:routepoint_id>
				</extensions>
			</trkpt>
			<trkpt lat="46.5306947102" lon="7.0318113780">
				<ele>1058.1</ele>
				<extensions>
					<swisstopo:routepoint_id>41661074</swisstopo:routepoint_id>
				</extensions>
			</trkpt>
			<trkpt lat="46.5306864295" lon="7.0317472872">
				<ele>1058.7</ele>
				<extensions>
					<swisstopo:routepoint_id>1101918286</swisstopo:routepoint_id>
				</extensions>
			</trkpt>
			<trkpt lat="46.5306540302" lon="7.0316930959">
				<ele>1059.5</ele>
				<extensions>
					<swisstopo:routepoint_id>962453070</swisstopo:routepoint_id>
				</extensions>
			</trkpt>
			<trkpt lat="46.5306136677" lon="7.0316622901">
				<ele>1060.1</ele>
				<extensions>
					<swisstopo:routepoint_id>2002901685</swisstopo:routepoint_id>
				</extensions>
			</trkpt>
			<trkpt lat="46.5305853847" lon="7.0316352885">
				<ele>1060.7</ele>
				<extensions>
					<swisstopo:routepoint_id>2105437672</swisstopo:routepoint_id>
				</extensions>
			</trkpt>
			<trkpt lat="46.5305704829" lon="7.0315965141">
				<ele>1061.2</ele>
				<extensions>
					<swisstopo:routepoint_id>1327177402</swisstopo:routepoint_id>
				</extensions>
			</trkpt>
			<trkpt lat="46.5305649225" lon="7.0315401739">
				<ele>1061.8</ele>
				<extensions>
					<swisstopo:routepoint_id>251664335</swisstopo:routepoint_id>
				</extensions>
			</trkpt>
			<trkpt lat="46.5305538928" lon="7.0314566543">
				<ele>1062.9</ele>
				<extensions>
					<swisstopo:routepoint_id>1698631479</swisstopo:routepoint_id>
				</extensions>
			</trkpt>
			<trkpt lat="46.5305307518" lon="7.0313654549">
				<ele>1064.1</ele>
				<extensions>
					<swisstopo:routepoint_id>1619114888</swisstopo:routepoint_id>
				</extensions>
			</trkpt>
			<trkpt lat="46.5304914598" lon="7.0312607637">
				<ele>1065.5</ele>
				<extensions>
					<swisstopo:routepoint_id>2029645348</swisstopo:routepoint_id>
				</extensions>
			</trkpt>
			<trkpt lat="46.5304414024" lon="7.0311464353">
				<ele>1067.0</ele>
				<extensions>
					<swisstopo:routepoint_id>807391642</swisstopo:routepoint_id>
				</extensions>
			</trkpt>
			<trkpt lat="46.5303941280" lon="7.0310573654">
				<ele>1068.1</ele>
				<extensions>
					<swisstopo:routepoint_id>1674259869</swisstopo:routepoint_id>
				</extensions>
			</trkpt>
			<trkpt lat="46.5303496120" lon="7.0309915811">
				<ele>1069.0</ele>
				<extensions>
					<swisstopo:routepoint_id>1552543617</swisstopo:routepoint_id>
				</extensions>
			</trkpt>
			<trkpt lat="46.5303011076" lon="7.0309355707">
				<ele>1069.8</ele>
				<extensions>
					<swisstopo:routepoint_id>545428259</swisstopo:routepoint_id>
				</extensions>
			</trkpt>
			<trkpt lat="46.5302512520" lon="7.0308776168">
				<ele>1070.6</ele>
				<extensions>
					<swisstopo:routepoint_id>2099473388</swisstopo:routepoint_id>
				</extensions>
			</trkpt>
			<trkpt lat="46.5302309224" lon="7.0308233420">
				<ele>1071.2</ele>
				<extensions>
					<swisstopo:routepoint_id>805351426</swisstopo:routepoint_id>
				</extensions>
			</trkpt>
			<trkpt lat="46.5302266664" lon="7.0307572740">
				<ele>1071.7</ele>
				<extensions>
					<swisstopo:routepoint_id>1708630730</swisstopo:routepoint_id>
				</extensions>
			</trkpt>
			<trkpt lat="46.5302466412" lon="7.0307162900">
				<ele>1072.0</ele>
				<extensions>
					<swisstopo:routepoint_id>1345042036</swisstopo:routepoint_id>
				</extensions>
			</trkpt>
			<trkpt lat="46.5302827663" lon="7.0306849154">
				<ele>1072.4</ele>
				<extensions>
					<swisstopo:routepoint_id>1992574822</swisstopo:routepoint_id>
				</extensions>
			</trkpt>
			<trkpt lat="46.5303203364" lon="7.0306865799">
				<ele>1072.7</ele>
				<extensions>
					<swisstopo:routepoint_id>467896127</swisstopo:routepoint_id>
				</extensions>
			</trkpt>
			<trkpt lat="46.5303714708" lon="7.0307250873">
				<ele>1073.3</ele>
				<extensions>
					<swisstopo:routepoint_id>861474543</swisstopo:routepoint_id>
				</extensions>
			</trkpt>
			<trkpt lat="46.5304400922" lon="7.0307809397">
				<ele>1074.2</ele>
				<extensions>
					<swisstopo:routepoint_id>839137656</swisstopo:routepoint_id>
				</extensions>
			</trkpt>
			<trkpt lat="46.5304978525" lon="7.0307980004">
				<ele>1075.0</ele>
				<extensions>
					<swisstopo:routepoint_id>1457047371</swisstopo:routepoint_id>
				</extensions>
			</trkpt>
			<trkpt lat="46.5305582364" lon="7.0307994869">
				<ele>1075.8</ele>
				<extensions>
					<swisstopo:routepoint_id>1414663444</swisstopo:routepoint_id>
				</extensions>
			</trkpt>
			<trkpt lat="46.5306132356" lon="7.0307913018">
				<ele>1076.7</ele>
				<extensions>
					<swisstopo:routepoint_id>1094205815</swisstopo:routepoint_id>
				</extensions>
			</trkpt>
			<trkpt lat="46.5306776270" lon="7.0307908170">
				<ele>1077.7</ele>
				<extensions>
					<swisstopo:routepoint_id>924503980</swisstopo:routepoint_id>
				</extensions>
			</trkpt>
			<trkpt lat="46.5307983896" lon="7.0307899077">
				<ele>1079.8</ele>
				<extensions>
					<swisstopo:routepoint_id>1012401823</swisstopo:routepoint_id>
				</extensions>
			</trkpt>
			<trkpt lat="46.5308560802" lon="7.0307875321">
				<ele>1080.7</ele>
				<extensions>
					<swisstopo:routepoint_id>1505483711</swisstopo:routepoint_id>
				</extensions>
			</trkpt>
			<trkpt lat="46.5309016526" lon="7.0307755230">
				<ele>1081.4</ele>
				<extensions>
					<swisstopo:routepoint_id>1440476506</swisstopo:routepoint_id>
				</extensions>
			</trkpt>
			<trkpt lat="46.5309363849" lon="7.0307305450">
				<ele>1081.9</ele>
				<extensions>
					<swisstopo:routepoint_id>671789255</swisstopo:routepoint_id>
				</extensions>
			</trkpt>
			<trkpt lat="46.5309455150" lon="7.0306565916">
				<ele>1082.3</ele>
				<extensions>
					<swisstopo:routepoint_id>680176548</swisstopo:routepoint_id>
				</extensions>
			</trkpt>
			<trkpt lat="46.5309305432" lon="7.0305983808">
				<ele>1082.6</ele>
				<extensions>
					<swisstopo:routepoint_id>1325303776</swisstopo:routepoint_id>
				</extensions>
			</trkpt>
			<trkpt lat="46.5308981503" lon="7.0305461311">
				<ele>1082.8</ele>
				<extensions>
					<swisstopo:routepoint_id>2130696443</swisstopo:routepoint_id>
				</extensions>
			</trkpt>
			<trkpt lat="46.5308443252" lon="7.0305057026">
				<ele>1083.1</ele>
				<extensions>
					<swisstopo:routepoint_id>626087528</swisstopo:routepoint_id>
				</extensions>
			</trkpt>
			<trkpt lat="46.5307785130" lon="7.0304848205">
				<ele>1083.4</ele>
				<extensions>
					<swisstopo:routepoint_id>2141771106</swisstopo:routepoint_id>
				</extensions>
			</trkpt>
			<trkpt lat="46.5307073454" lon="7.0304697958">
				<ele>1083.8</ele>
				<extensions>
					<swisstopo:routepoint_id>1000208025</swisstopo:routepoint_id>
				</extensions>
			</trkpt>
			<trkpt lat="46.5306737524" lon="7.0304564547">
				<ele>1084.1</ele>
				<extensions>
					<swisstopo:routepoint_id>1650505532</swisstopo:routepoint_id>
				</extensions>
			</trkpt>
			<trkpt lat="46.5306427524" lon="7.0304177955">
				<ele>1084.5</ele>
				<extensions>
					<swisstopo:routepoint_id>1215093265</swisstopo:routepoint_id>
				</extensions>
			</trkpt>
			<trkpt lat="46.5306237919" lon="7.0303693336">
				<ele>1084.8</ele>
				<extensions>
					<swisstopo:routepoint_id>1334407498</swisstopo:routepoint_id>
				</extensions>
			</trkpt>
			<trkpt lat="46.5306236104" lon="7.0303187699">
				<ele>1085.1</ele>
				<extensions>
					<swisstopo:routepoint_id>2130952531</swisstopo:routepoint_id>
				</extensions>
			</trkpt>
			<trkpt lat="46.5306489360" lon="7.0302719471">
				<ele>1085.6</ele>
				<extensions>
					<swisstopo:routepoint_id>323776226</swisstopo:routepoint_id>
				</extensions>
			</trkpt>
			<trkpt lat="46.5306850731" lon="7.0302463889">
				<ele>1086.1</ele>
				<extensions>
					<swisstopo:routepoint_id>1467238561</swisstopo:routepoint_id>
				</extensions>
			</trkpt>
			<trkpt lat="46.5307333178" lon="7.0302324117">
				<ele>1086.9</ele>
				<extensions>
					<swisstopo:routepoint_id>1453762640</swisstopo:routepoint_id>
				</extensions>
			</trkpt>
			<trkpt lat="46.5308084661" lon="7.0302318451">
				<ele>1088.1</ele>
				<extensions>
					<swisstopo:routepoint_id>516928965</swisstopo:routepoint_id>
				</extensions>
			</trkpt>
			<trkpt lat="46.5308889407" lon="7.0302234737">
				<ele>1089.4</ele>
				<extensions>
					<swisstopo:routepoint_id>559038370</swisstopo:routepoint_id>
				</extensions>
			</trkpt>
			<trkpt lat="46.5309653570" lon="7.0302053889">
				<ele>1090.6</ele>
				<extensions>
					<swisstopo:routepoint_id>108896002</swisstopo:routepoint_id>
				</extensions>
			</trkpt>
			<trkpt lat="46.5310497773" lon="7.0301717018">
				<ele>1091.9</ele>
				<extensions>
					<swisstopo:routepoint_id>1764937259</swisstopo:routepoint_id>
				</extensions>
			</trkpt>
			<trkpt lat="46.5311159194" lon="7.0301379633">
				<ele>1093.0</ele>
				<extensions>
					<swisstopo:routepoint_id>1960528740</swisstopo:routepoint_id>
				</extensions>
			</trkpt>
			<trkpt lat="46.5310952030" lon="7.0300809523">
				<ele>1093.1</ele>
				<extensions>
					<swisstopo:routepoint_id>1159019290</swisstopo:routepoint_id>
				</extensions>
			</trkpt>
			<trkpt lat="46.5310578785" lon="7.0300681995">
				<ele>1093.3</ele>
				<extensions>
					<swisstopo:routepoint_id>1376313761</swisstopo:routepoint_id>
				</extensions>
			</trkpt>
			<trkpt lat="46.5309957455" lon="7.0300725505">
				<ele>1093.5</ele>
				<extensions>
					<swisstopo:routepoint_id>134627036</swisstopo:routepoint_id>
				</extensions>
			</trkpt>
			<trkpt lat="46.5309325988" lon="7.0300661724">
				<ele>1093.9</ele>
				<extensions>
					<swisstopo:routepoint_id>461780242</swisstopo:routepoint_id>
				</extensions>
			</trkpt>
			<trkpt lat="46.5308520613" lon="7.0300484758">
				<ele>1094.5</ele>
				<extensions>
					<swisstopo:routepoint_id>1286192192</swisstopo:routepoint_id>
				</extensions>
			</trkpt>
			<trkpt lat="46.5307730250" lon="7.0300170655">
				<ele>1095.4</ele>
				<extensions>
					<swisstopo:routepoint_id>1972510933</swisstopo:routepoint_id>
				</extensions>
			</trkpt>
			<trkpt lat="46.5307382177" lon="7.0299811655">
				<ele>1096.2</ele>
				<extensions>
					<swisstopo:routepoint_id>536636898</swisstopo:routepoint_id>
				</extensions>
			</trkpt>
			<trkpt lat="46.5307192772" lon="7.0299346510">
				<ele>1097.0</ele>
				<extensions>
					<swisstopo:routepoint_id>1775440109</swisstopo:routepoint_id>
				</extensions>
			</trkpt>
			<trkpt lat="46.5307284566" lon="7.0298782059">
				<ele>1097.8</ele>
				<extensions>
					<swisstopo:routepoint_id>589267718</swisstopo:routepoint_id>
				</extensions>
			</trkpt>
			<trkpt lat="46.5307629394" lon="7.0298433679">
				<ele>1098.6</ele>
				<extensions>
					<swisstopo:routepoint_id>749041376</swisstopo:routepoint_id>
				</extensions>
			</trkpt>
			<trkpt lat="46.5308164727" lon="7.0298086533">
				<ele>1099.6</ele>
				<extensions>
					<swisstopo:routepoint_id>1054684302</swisstopo:routepoint_id>
				</extensions>
			</trkpt>
			<trkpt lat="46.5308636691" lon="7.0297694296">
				<ele>1100.5</ele>
				<extensions>
					<swisstopo:routepoint_id>1324687193</swisstopo:routepoint_id>
				</extensions>
			</trkpt>
			<trkpt lat="46.5308934626" lon="7.0297143307">
				<ele>1101.1</ele>
				<extensions>
					<swisstopo:routepoint_id>888613433</swisstopo:routepoint_id>
				</extensions>
			</trkpt>
			<trkpt lat="46.5309498902" lon="7.0296087198">
				<ele>1102.4</ele>
				<extensions>
					<swisstopo:routepoint_id>762858689</swisstopo:routepoint_id>
				</extensions>
			</trkpt>
			<trkpt lat="46.5309921712" lon="7.0295169500">
				<ele>1103.1</ele>
				<extensions>
					<swisstopo:routepoint_id>1324925376</swisstopo:routepoint_id>
				</extensions>
			</trkpt>
			<trkpt lat="46.5310611570" lon="7.0293906613">
				<ele>1104.1</ele>
				<extensions>
					<swisstopo:routepoint_id>1145181970</swisstopo:routepoint_id>
				</extensions>
			</trkpt>
			<trkpt lat="46.5310829370" lon="7.0293510117">
				<ele>1104.8</ele>
				<extensions>
					<swisstopo:routepoint_id>1960364092</swisstopo:routepoint_id>
				</extensions>
			</trkpt>
			<trkpt lat="46.5311024320" lon="7.0293155445">
				<ele>1104.8</ele>
				<extensions>
					<swisstopo:routepoint_id>1152795071</swisstopo:routepoint_id>
				</extensions>
			</trkpt>
			<trkpt lat="46.5311128949" lon="7.0292965094">
				<ele>1104.8</ele>
				<extensions>
					<swisstopo:routepoint_id>1423893059</swisstopo:routepoint_id>
				</extensions>
			</trkpt>
			<trkpt lat="46.5311598809" lon="7.0292001211">
				<ele>1105.1</ele>
				<extensions>
					<swisstopo:routepoint_id>982021522</swisstopo:routepoint_id>
				</extensions>
			</trkpt>
			<trkpt lat="46.5311911522" lon="7.0291175732">
				<ele>1105.4</ele>
				<extensions>
					<swisstopo:routepoint_id>1306027987</swisstopo:routepoint_id>
				</extensions>
			</trkpt>
			<trkpt lat="46.5312117379" lon="7.0290488151">
				<ele>1105.7</ele>
				<extensions>
					<swisstopo:routepoint_id>243613367</swisstopo:routepoint_id>
				</extensions>
			</trkpt>
			<trkpt lat="46.5312254617" lon="7.0290029763">
				<ele>1106.7</ele>
				<extensions>
					<swisstopo:routepoint_id>1628227984</swisstopo:routepoint_id>
				</extensions>
			</trkpt>
			<trkpt lat="46.5312389520" lon="7.0289801150">
				<ele>1107.0</ele>
				<extensions>
					<swisstopo:routepoint_id>1307088621</swisstopo:routepoint_id>
				</extensions>
			</trkpt>
			<trkpt lat="46.5312551359" lon="7.0289526700">
				<ele>1106.1</ele>
				<extensions>
					<swisstopo:routepoint_id>915189205</swisstopo:routepoint_id>
				</extensions>
			</trkpt>
			<trkpt lat="46.5313040315" lon="7.0289109184">
				<ele>1106.0</ele>
				<extensions>
					<swisstopo:routepoint_id>183408950</swisstopo:routepoint_id>
				</extensions>
			</trkpt>
			<trkpt lat="46.5313559257" lon="7.0288602147">
				<ele>1106.0</ele>
				<extensions>
					<swisstopo:routepoint_id>473538276</swisstopo:routepoint_id>
				</extensions>
			</trkpt>
			<trkpt lat="46.5314108625" lon="7.0287774808">
				<ele>1106.1</ele>
				<extensions>
					<swisstopo:routepoint_id>1999806039</swisstopo:routepoint_id>
				</extensions>
			</trkpt>
			<trkpt lat="46.5314626087" lon="7.0286833340">
				<ele>1106.0</ele>
				<extensions>
					<swisstopo:routepoint_id>1952620778</swisstopo:routepoint_id>
				</extensions>
			</trkpt>
			<trkpt lat="46.5315221974" lon="7.0285799755">
				<ele>1106.0</ele>
				<extensions>
					<swisstopo:routepoint_id>81124368</swisstopo:routepoint_id>
				</extensions>
			</trkpt>
			<trkpt lat="46.5315627483" lon="7.0284447603">
				<ele>1106.4</ele>
				<extensions>
					<swisstopo:routepoint_id>1572892534</swisstopo:routepoint_id>
				</extensions>
			</trkpt>
			<trkpt lat="46.5316031248" lon="7.0282661084">
				<ele>1106.7</ele>
				<extensions>
					<swisstopo:routepoint_id>581972596</swisstopo:routepoint_id>
				</extensions>
			</trkpt>
			<trkpt lat="46.5316248387" lon="7.0281607641">
				<ele>1106.9</ele>
				<extensions>
					<swisstopo:routepoint_id>1903088202</swisstopo:routepoint_id>
				</extensions>
			</trkpt>
			<trkpt lat="46.5316419539" lon="7.0280920250">
				<ele>1107.2</ele>
				<extensions>
					<swisstopo:routepoint_id>1240535154</swisstopo:routepoint_id>
				</extensions>
			</trkpt>
			<trkpt lat="46.5316780787" lon="7.0280437309">
				<ele>1107.4</ele>
				<extensions>
					<swisstopo:routepoint_id>578119626</swisstopo:routepoint_id>
				</extensions>
			</trkpt>
			<trkpt lat="46.5317221290" lon="7.0280068201">
				<ele>1107.5</ele>
				<extensions>
					<swisstopo:routepoint_id>890868930</swisstopo:routepoint_id>
				</extensions>
			</trkpt>
			<trkpt lat="46.5317913443" lon="7.0279445531">
				<ele>1107.5</ele>
				<extensions>
					<swisstopo:routepoint_id>390911129</swisstopo:routepoint_id>
				</extensions>
			</trkpt>
			<trkpt lat="46.5318684548" lon="7.0278670340">
				<ele>1107.8</ele>
				<extensions>
					<swisstopo:routepoint_id>1151131736</swisstopo:routepoint_id>
				</extensions>
			</trkpt>
			<trkpt lat="46.5319151436" lon="7.0277908591">
				<ele>1108.1</ele>
				<extensions>
					<swisstopo:routepoint_id>1281888920</swisstopo:routepoint_id>
				</extensions>
			</trkpt>
			<trkpt lat="46.5319670927" lon="7.0276874294">
				<ele>1108.5</ele>
				<extensions>
					<swisstopo:routepoint_id>382373592</swisstopo:routepoint_id>
				</extensions>
			</trkpt>
			<trkpt lat="46.5319984023" lon="7.0275999912">
				<ele>1108.9</ele>
				<extensions>
					<swisstopo:routepoint_id>409791303</swisstopo:routepoint_id>
				</extensions>
			</trkpt>
			<trkpt lat="46.5320202647" lon="7.0275335003">
				<ele>1109.3</ele>
				<extensions>
					<swisstopo:routepoint_id>1098618087</swisstopo:routepoint_id>
				</extensions>
			</trkpt>
			<trkpt lat="46.5320499321" lon="7.0274486711">
				<ele>1109.8</ele>
				<extensions>
					<swisstopo:routepoint_id>1601063171</swisstopo:routepoint_id>
				</extensions>
			</trkpt>
			<trkpt lat="46.5320733057" lon="7.0273616047">
				<ele>1110.1</ele>
				<extensions>
					<swisstopo:routepoint_id>214626412</swisstopo:routepoint_id>
				</extensions>
			</trkpt>
			<trkpt lat="46.5320902993" lon="7.0272654344">
				<ele>1110.3</ele>
				<extensions>
					<swisstopo:routepoint_id>1979346927</swisstopo:routepoint_id>
				</extensions>
			</trkpt>
			<trkpt lat="46.5321118555" lon="7.0271143606">
				<ele>1110.3</ele>
				<extensions>
					<swisstopo:routepoint_id>2135335192</swisstopo:routepoint_id>
				</extensions>
			</trkpt>
			<trkpt lat="46.5321429217" lon="7.0269792148">
				<ele>1110.4</ele>
				<extensions>
					<swisstopo:routepoint_id>934276687</swisstopo:routepoint_id>
				</extensions>
			</trkpt>
			<trkpt lat="46.5321567042" lon="7.0268624730">
				<ele>1110.6</ele>
				<extensions>
					<swisstopo:routepoint_id>1281620471</swisstopo:routepoint_id>
				</extensions>
			</trkpt>
			<trkpt lat="46.5321655988" lon="7.0267023428">
				<ele>1111.0</ele>
				<extensions>
					<swisstopo:routepoint_id>1449279535</swisstopo:routepoint_id>
				</extensions>
			</trkpt>
			<trkpt lat="46.5321738813" lon="7.0266145697">
				<ele>1111.3</ele>
				<extensions>
					<swisstopo:routepoint_id>1816126278</swisstopo:routepoint_id>
				</extensions>
			</trkpt>
			<trkpt lat="46.5321918511" lon="7.0265443591">
				<ele>1111.5</ele>
				<extensions>
					<swisstopo:routepoint_id>1917600001</swisstopo:routepoint_id>
				</extensions>
			</trkpt>
			<trkpt lat="46.5322340711" lon="7.0264388568">
				<ele>1112.3</ele>
				<extensions>
					<swisstopo:routepoint_id>1614272536</swisstopo:routepoint_id>
				</extensions>
			</trkpt>
			<trkpt lat="46.5322778191" lon="7.0263150510">
				<ele>1113.5</ele>
				<extensions>
					<swisstopo:routepoint_id>1923721103</swisstopo:routepoint_id>
				</extensions>
			</trkpt>
			<trkpt lat="46.5323309118" lon="7.0261591536">
				<ele>1115.3</ele>
				<extensions>
					<swisstopo:routepoint_id>646391147</swisstopo:routepoint_id>
				</extensions>
			</trkpt>
			<trkpt lat="46.5323700026" lon="7.0260605229">
				<ele>1116.3</ele>
				<extensions>
					<swisstopo:routepoint_id>310016167</swisstopo:routepoint_id>
				</extensions>
			</trkpt>
			<trkpt lat="46.5324389552" lon="7.0259273721">
				<ele>1117.6</ele>
				<extensions>
					<swisstopo:routepoint_id>1274683577</swisstopo:routepoint_id>
				</extensions>
			</trkpt>
			<trkpt lat="46.5324844035" lon="7.0258401362">
				<ele>1118.7</ele>
				<extensions>
					<swisstopo:routepoint_id>1957177468</swisstopo:routepoint_id>
				</extensions>
			</trkpt>
			<trkpt lat="46.5325360184" lon="7.0257116868">
				<ele>1120.3</ele>
				<extensions>
					<swisstopo:routepoint_id>967742657</swisstopo:routepoint_id>
				</extensions>
			</trkpt>
			<trkpt lat="46.5325797064" lon="7.0255764302">
				<ele>1121.9</ele>
				<extensions>
					<swisstopo:routepoint_id>1783515469</swisstopo:routepoint_id>
				</extensions>
			</trkpt>
			<trkpt lat="46.5326250093" lon="7.0254480348">
				<ele>1123.5</ele>
				<extensions>
					<swisstopo:routepoint_id>601023330</swisstopo:routepoint_id>
				</extensions>
			</trkpt>
			<trkpt lat="46.5326561033" lon="7.0253174628">
				<ele>1124.9</ele>
				<extensions>
					<swisstopo:routepoint_id>125509012</swisstopo:routepoint_id>
				</extensions>
			</trkpt>
			<trkpt lat="46.5326918778" lon="7.0251731263">
				<ele>1126.4</ele>
				<extensions>
					<swisstopo:routepoint_id>524260779</swisstopo:routepoint_id>
				</extensions>
			</trkpt>
			<trkpt lat="46.5327230332" lon="7.0250631367">
				<ele>1127.8</ele>
				<extensions>
					<swisstopo:routepoint_id>760281547</swisstopo:routepoint_id>
				</extensions>
			</trkpt>
			<trkpt lat="46.5327589820" lon="7.0249668071">
				<ele>1128.9</ele>
				<extensions>
					<swisstopo:routepoint_id>585374122</swisstopo:routepoint_id>
				</extensions>
			</trkpt>
			<trkpt lat="46.5327996702" lon="7.0248704729">
				<ele>1129.8</ele>
				<extensions>
					<swisstopo:routepoint_id>1088023361</swisstopo:routepoint_id>
				</extensions>
			</trkpt>
			<trkpt lat="46.5328337910" lon="7.0247667422">
				<ele>1130.6</ele>
				<extensions>
					<swisstopo:routepoint_id>1295429121</swisstopo:routepoint_id>
				</extensions>
			</trkpt>
			<trkpt lat="46.5328658175" lon="7.0246560389">
				<ele>1131.3</ele>
				<extensions>
					<swisstopo:routepoint_id>425817275</swisstopo:routepoint_id>
				</extensions>
			</trkpt>
			<trkpt lat="46.5329070010" lon="7.0245401992">
				<ele>1132.7</ele>
				<extensions>
					<swisstopo:routepoint_id>264515795</swisstopo:routepoint_id>
				</extensions>
			</trkpt>
			<trkpt lat="46.5329382705" lon="7.0244520387">
				<ele>1134.0</ele>
				<extensions>
					<swisstopo:routepoint_id>1319529252</swisstopo:routepoint_id>
				</extensions>
			</trkpt>
			<trkpt lat="46.5329649784" lon="7.0243874432">
				<ele>1134.8</ele>
				<extensions>
					<swisstopo:routepoint_id>1200507431</swisstopo:routepoint_id>
				</extensions>
			</trkpt>
			<trkpt lat="46.5330130699" lon="7.0243207492">
				<ele>1135.8</ele>
				<extensions>
					<swisstopo:routepoint_id>975364026</swisstopo:routepoint_id>
				</extensions>
			</trkpt>
			<trkpt lat="46.5330665189" lon="7.0242561080">
				<ele>1137.1</ele>
				<extensions>
					<swisstopo:routepoint_id>912358458</swisstopo:routepoint_id>
				</extensions>
			</trkpt>
			<trkpt lat="46.5331390691" lon="7.0241934781">
				<ele>1139.1</ele>
				<extensions>
					<swisstopo:routepoint_id>1052266329</swisstopo:routepoint_id>
				</extensions>
			</trkpt>
			<trkpt lat="46.5332245823" lon="7.0240949602">
				<ele>1141.4</ele>
				<extensions>
					<swisstopo:routepoint_id>1419239194</swisstopo:routepoint_id>
				</extensions>
			</trkpt>
			<trkpt lat="46.5333572476" lon="7.0239263557">
				<ele>1144.4</ele>
				<extensions>
					<swisstopo:routepoint_id>1643758486</swisstopo:routepoint_id>
				</extensions>
			</trkpt>
			<trkpt lat="46.5334798411" lon="7.0237927952">
				<ele>1147.4</ele>
				<extensions>
					<swisstopo:routepoint_id>636152636</swisstopo:routepoint_id>
				</extensions>
			</trkpt>
			<trkpt lat="46.5335694622" lon="7.0237006475">
				<ele>1150.3</ele>
				<extensions>
					<swisstopo:routepoint_id>382846264</swisstopo:routepoint_id>
				</extensions>
			</trkpt>
			<trkpt lat="46.5336326589" lon="7.0236327289">
				<ele>1152.4</ele>
				<extensions>
					<swisstopo:routepoint_id>21999764</swisstopo:routepoint_id>
				</extensions>
			</trkpt>
			<trkpt lat="46.5336725038" lon="7.0235788642">
				<ele>1154.1</ele>
				<extensions>
					<swisstopo:routepoint_id>762551580</swisstopo:routepoint_id>
				</extensions>
			</trkpt>
			<trkpt lat="46.5337301911" lon="7.0234841410">
				<ele>1155.3</ele>
				<extensions>
					<swisstopo:routepoint_id>982109946</swisstopo:routepoint_id>
				</extensions>
			</trkpt>
			<trkpt lat="46.5337704280" lon="7.0234245512">
				<ele>1156.4</ele>
				<extensions>
					<swisstopo:routepoint_id>1289928573</swisstopo:routepoint_id>
				</extensions>
			</trkpt>
			<trkpt lat="46.5338439911" lon="7.0233182685">
				<ele>1158.6</ele>
				<extensions>
					<swisstopo:routepoint_id>473731886</swisstopo:routepoint_id>
				</extensions>
			</trkpt>
			<trkpt lat="46.5338716152" lon="7.0232737642">
				<ele>1159.8</ele>
				<extensions>
					<swisstopo:routepoint_id>899167975</swisstopo:routepoint_id>
				</extensions>
			</trkpt>
			<trkpt lat="46.5339158503" lon="7.0231784370">
				<ele>1161.5</ele>
				<extensions>
					<swisstopo:routepoint_id>1842670366</swisstopo:routepoint_id>
				</extensions>
			</trkpt>
			<trkpt lat="46.5339698058" lon="7.0230494482">
				<ele>1162.9</ele>
				<extensions>
					<swisstopo:routepoint_id>1587946805</swisstopo:routepoint_id>
				</extensions>
			</trkpt>
			<trkpt lat="46.5339949427" lon="7.0229842645">
				<ele>1163.4</ele>
				<extensions>
					<swisstopo:routepoint_id>455733601</swisstopo:routepoint_id>
				</extensions>
			</trkpt>
			<trkpt lat="46.5340106744" lon="7.0229019934">
				<ele>1163.8</ele>
				<extensions>
					<swisstopo:routepoint_id>614360511</swisstopo:routepoint_id>
				</extensions>
			</trkpt>
			<trkpt lat="46.5340263956" lon="7.0228204417">
				<ele>1164.1</ele>
				<extensions>
					<swisstopo:routepoint_id>708155455</swisstopo:routepoint_id>
				</extensions>
			</trkpt>
			<trkpt lat="46.5340466429" lon="7.0227538632">
				<ele>1164.8</ele>
				<extensions>
					<swisstopo:routepoint_id>644018905</swisstopo:routepoint_id>
				</extensions>
			</trkpt>
			<trkpt lat="46.5340697520" lon="7.0226915463">
				<ele>1165.3</ele>
				<extensions>
					<swisstopo:routepoint_id>1911652696</swisstopo:routepoint_id>
				</extensions>
			</trkpt>
			<trkpt lat="46.5341172275" lon="7.0225876009">
				<ele>1165.7</ele>
				<extensions>
					<swisstopo:routepoint_id>547238450</swisstopo:routepoint_id>
				</extensions>
			</trkpt>
			<trkpt lat="46.5342069488" lon="7.0224090662">
				<ele>1167.6</ele>
				<extensions>
					<swisstopo:routepoint_id>894955834</swisstopo:routepoint_id>
				</extensions>
			</trkpt>
			<trkpt lat="46.5343230169" lon="7.0221924639">
				<ele>1171.7</ele>
				<extensions>
					<swisstopo:routepoint_id>1182082833</swisstopo:routepoint_id>
				</extensions>
			</trkpt>
			<trkpt lat="46.5343673490" lon="7.0221142684">
				<ele>1173.1</ele>
				<extensions>
					<swisstopo:routepoint_id>1843326065</swisstopo:routepoint_id>
				</extensions>
			</trkpt>
			<trkpt lat="46.5344046224" lon="7.0220660737">
				<ele>1174.0</ele>
				<extensions>
					<swisstopo:routepoint_id>1895369088</swisstopo:routepoint_id>
				</extensions>
			</trkpt>
			<trkpt lat="46.5344691578" lon="7.0220221309">
				<ele>1175.6</ele>
				<extensions>
					<swisstopo:routepoint_id>148074102</swisstopo:routepoint_id>
				</extensions>
			</trkpt>
			<trkpt lat="46.5345589785" lon="7.0219848484">
				<ele>1178.0</ele>
				<extensions>
					<swisstopo:routepoint_id>384478275</swisstopo:routepoint_id>
				</extensions>
			</trkpt>
			<trkpt lat="46.5346267310" lon="7.0219546097">
				<ele>1179.9</ele>
				<extensions>
					<swisstopo:routepoint_id>724624516</swisstopo:routepoint_id>
				</extensions>
			</trkpt>
			<trkpt lat="46.5346755226" lon="7.0219199277">
				<ele>1181.1</ele>
				<extensions>
					<swisstopo:routepoint_id>116316698</swisstopo:routepoint_id>
				</extensions>
			</trkpt>
			<trkpt lat="46.5347336878" lon="7.0218577281">
				<ele>1182.3</ele>
				<extensions>
					<swisstopo:routepoint_id>273569275</swisstopo:routepoint_id>
				</extensions>
			</trkpt>
			<trkpt lat="46.5348028283" lon="7.0217771640">
				<ele>1183.4</ele>
				<extensions>
					<swisstopo:routepoint_id>2038381638</swisstopo:routepoint_id>
				</extensions>
			</trkpt>
			<trkpt lat="46.5348657877" lon="7.0216532324">
				<ele>1184.8</ele>
				<extensions>
					<swisstopo:routepoint_id>963530974</swisstopo:routepoint_id>
				</extensions>
			</trkpt>
			<trkpt lat="46.5348987439" lon="7.0215489318">
				<ele>1186.5</ele>
				<extensions>
					<swisstopo:routepoint_id>1593899836</swisstopo:routepoint_id>
				</extensions>
			</trkpt>
			<trkpt lat="46.5349401461" lon="7.0212996118">
				<ele>1190.2</ele>
				<extensions>
					<swisstopo:routepoint_id>227658849</swisstopo:routepoint_id>
				</extensions>
			</trkpt>
			<trkpt lat="46.5349727907" lon="7.0211116912">
				<ele>1192.9</ele>
				<extensions>
					<swisstopo:routepoint_id>628146443</swisstopo:routepoint_id>
				</extensions>
			</trkpt>
			<trkpt lat="46.5349889342" lon="7.0209684901">
				<ele>1194.4</ele>
				<extensions>
					<swisstopo:routepoint_id>405078319</swisstopo:routepoint_id>
				</extensions>
			</trkpt>
			<trkpt lat="46.5350110647" lon="7.0207081857">
				<ele>1198.4</ele>
				<extensions>
					<swisstopo:routepoint_id>590080595</swisstopo:routepoint_id>
				</extensions>
			</trkpt>
			<trkpt lat="46.5350210364" lon="7.0206319335">
				<ele>1199.6</ele>
				<extensions>
					<swisstopo:routepoint_id>1671819249</swisstopo:routepoint_id>
				</extensions>
			</trkpt>
			<trkpt lat="46.5350374613" lon="7.0205630403">
				<ele>1200.8</ele>
				<extensions>
					<swisstopo:routepoint_id>1380816333</swisstopo:routepoint_id>
				</extensions>
			</trkpt>
			<trkpt lat="46.5350552786" lon="7.0205276030">
				<ele>1201.4</ele>
				<extensions>
					<swisstopo:routepoint_id>192253003</swisstopo:routepoint_id>
				</extensions>
			</trkpt>
			<trkpt lat="46.5350732071" lon="7.0205200367">
				<ele>1201.8</ele>
				<extensions>
					<swisstopo:routepoint_id>28888175</swisstopo:routepoint_id>
				</extensions>
			</trkpt>
			<trkpt lat="46.5351065379" lon="7.0205179145">
				<ele>1202.6</ele>
				<extensions>
					<swisstopo:routepoint_id>1028447954</swisstopo:routepoint_id>
				</extensions>
			</trkpt>
			<trkpt lat="46.5351539999" lon="7.0205231301">
				<ele>1203.8</ele>
				<extensions>
					<swisstopo:routepoint_id>1183112961</swisstopo:routepoint_id>
				</extensions>
			</trkpt>
			<trkpt lat="46.5352054027" lon="7.0205524638">
				<ele>1205.2</ele>
				<extensions>
					<swisstopo:routepoint_id>1003345315</swisstopo:routepoint_id>
				</extensions>
			</trkpt>
			<trkpt lat="46.5352747979" lon="7.0205928101">
				<ele>1207.2</ele>
				<extensions>
					<swisstopo:routepoint_id>1095714620</swisstopo:routepoint_id>
				</extensions>
			</trkpt>
			<trkpt lat="46.5353492599" lon="7.0206182425">
				<ele>1209.4</ele>
				<extensions>
					<swisstopo:routepoint_id>301482099</swisstopo:routepoint_id>
				</extensions>
			</trkpt>
			<trkpt lat="46.5354468396" lon="7.0206509372">
				<ele>1212.3</ele>
				<extensions>
					<swisstopo:routepoint_id>387042866</swisstopo:routepoint_id>
				</extensions>
			</trkpt>
			<trkpt lat="46.5355444105" lon="7.0206836321">
				<ele>1215.0</ele>
				<extensions>
					<swisstopo:routepoint_id>1058112639</swisstopo:routepoint_id>
				</extensions>
			</trkpt>
			<trkpt lat="46.5356484693" lon="7.0207367149">
				<ele>1218.3</ele>
				<extensions>
					<swisstopo:routepoint_id>1860056974</swisstopo:routepoint_id>
				</extensions>
			</trkpt>
			<trkpt lat="46.5357518881" lon="7.0207991149">
				<ele>1221.7</ele>
				<extensions>
					<swisstopo:routepoint_id>386624507</swisstopo:routepoint_id>
				</extensions>
			</trkpt>
			<trkpt lat="46.5358146098" lon="7.0208414929">
				<ele>1223.7</ele>
				<extensions>
					<swisstopo:routepoint_id>1894004684</swisstopo:routepoint_id>
				</extensions>
			</trkpt>
			<trkpt lat="46.5358991957" lon="7.0208924861">
				<ele>1226.2</ele>
				<extensions>
					<swisstopo:routepoint_id>672966198</swisstopo:routepoint_id>
				</extensions>
			</trkpt>
			<trkpt lat="46.5359388160" lon="7.0209279010">
				<ele>1227.6</ele>
				<extensions>
					<swisstopo:routepoint_id>555214459</swisstopo:routepoint_id>
				</extensions>
			</trkpt>
			<trkpt lat="46.5359711038" lon="7.0209676561">
				<ele>1229.0</ele>
				<extensions>
					<swisstopo:routepoint_id>1661595321</swisstopo:routepoint_id>
				</extensions>
			</trkpt>
			<trkpt lat="46.5360067155" lon="7.0210352453">
				<ele>1230.5</ele>
				<extensions>
					<swisstopo:routepoint_id>1811155757</swisstopo:routepoint_id>
				</extensions>
			</trkpt>
			<trkpt lat="46.5360524375" lon="7.0210959397">
				<ele>1232.4</ele>
				<extensions>
					<swisstopo:routepoint_id>2096865461</swisstopo:routepoint_id>
				</extensions>
			</trkpt>
			<trkpt lat="46.5360949578" lon="7.0211513632">
				<ele>1233.9</ele>
				<extensions>
					<swisstopo:routepoint_id>949351632</swisstopo:routepoint_id>
				</extensions>
			</trkpt>
			<trkpt lat="46.5362671379" lon="7.0212993728">
				<ele>1237.8</ele>
				<extensions>
					<swisstopo:routepoint_id>771295332</swisstopo:routepoint_id>
				</extensions>
			</trkpt>
			<trkpt lat="46.5363701251" lon="7.0214106425">
				<ele>1240.9</ele>
				<extensions>
					<swisstopo:routepoint_id>1881505801</swisstopo:routepoint_id>
				</extensions>
			</trkpt>
			<trkpt lat="46.5364731712" lon="7.0215356162">
				<ele>1244.9</ele>
				<extensions>
					<swisstopo:routepoint_id>2050104667</swisstopo:routepoint_id>
				</extensions>
			</trkpt>
			<trkpt lat="46.5365358312" lon="7.0216133478">
				<ele>1247.3</ele>
				<extensions>
					<swisstopo:routepoint_id>2103523883</swisstopo:routepoint_id>
				</extensions>
			</trkpt>
			<trkpt lat="46.5365987518" lon="7.0216807279">
				<ele>1249.0</ele>
				<extensions>
					<swisstopo:routepoint_id>1329349432</swisstopo:routepoint_id>
				</extensions>
			</trkpt>
			<trkpt lat="46.5366933803" lon="7.0217717587">
				<ele>1252.5</ele>
				<extensions>
					<swisstopo:routepoint_id>576336086</swisstopo:routepoint_id>
				</extensions>
			</trkpt>
			<trkpt lat="46.5367229108" lon="7.0217933573">
				<ele>1253.3</ele>
				<extensions>
					<swisstopo:routepoint_id>1555800394</swisstopo:routepoint_id>
				</extensions>
			</trkpt>
			<trkpt lat="46.5367625055" lon="7.0218194742">
				<ele>1254.2</ele>
				<extensions>
					<swisstopo:routepoint_id>1730652366</swisstopo:routepoint_id>
				</extensions>
			</trkpt>
			<trkpt lat="46.5368119938" lon="7.0218394553">
				<ele>1255.3</ele>
				<extensions>
					<swisstopo:routepoint_id>198406930</swisstopo:routepoint_id>
				</extensions>
			</trkpt>
			<trkpt lat="46.5368593201" lon="7.0218322358">
				<ele>1256.4</ele>
				<extensions>
					<swisstopo:routepoint_id>800382934</swisstopo:routepoint_id>
				</extensions>
			</trkpt>
			<trkpt lat="46.5368803303" lon="7.0218235703">
				<ele>1257.4</ele>
				<extensions>
					<swisstopo:routepoint_id>1911278680</swisstopo:routepoint_id>
				</extensions>
			</trkpt>
			<trkpt lat="46.5369242964" lon="7.0217953781">
				<ele>1257.8</ele>
				<extensions>
					<swisstopo:routepoint_id>1097174146</swisstopo:routepoint_id>
				</extensions>
			</trkpt>
			<trkpt lat="46.5370199314" lon="7.0217146386">
				<ele>1259.3</ele>
				<extensions>
					<swisstopo:routepoint_id>927826259</swisstopo:routepoint_id>
				</extensions>
			</trkpt>
			<trkpt lat="46.5370687939" lon="7.0216921308">
				<ele>1260.2</ele>
				<extensions>
					<swisstopo:routepoint_id>1351128691</swisstopo:routepoint_id>
				</extensions>
			</trkpt>
			<trkpt lat="46.5370977102" lon="7.0216761862">
				<ele>1260.2</ele>
				<extensions>
					<swisstopo:routepoint_id>955823693</swisstopo:routepoint_id>
				</extensions>
			</trkpt>
			<trkpt lat="46.5371453239" lon="7.0216365276">
				<ele>1261.6</ele>
				<extensions>
					<swisstopo:routepoint_id>1660213652</swisstopo:routepoint_id>
				</extensions>
			</trkpt>
			<trkpt lat="46.5371909273" lon="7.0216104675">
				<ele>1263.1</ele>
				<extensions>
					<swisstopo:routepoint_id>1865075952</swisstopo:routepoint_id>
				</extensions>
			</trkpt>
			<trkpt lat="46.5372581382" lon="7.0215870863">
				<ele>1264.7</ele>
				<extensions>
					<swisstopo:routepoint_id>1488668386</swisstopo:routepoint_id>
				</extensions>
			</trkpt>
			<trkpt lat="46.5373196422" lon="7.0215651938">
				<ele>1266.2</ele>
				<extensions>
					<swisstopo:routepoint_id>1347712185</swisstopo:routepoint_id>
				</extensions>
			</trkpt>
			<trkpt lat="46.5373679745" lon="7.0215424544">
				<ele>1267.4</ele>
				<extensions>
					<swisstopo:routepoint_id>911358427</swisstopo:routepoint_id>
				</extensions>
			</trkpt>
			<trkpt lat="46.5374120505" lon="7.0215100980">
				<ele>1268.6</ele>
				<extensions>
					<swisstopo:routepoint_id>1042044416</swisstopo:routepoint_id>
				</extensions>
			</trkpt>
			<trkpt lat="46.5374528862" lon="7.0214571815">
				<ele>1269.9</ele>
				<extensions>
					<swisstopo:routepoint_id>1492835931</swisstopo:routepoint_id>
				</extensions>
			</trkpt>
			<trkpt lat="46.5375078596" lon="7.0213858688">
				<ele>1271.9</ele>
				<extensions>
					<swisstopo:routepoint_id>486776822</swisstopo:routepoint_id>
				</extensions>
			</trkpt>
			<trkpt lat="46.5375833243" lon="7.0213075300">
				<ele>1274.7</ele>
				<extensions>
					<swisstopo:routepoint_id>1916754267</swisstopo:routepoint_id>
				</extensions>
			</trkpt>
			<trkpt lat="46.5376604303" lon="7.0212497635">
				<ele>1277.0</ele>
				<extensions>
					<swisstopo:routepoint_id>1151094749</swisstopo:routepoint_id>
				</extensions>
			</trkpt>
			<trkpt lat="46.5377486593" lon="7.0212079132">
				<ele>1279.2</ele>
				<extensions>
					<swisstopo:routepoint_id>1273711435</swisstopo:routepoint_id>
				</extensions>
			</trkpt>
			<trkpt lat="46.5378401128" lon="7.0211889337">
				<ele>1281.9</ele>
				<extensions>
					<swisstopo:routepoint_id>354774101</swisstopo:routepoint_id>
				</extensions>
			</trkpt>
			<trkpt lat="46.5379111154" lon="7.0211838098">
				<ele>1284.4</ele>
				<extensions>
					<swisstopo:routepoint_id>2052313745</swisstopo:routepoint_id>
				</extensions>
			</trkpt>
			<trkpt lat="46.5380058353" lon="7.0211922170">
				<ele>1287.9</ele>
				<extensions>
					<swisstopo:routepoint_id>257840592</swisstopo:routepoint_id>
				</extensions>
			</trkpt>
			<trkpt lat="46.5381164175" lon="7.0212233811">
				<ele>1291.9</ele>
				<extensions>
					<swisstopo:routepoint_id>1031911452</swisstopo:routepoint_id>
				</extensions>
			</trkpt>
			<trkpt lat="46.5382728515" lon="7.0212770577">
				<ele>1295.7</ele>
				<extensions>
					<swisstopo:routepoint_id>1846383686</swisstopo:routepoint_id>
				</extensions>
			</trkpt>
			<trkpt lat="46.5383613398" lon="7.0213106735">
				<ele>1298.1</ele>
				<extensions>
					<swisstopo:routepoint_id>1160162457</swisstopo:routepoint_id>
				</extensions>
			</trkpt>
			<trkpt lat="46.5384545446" lon="7.0213374224">
				<ele>1300.4</ele>
				<extensions>
					<swisstopo:routepoint_id>840944252</swisstopo:routepoint_id>
				</extensions>
			</trkpt>
			<trkpt lat="46.5385097842" lon="7.0213392779">
				<ele>1301.8</ele>
				<extensions>
					<swisstopo:routepoint_id>1272670796</swisstopo:routepoint_id>
				</extensions>
			</trkpt>
			<trkpt lat="46.5385409624" lon="7.0213289741">
				<ele>1301.8</ele>
				<extensions>
					<swisstopo:routepoint_id>1264135681</swisstopo:routepoint_id>
				</extensions>
			</trkpt>
			<trkpt lat="46.5385611227" lon="7.0213098509">
				<ele>1301.8</ele>
				<extensions>
					<swisstopo:routepoint_id>1859941459</swisstopo:routepoint_id>
				</extensions>
			</trkpt>
			<trkpt lat="46.5385705354" lon="7.0212861312">
				<ele>1301.7</ele>
				<extensions>
					<swisstopo:routepoint_id>39720347</swisstopo:routepoint_id>
				</extensions>
			</trkpt>
			<trkpt lat="46.5385771949" lon="7.0212354079">
				<ele>1301.7</ele>
				<extensions>
					<swisstopo:routepoint_id>1367303042</swisstopo:routepoint_id>
				</extensions>
			</trkpt>
			<trkpt lat="46.5385793971" lon="7.0211783703">
				<ele>1301.7</ele>
				<extensions>
					<swisstopo:routepoint_id>1272829887</swisstopo:routepoint_id>
				</extensions>
			</trkpt>
			<trkpt lat="46.5385750991" lon="7.0211421760">
				<ele>1302.2</ele>
				<extensions>
					<swisstopo:routepoint_id>1821098933</swisstopo:routepoint_id>
				</extensions>
			</trkpt>
			<trkpt lat="46.5385466991" lon="7.0210782834">
				<ele>1302.0</ele>
				<extensions>
					<swisstopo:routepoint_id>1391430388</swisstopo:routepoint_id>
				</extensions>
			</trkpt>
			<trkpt lat="46.5385236744" lon="7.0210353630">
				<ele>1302.1</ele>
				<extensions>
					<swisstopo:routepoint_id>868812563</swisstopo:routepoint_id>
				</extensions>
			</trkpt>
			<trkpt lat="46.5384990366" lon="7.0209894442">
				<ele>1302.2</ele>
				<extensions>
					<swisstopo:routepoint_id>1120366837</swisstopo:routepoint_id>
				</extensions>
			</trkpt>
			<trkpt lat="46.5384340300" lon="7.0209076222">
				<ele>1302.8</ele>
				<extensions>
					<swisstopo:routepoint_id>540930484</swisstopo:routepoint_id>
				</extensions>
			</trkpt>
			<trkpt lat="46.5383880104" lon="7.0208370868">
				<ele>1303.0</ele>
				<extensions>
					<swisstopo:routepoint_id>832346606</swisstopo:routepoint_id>
				</extensions>
			</trkpt>
			<trkpt lat="46.5383386632" lon="7.0207231150">
				<ele>1303.1</ele>
				<extensions>
					<swisstopo:routepoint_id>1625196457</swisstopo:routepoint_id>
				</extensions>
			</trkpt>
			<trkpt lat="46.5382941250" lon="7.0206251268">
				<ele>1303.9</ele>
				<extensions>
					<swisstopo:routepoint_id>1258151317</swisstopo:routepoint_id>
				</extensions>
			</trkpt>
			<trkpt lat="46.5382655076" lon="7.0205681843">
				<ele>1303.9</ele>
				<extensions>
					<swisstopo:routepoint_id>363717297</swisstopo:routepoint_id>
				</extensions>
			</trkpt>
			<trkpt lat="46.5382100650" lon="7.0205114234">
				<ele>1304.2</ele>
				<extensions>
					<swisstopo:routepoint_id>113739761</swisstopo:routepoint_id>
				</extensions>
			</trkpt>
			<trkpt lat="46.5381372367" lon="7.0204479654">
				<ele>1305.1</ele>
				<extensions>
					<swisstopo:routepoint_id>344994323</swisstopo:routepoint_id>
				</extensions>
			</trkpt>
			<trkpt lat="46.5381092117" lon="7.0204300089">
				<ele>1305.7</ele>
				<extensions>
					<swisstopo:routepoint_id>1685731942</swisstopo:routepoint_id>
				</extensions>
			</trkpt>
			<trkpt lat="46.5380696006" lon="7.0204046214">
				<ele>1306.5</ele>
				<extensions>
					<swisstopo:routepoint_id>910739673</swisstopo:routepoint_id>
				</extensions>
			</trkpt>
			<trkpt lat="46.5380411741" lon="7.0203581191">
				<ele>1307.4</ele>
				<extensions>
					<swisstopo:routepoint_id>1749907734</swisstopo:routepoint_id>
				</extensions>
			</trkpt>
			<trkpt lat="46.5380284212" lon="7.0203101933">
				<ele>1307.7</ele>
				<extensions>
					<swisstopo:routepoint_id>2129571748</swisstopo:routepoint_id>
				</extensions>
			</trkpt>
			<trkpt lat="46.5380272655" lon="7.0202160426">
				<ele>1307.9</ele>
				<extensions>
					<swisstopo:routepoint_id>2039003161</swisstopo:routepoint_id>
				</extensions>
			</trkpt>
			<trkpt lat="46.5380365738" lon="7.0201102747">
				<ele>1307.9</ele>
				<extensions>
					<swisstopo:routepoint_id>430461351</swisstopo:routepoint_id>
				</extensions>
			</trkpt>
			<trkpt lat="46.5380377518" lon="7.0200027826">
				<ele>1307.9</ele>
				<extensions>
					<swisstopo:routepoint_id>255188630</swisstopo:routepoint_id>
				</extensions>
			</trkpt>
			<trkpt lat="46.5380216800" lon="7.0199228660">
				<ele>1308.0</ele>
				<extensions>
					<swisstopo:routepoint_id>1234687313</swisstopo:routepoint_id>
				</extensions>
			</trkpt>
			<trkpt lat="46.5379882452" lon="7.0198430830">
				<ele>1308.1</ele>
				<extensions>
					<swisstopo:routepoint_id>1057396434</swisstopo:routepoint_id>
				</extensions>
			</trkpt>
			<trkpt lat="46.5379534218" lon="7.0198158966">
				<ele>1308.0</ele>
				<extensions>
					<swisstopo:routepoint_id>2144480005</swisstopo:routepoint_id>
				</extensions>
			</trkpt>
			<trkpt lat="46.5379024579" lon="7.0198175320">
				<ele>1308.5</ele>
				<extensions>
					<swisstopo:routepoint_id>1318107830</swisstopo:routepoint_id>
				</extensions>
			</trkpt>
			<trkpt lat="46.5378347291" lon="7.0198469030">
				<ele>1309.3</ele>
				<extensions>
					<swisstopo:routepoint_id>999520152</swisstopo:routepoint_id>
				</extensions>
			</trkpt>
			<trkpt lat="46.5377903890" lon="7.0198664371">
				<ele>1309.8</ele>
				<extensions>
					<swisstopo:routepoint_id>1173400479</swisstopo:routepoint_id>
				</extensions>
			</trkpt>
			<trkpt lat="46.5377176333" lon="7.0198887051">
				<ele>1310.6</ele>
				<extensions>
					<swisstopo:routepoint_id>1869519048</swisstopo:routepoint_id>
				</extensions>
			</trkpt>
			<trkpt lat="46.5376168948" lon="7.0199316790">
				<ele>1312.3</ele>
				<extensions>
					<swisstopo:routepoint_id>346504295</swisstopo:routepoint_id>
				</extensions>
			</trkpt>
			<trkpt lat="46.5375542752" lon="7.0199654341">
				<ele>1313.2</ele>
				<extensions>
					<swisstopo:routepoint_id>996779106</swisstopo:routepoint_id>
				</extensions>
			</trkpt>
			<trkpt lat="46.5375117089" lon="7.0199710399">
				<ele>1313.8</ele>
				<extensions>
					<swisstopo:routepoint_id>38391258</swisstopo:routepoint_id>
				</extensions>
			</trkpt>
			<trkpt lat="46.5374653546" lon="7.0199612712">
				<ele>1314.3</ele>
				<extensions>
					<swisstopo:routepoint_id>1906505735</swisstopo:routepoint_id>
				</extensions>
			</trkpt>
			<trkpt lat="46.5374340629" lon="7.0199404062">
				<ele>1314.4</ele>
				<extensions>
					<swisstopo:routepoint_id>1712784989</swisstopo:routepoint_id>
				</extensions>
			</trkpt>
			<trkpt lat="46.5373875428" lon="7.0198957385">
				<ele>1314.6</ele>
				<extensions>
					<swisstopo:routepoint_id>522566396</swisstopo:routepoint_id>
				</extensions>
			</trkpt>
			<trkpt lat="46.5373569571" lon="7.0198518897">
				<ele>1315.1</ele>
				<extensions>
					<swisstopo:routepoint_id>296720390</swisstopo:routepoint_id>
				</extensions>
			</trkpt>
			<trkpt lat="46.5373421748" lon="7.0198144495">
				<ele>1315.6</ele>
				<extensions>
					<swisstopo:routepoint_id>1444365554</swisstopo:routepoint_id>
				</extensions>
			</trkpt>
			<trkpt lat="46.5373341659" lon="7.0197818517">
				<ele>1315.9</ele>
				<extensions>
					<swisstopo:routepoint_id>2014046624</swisstopo:routepoint_id>
				</extensions>
			</trkpt>
			<trkpt lat="46.5373362945" lon="7.0197491691">
				<ele>1316.3</ele>
				<extensions>
					<swisstopo:routepoint_id>259243820</swisstopo:routepoint_id>
				</extensions>
			</trkpt>
			<trkpt lat="46.5373531300" lon="7.0197310764">
				<ele>1316.7</ele>
				<extensions>
					<swisstopo:routepoint_id>847534853</swisstopo:routepoint_id>
				</extensions>
			</trkpt>
			<trkpt lat="46.5373858111" lon="7.0197308236">
				<ele>1317.3</ele>
				<extensions>
					<swisstopo:routepoint_id>123862628</swisstopo:routepoint_id>
				</extensions>
			</trkpt>
			<trkpt lat="46.5374100953" lon="7.0197464978">
				<ele>1317.3</ele>
				<extensions>
					<swisstopo:routepoint_id>871037061</swisstopo:routepoint_id>
				</extensions>
			</trkpt>
			<trkpt lat="46.5374630368" lon="7.0197743370">
				<ele>1319.0</ele>
				<extensions>
					<swisstopo:routepoint_id>1036803317</swisstopo:routepoint_id>
				</extensions>
			</trkpt>
			<trkpt lat="46.5375032916" lon="7.0197809637">
				<ele>1319.9</ele>
				<extensions>
					<swisstopo:routepoint_id>1534361899</swisstopo:routepoint_id>
				</extensions>
			</trkpt>
			<trkpt lat="46.5375404805" lon="7.0197762841">
				<ele>1320.7</ele>
				<extensions>
					<swisstopo:routepoint_id>1426678722</swisstopo:routepoint_id>
				</extensions>
			</trkpt>
			<trkpt lat="46.5375657095" lon="7.0197580691">
				<ele>1321.9</ele>
				<extensions>
					<swisstopo:routepoint_id>987515934</swisstopo:routepoint_id>
				</extensions>
			</trkpt>
			<trkpt lat="46.5375747514" lon="7.0197240790">
				<ele>1322.7</ele>
				<extensions>
					<swisstopo:routepoint_id>931269610</swisstopo:routepoint_id>
				</extensions>
			</trkpt>
			<trkpt lat="46.5375723442" lon="7.0196960334">
				<ele>1323.0</ele>
				<extensions>
					<swisstopo:routepoint_id>1214922698</swisstopo:routepoint_id>
				</extensions>
			</trkpt>
			<trkpt lat="46.5375566174" lon="7.0196734631">
				<ele>1323.4</ele>
				<extensions>
					<swisstopo:routepoint_id>1795668627</swisstopo:routepoint_id>
				</extensions>
			</trkpt>
			<trkpt lat="46.5375154567" lon="7.0196230318">
				<ele>1324.8</ele>
				<extensions>
					<swisstopo:routepoint_id>1427077589</swisstopo:routepoint_id>
				</extensions>
			</trkpt>
			<trkpt lat="46.5374901795" lon="7.0195816562">
				<ele>1325.7</ele>
				<extensions>
					<swisstopo:routepoint_id>110097608</swisstopo:routepoint_id>
				</extensions>
			</trkpt>
			<trkpt lat="46.5374360741" lon="7.0194608753">
				<ele>1328.2</ele>
				<extensions>
					<swisstopo:routepoint_id>809705121</swisstopo:routepoint_id>
				</extensions>
			</trkpt>
			<trkpt lat="46.5373708486" lon="7.0193172979">
				<ele>1331.6</ele>
				<extensions>
					<swisstopo:routepoint_id>1819154780</swisstopo:routepoint_id>
				</extensions>
			</trkpt>
			<trkpt lat="46.5372722888" lon="7.0191213899">
				<ele>1336.7</ele>
				<extensions>
					<swisstopo:routepoint_id>56200659</swisstopo:routepoint_id>
				</extensions>
			</trkpt>
			<trkpt lat="46.5371944639" lon="7.0189893491">
				<ele>1339.3</ele>
				<extensions>
					<swisstopo:routepoint_id>921631210</swisstopo:routepoint_id>
				</extensions>
			</trkpt>
			<trkpt lat="46.5371278400" lon="7.0188961003">
				<ele>1340.9</ele>
				<extensions>
					<swisstopo:routepoint_id>1655228464</swisstopo:routepoint_id>
				</extensions>
			</trkpt>
			<trkpt lat="46.5370707726" lon="7.0188256666">
				<ele>1342.1</ele>
				<extensions>
					<swisstopo:routepoint_id>1553564670</swisstopo:routepoint_id>
				</extensions>
			</trkpt>
			<trkpt lat="46.5370547524" lon="7.0187992227">
				<ele>1342.3</ele>
				<extensions>
					<swisstopo:routepoint_id>416888512</swisstopo:routepoint_id>
				</extensions>
			</trkpt>
			<trkpt lat="46.5370410717" lon="7.0187562876">
				<ele>1342.9</ele>
				<extensions>
					<swisstopo:routepoint_id>1862446512</swisstopo:routepoint_id>
				</extensions>
			</trkpt>
			<trkpt lat="46.5370395612" lon="7.0187123799">
				<ele>1343.2</ele>
				<extensions>
					<swisstopo:routepoint_id>2091757586</swisstopo:routepoint_id>
				</extensions>
			</trkpt>
			<trkpt lat="46.5370455677" lon="7.0186802275">
				<ele>1343.5</ele>
				<extensions>
					<swisstopo:routepoint_id>1899600384</swisstopo:routepoint_id>
				</extensions>
			</trkpt>
			<trkpt lat="46.5371051809" lon="7.0187453581">
				<ele>1345.1</ele>
				<extensions>
					<swisstopo:routepoint_id>1056924903</swisstopo:routepoint_id>
				</extensions>
			</trkpt>
			<trkpt lat="46.5371695400" lon="7.0187658769">
				<ele>1347.2</ele>
				<extensions>
					<swisstopo:routepoint_id>226476941</swisstopo:routepoint_id>
				</extensions>
			</trkpt>
			<trkpt lat="46.5372388477" lon="7.0188281574">
				<ele>1348.9</ele>
				<extensions>
					<swisstopo:routepoint_id>1696074517</swisstopo:routepoint_id>
				</extensions>
			</trkpt>
			<trkpt lat="46.5373007958" lon="7.0188678032">
				<ele>1350.0</ele>
				<extensions>
					<swisstopo:routepoint_id>887741118</swisstopo:routepoint_id>
				</extensions>
			</trkpt>
			<trkpt lat="46.5373419004" lon="7.0188517754">
				<ele>1351.3</ele>
				<extensions>
					<swisstopo:routepoint_id>592409230</swisstopo:routepoint_id>
				</extensions>
			</trkpt>
			<trkpt lat="46.5373804860" lon="7.0188113502">
				<ele>1353.1</ele>
				<extensions>
					<swisstopo:routepoint_id>1319293215</swisstopo:routepoint_id>
				</extensions>
			</trkpt>
			<trkpt lat="46.5374187699" lon="7.0187011202">
				<ele>1355.8</ele>
				<extensions>
					<swisstopo:routepoint_id>309289565</swisstopo:routepoint_id>
				</extensions>
			</trkpt>
			<trkpt lat="46.5374390268" lon="7.0185812848">
				<ele>1357.9</ele>
				<extensions>
					<swisstopo:routepoint_id>1042391913</swisstopo:routepoint_id>
				</extensions>
			</trkpt>
			<trkpt lat="46.5374404136" lon="7.0185423190">
				<ele>1359.0</ele>
				<extensions>
					<swisstopo:routepoint_id>464773036</swisstopo:routepoint_id>
				</extensions>
			</trkpt>
			<trkpt lat="46.5374512565" lon="7.0184775518">
				<ele>1359.7</ele>
				<extensions>
					<swisstopo:routepoint_id>244202179</swisstopo:routepoint_id>
				</extensions>
			</trkpt>
			<trkpt lat="46.5374527532" lon="7.0184177965">
				<ele>1360.3</ele>
				<extensions>
					<swisstopo:routepoint_id>917170335</swisstopo:routepoint_id>
				</extensions>
			</trkpt>
			<trkpt lat="46.5374469831" lon="7.0183558061">
				<ele>1361.6</ele>
				<extensions>
					<swisstopo:routepoint_id>334948046</swisstopo:routepoint_id>
				</extensions>
			</trkpt>
			<trkpt lat="46.5374356146" lon="7.0182979202">
				<ele>1362.2</ele>
				<extensions>
					<swisstopo:routepoint_id>724621569</swisstopo:routepoint_id>
				</extensions>
			</trkpt>
			<trkpt lat="46.5374232581" lon="7.0182187567">
				<ele>1363.7</ele>
				<extensions>
					<swisstopo:routepoint_id>630603702</swisstopo:routepoint_id>
				</extensions>
			</trkpt>
			<trkpt lat="46.5374181990" lon="7.0181590269">
				<ele>1365.4</ele>
				<extensions>
					<swisstopo:routepoint_id>310270774</swisstopo:routepoint_id>
				</extensions>
			</trkpt>
			<trkpt lat="46.5374210776" lon="7.0180911134">
				<ele>1366.9</ele>
				<extensions>
					<swisstopo:routepoint_id>1409356512</swisstopo:routepoint_id>
				</extensions>
			</trkpt>
			<trkpt lat="46.5374328311" lon="7.0180172814">
				<ele>1368.3</ele>
				<extensions>
					<swisstopo:routepoint_id>2045093421</swisstopo:routepoint_id>
				</extensions>
			</trkpt>
			<trkpt lat="46.5374329322" lon="7.0179638703">
				<ele>1369.2</ele>
				<extensions>
					<swisstopo:routepoint_id>1712921008</swisstopo:routepoint_id>
				</extensions>
			</trkpt>
			<trkpt lat="46.5374362558" lon="7.0178850943">
				<ele>1371.1</ele>
				<extensions>
					<swisstopo:routepoint_id>1698462876</swisstopo:routepoint_id>
				</extensions>
			</trkpt>
			<trkpt lat="46.5374479423" lon="7.0177854646">
				<ele>1373.3</ele>
				<extensions>
					<swisstopo:routepoint_id>799066681</swisstopo:routepoint_id>
				</extensions>
			</trkpt>
			<trkpt lat="46.5374665172" lon="7.0177247364">
				<ele>1374.9</ele>
				<extensions>
					<swisstopo:routepoint_id>317563868</swisstopo:routepoint_id>
				</extensions>
			</trkpt>
			<trkpt lat="46.5374891233" lon="7.0176708320">
				<ele>1376.4</ele>
				<extensions>
					<swisstopo:routepoint_id>1639604196</swisstopo:routepoint_id>
				</extensions>
			</trkpt>
			<trkpt lat="46.5375467832" lon="7.0176608233">
				<ele>1378.7</ele>
				<extensions>
					<swisstopo:routepoint_id>770314216</swisstopo:routepoint_id>
				</extensions>
			</trkpt>
			<trkpt lat="46.5375975247" lon="7.0177035404">
				<ele>1380.6</ele>
				<extensions>
					<swisstopo:routepoint_id>1431999735</swisstopo:routepoint_id>
				</extensions>
			</trkpt>
			<trkpt lat="46.5376243278" lon="7.0177119506">
				<ele>1381.5</ele>
				<extensions>
					<swisstopo:routepoint_id>262403518</swisstopo:routepoint_id>
				</extensions>
			</trkpt>
			<trkpt lat="46.5376987596" lon="7.0177243189">
				<ele>1384.3</ele>
				<extensions>
					<swisstopo:routepoint_id>1279152805</swisstopo:routepoint_id>
				</extensions>
			</trkpt>
			<trkpt lat="46.5377850198" lon="7.0177193329">
				<ele>1388.1</ele>
				<extensions>
					<swisstopo:routepoint_id>1982987914</swisstopo:routepoint_id>
				</extensions>
			</trkpt>
			<trkpt lat="46.5378535115" lon="7.0177360440">
				<ele>1390.4</ele>
				<extensions>
					<swisstopo:routepoint_id>996748702</swisstopo:routepoint_id>
				</extensions>
			</trkpt>
			<trkpt lat="46.5379310539" lon="7.0177871717">
				<ele>1393.3</ele>
				<extensions>
					<swisstopo:routepoint_id>375967968</swisstopo:routepoint_id>
				</extensions>
			</trkpt>
			<trkpt lat="46.5379815792" lon="7.0177738449">
				<ele>1395.3</ele>
				<extensions>
					<swisstopo:routepoint_id>592378780</swisstopo:routepoint_id>
				</extensions>
			</trkpt>
			<trkpt lat="46.5380351292" lon="7.0177734287">
				<ele>1397.3</ele>
				<extensions>
					<swisstopo:routepoint_id>1328237335</swisstopo:routepoint_id>
				</extensions>
			</trkpt>
			<trkpt lat="46.5381036221" lon="7.0177901431">
				<ele>1399.9</ele>
				<extensions>
					<swisstopo:routepoint_id>1984140793</swisstopo:routepoint_id>
				</extensions>
			</trkpt>
			<trkpt lat="46.5381985500" lon="7.0177161168">
				<ele>1405.0</ele>
				<extensions>
					<swisstopo:routepoint_id>939506391</swisstopo:routepoint_id>
				</extensions>
			</trkpt>
			<trkpt lat="46.5382905835" lon="7.0176914019">
				<ele>1409.6</ele>
				<extensions>
					<swisstopo:routepoint_id>316038946</swisstopo:routepoint_id>
				</extensions>
			</trkpt>
			<trkpt lat="46.5383040769" lon="7.0176937087">
				<ele>1410.2</ele>
				<extensions>
					<swisstopo:routepoint_id>749663985</swisstopo:routepoint_id>
				</extensions>
			</trkpt>
			<trkpt lat="46.5383247845" lon="7.0177057237">
				<ele>1411.0</ele>
				<extensions>
					<swisstopo:routepoint_id>250480015</swisstopo:routepoint_id>
				</extensions>
			</trkpt>
			<trkpt lat="46.5383541053" lon="7.0177191184">
				<ele>1411.8</ele>
				<extensions>
					<swisstopo:routepoint_id>473797813</swisstopo:routepoint_id>
				</extensions>
			</trkpt>
			<trkpt lat="46.5383680456" lon="7.0177107582">
				<ele>1412.6</ele>
				<extensions>
					<swisstopo:routepoint_id>1314941870</swisstopo:routepoint_id>
				</extensions>
			</trkpt>
			<trkpt lat="46.5383875741" lon="7.0177130443">
				<ele>1413.6</ele>
				<extensions>
					<swisstopo:routepoint_id>1114899135</swisstopo:routepoint_id>
				</extensions>
			</trkpt>
			<trkpt lat="46.5383970726" lon="7.0176931032">
				<ele>1414.3</ele>
				<extensions>
					<swisstopo:routepoint_id>1824667185</swisstopo:routepoint_id>
				</extensions>
			</trkpt>
			<trkpt lat="46.5384117034" lon="7.0176870582">
				<ele>1415.0</ele>
				<extensions>
					<swisstopo:routepoint_id>591570564</swisstopo:routepoint_id>
				</extensions>
			</trkpt>
			<trkpt lat="46.5384221820" lon="7.0176939901">
				<ele>1415.4</ele>
				<extensions>
					<swisstopo:routepoint_id>1025414877</swisstopo:routepoint_id>
				</extensions>
			</trkpt>
			<trkpt lat="46.5384324061" lon="7.0176879531">
				<ele>1416.0</ele>
				<extensions>
					<swisstopo:routepoint_id>1078211009</swisstopo:routepoint_id>
				</extensions>
			</trkpt>
			<trkpt lat="46.5384555824" lon="7.0176522235">
				<ele>1417.9</ele>
				<extensions>
					<swisstopo:routepoint_id>329080062</swisstopo:routepoint_id>
				</extensions>
			</trkpt>
			<trkpt lat="46.5384622989" lon="7.0176369188">
				<ele>1418.5</ele>
				<extensions>
					<swisstopo:routepoint_id>1740162365</swisstopo:routepoint_id>
				</extensions>
			</trkpt>
			<trkpt lat="46.5384657035" lon="7.0175919568">
				<ele>1419.2</ele>
				<extensions>
					<swisstopo:routepoint_id>2027224860</swisstopo:routepoint_id>
				</extensions>
			</trkpt>
			<trkpt lat="46.5384667708" lon="7.0175400386">
				<ele>1420.4</ele>
				<extensions>
					<swisstopo:routepoint_id>1794822546</swisstopo:routepoint_id>
				</extensions>
			</trkpt>
			<trkpt lat="46.5384799620" lon="7.0175043209">
				<ele>1421.9</ele>
				<extensions>
					<swisstopo:routepoint_id>2126252318</swisstopo:routepoint_id>
				</extensions>
			</trkpt>
			<trkpt lat="46.5385003374" lon="7.0174607259">
				<ele>1423.4</ele>
				<extensions>
					<swisstopo:routepoint_id>672596697</swisstopo:routepoint_id>
				</extensions>
			</trkpt>
			<trkpt lat="46.5385131001" lon="7.0174454135">
				<ele>1424.3</ele>
				<extensions>
					<swisstopo:routepoint_id>215210035</swisstopo:routepoint_id>
				</extensions>
			</trkpt>
			<trkpt lat="46.5385344892" lon="7.0174472288">
				<ele>1425.3</ele>
				<extensions>
					<swisstopo:routepoint_id>424219725</swisstopo:routepoint_id>
				</extensions>
			</trkpt>
			<trkpt lat="46.5385563834" lon="7.0174662086">
				<ele>1425.9</ele>
				<extensions>
					<swisstopo:routepoint_id>10885960</swisstopo:routepoint_id>
				</extensions>
			</trkpt>
			<trkpt lat="46.5385868372" lon="7.0174670797">
				<ele>1427.0</ele>
				<extensions>
					<swisstopo:routepoint_id>490905162</swisstopo:routepoint_id>
				</extensions>
			</trkpt>
			<trkpt lat="46.5386335946" lon="7.0174786053">
				<ele>1428.8</ele>
				<extensions>
					<swisstopo:routepoint_id>1261278157</swisstopo:routepoint_id>
				</extensions>
			</trkpt>
			<trkpt lat="46.5386857143" lon="7.0175026298">
				<ele>1430.3</ele>
				<extensions>
					<swisstopo:routepoint_id>1994741982</swisstopo:routepoint_id>
				</extensions>
			</trkpt>
			<trkpt lat="46.5387094388" lon="7.0175058348">
				<ele>1431.1</ele>
				<extensions>
					<swisstopo:routepoint_id>173379102</swisstopo:routepoint_id>
				</extensions>
			</trkpt>
			<trkpt lat="46.5387201509" lon="7.0175174057">
				<ele>1431.3</ele>
				<extensions>
					<swisstopo:routepoint_id>2133950007</swisstopo:routepoint_id>
				</extensions>
			</trkpt>
			<trkpt lat="46.5387368945" lon="7.0175155286">
				<ele>1431.7</ele>
				<extensions>
					<swisstopo:routepoint_id>1545671217</swisstopo:routepoint_id>
				</extensions>
			</trkpt>
			<trkpt lat="46.5387533519" lon="7.0174900192">
				<ele>1433.0</ele>
				<extensions>
					<swisstopo:routepoint_id>755103620</swisstopo:routepoint_id>
				</extensions>
			</trkpt>
			<trkpt lat="46.5387912306" lon="7.0174797648">
				<ele>1434.7</ele>
				<extensions>
					<swisstopo:routepoint_id>1248005467</swisstopo:routepoint_id>
				</extensions>
			</trkpt>
			<trkpt lat="46.5388141800" lon="7.0174435672">
				<ele>1436.5</ele>
				<extensions>
					<swisstopo:routepoint_id>1185809261</swisstopo:routepoint_id>
				</extensions>
			</trkpt>
			<trkpt lat="46.5388194875" lon="7.0174240889">
				<ele>1437.1</ele>
				<extensions>
					<swisstopo:routepoint_id>2066162693</swisstopo:routepoint_id>
				</extensions>
			</trkpt>
			<trkpt lat="46.5388154966" lon="7.0174032360">
				<ele>1437.4</ele>
				<extensions>
					<swisstopo:routepoint_id>21588827</swisstopo:routepoint_id>
				</extensions>
			</trkpt>
			<trkpt lat="46.5388157067" lon="7.0173870171">
				<ele>1437.9</ele>
				<extensions>
					<swisstopo:routepoint_id>1869194970</swisstopo:routepoint_id>
				</extensions>
			</trkpt>
			<trkpt lat="46.5388428422" lon="7.0173517516">
				<ele>1439.9</ele>
				<extensions>
					<swisstopo:routepoint_id>1740765093</swisstopo:routepoint_id>
				</extensions>
			</trkpt>
			<trkpt lat="46.5388753571" lon="7.0173336259">
				<ele>1441.5</ele>
				<extensions>
					<swisstopo:routepoint_id>1203471277</swisstopo:routepoint_id>
				</extensions>
			</trkpt>
			<trkpt lat="46.5388813714" lon="7.0173155369">
				<ele>1442.2</ele>
				<extensions>
					<swisstopo:routepoint_id>1149263485</swisstopo:routepoint_id>
				</extensions>
			</trkpt>
			<trkpt lat="46.5389119808" lon="7.0172733092">
				<ele>1444.3</ele>
				<extensions>
					<swisstopo:routepoint_id>1692424000</swisstopo:routepoint_id>
				</extensions>
			</trkpt>
			<trkpt lat="46.5389312790" lon="7.0172742018">
				<ele>1445.0</ele>
				<extensions>
					<swisstopo:routepoint_id>47376770</swisstopo:routepoint_id>
				</extensions>
			</trkpt>
			<trkpt lat="46.5389412572" lon="7.0172649206">
				<ele>1445.6</ele>
				<extensions>
					<swisstopo:routepoint_id>326463265</swisstopo:routepoint_id>
				</extensions>
			</trkpt>
			<trkpt lat="46.5389477157" lon="7.0172357082">
				<ele>1446.3</ele>
				<extensions>
					<swisstopo:routepoint_id>1259096229</swisstopo:routepoint_id>
				</extensions>
			</trkpt>
			<trkpt lat="46.5389760342" lon="7.0172138865">
				<ele>1447.5</ele>
				<extensions>
					<swisstopo:routepoint_id>1357025967</swisstopo:routepoint_id>
				</extensions>
			</trkpt>
			<trkpt lat="46.5389890154" lon="7.0171920804">
				<ele>1448.2</ele>
				<extensions>
					<swisstopo:routepoint_id>1928944497</swisstopo:routepoint_id>
				</extensions>
			</trkpt>
			<trkpt lat="46.5389938570" lon="7.0171707414">
				<ele>1448.8</ele>
				<extensions>
					<swisstopo:routepoint_id>1378787261</swisstopo:routepoint_id>
				</extensions>
			</trkpt>
			<trkpt lat="46.5390207942" lon="7.0171498431">
				<ele>1450.1</ele>
				<extensions>
					<swisstopo:routepoint_id>11070529</swisstopo:routepoint_id>
				</extensions>
			</trkpt>
			<trkpt lat="46.5390326218" lon="7.0171349941">
				<ele>1450.8</ele>
				<extensions>
					<swisstopo:routepoint_id>718085867</swisstopo:routepoint_id>
				</extensions>
			</trkpt>
			<trkpt lat="46.5390351464" lon="7.0171169190">
				<ele>1451.3</ele>
				<extensions>
					<swisstopo:routepoint_id>345030281</swisstopo:routepoint_id>
				</extensions>
			</trkpt>
			<trkpt lat="46.5390288097" lon="7.0170844818">
				<ele>1451.6</ele>
				<extensions>
					<swisstopo:routepoint_id>598254505</swisstopo:routepoint_id>
				</extensions>
			</trkpt>
			<trkpt lat="46.5390254721" lon="7.0170381376">
				<ele>1452.5</ele>
				<extensions>
					<swisstopo:routepoint_id>808328661</swisstopo:routepoint_id>
				</extensions>
			</trkpt>
			<trkpt lat="46.5390256434" lon="7.0170093914">
				<ele>1453.2</ele>
				<extensions>
					<swisstopo:routepoint_id>805913470</swisstopo:routepoint_id>
				</extensions>
			</trkpt>
			<trkpt lat="46.5390341996" lon="7.0169829523">
				<ele>1454.0</ele>
				<extensions>
					<swisstopo:routepoint_id>47707343</swisstopo:routepoint_id>
				</extensions>
			</trkpt>
			<trkpt lat="46.5390364908" lon="7.0169653353">
				<ele>1454.4</ele>
				<extensions>
					<swisstopo:routepoint_id>2103915835</swisstopo:routepoint_id>
				</extensions>
			</trkpt>
			<trkpt lat="46.5390430310" lon="7.0169410108">
				<ele>1455.1</ele>
				<extensions>
					<swisstopo:routepoint_id>908847957</swisstopo:routepoint_id>
				</extensions>
			</trkpt>
			<trkpt lat="46.5390739046" lon="7.0169218028">
				<ele>1456.6</ele>
				<extensions>
					<swisstopo:routepoint_id>1465612321</swisstopo:routepoint_id>
				</extensions>
			</trkpt>
			<trkpt lat="46.5391071160" lon="7.0168922256">
				<ele>1458.5</ele>
				<extensions>
					<swisstopo:routepoint_id>524468287</swisstopo:routepoint_id>
				</extensions>
			</trkpt>
			<trkpt lat="46.5391594460" lon="7.0168832009">
				<ele>1460.8</ele>
				<extensions>
					<swisstopo:routepoint_id>2126048960</swisstopo:routepoint_id>
				</extensions>
			</trkpt>
			<trkpt lat="46.5392165780" lon="7.0168709059">
				<ele>1463.7</ele>
				<extensions>
					<swisstopo:routepoint_id>10859444</swisstopo:routepoint_id>
				</extensions>
			</trkpt>
			<trkpt lat="46.5392466773" lon="7.0168807094">
				<ele>1464.5</ele>
				<extensions>
					<swisstopo:routepoint_id>2088325316</swisstopo:routepoint_id>
				</extensions>
			</trkpt>
			<trkpt lat="46.5392763155" lon="7.0168798527">
				<ele>1466.1</ele>
				<extensions>
					<swisstopo:routepoint_id>1183431569</swisstopo:routepoint_id>
				</extensions>
			</trkpt>
			<trkpt lat="46.5393112489" lon="7.0168832050">
				<ele>1467.5</ele>
				<extensions>
					<swisstopo:routepoint_id>492252659</swisstopo:routepoint_id>
				</extensions>
			</trkpt>
			<trkpt lat="46.5393337471" lon="7.0168491741">
				<ele>1469.4</ele>
				<extensions>
					<swisstopo:routepoint_id>1702606762</swisstopo:routepoint_id>
				</extensions>
			</trkpt>
			<trkpt lat="46.5393329519" lon="7.0168067731">
				<ele>1470.0</ele>
				<extensions>
					<swisstopo:routepoint_id>1031869641</swisstopo:routepoint_id>
				</extensions>
			</trkpt>
			<trkpt lat="46.5393424203" lon="7.0167841204">
				<ele>1471.0</ele>
				<extensions>
					<swisstopo:routepoint_id>1547650015</swisstopo:routepoint_id>
				</extensions>
			</trkpt>
			<trkpt lat="46.5393421354" lon="7.0167265538">
				<ele>1472.6</ele>
				<extensions>
					<swisstopo:routepoint_id>1706374979</swisstopo:routepoint_id>
				</extensions>
			</trkpt>
			<trkpt lat="46.5393658671" lon="7.0167074012">
				<ele>1473.8</ele>
				<extensions>
					<swisstopo:routepoint_id>649316998</swisstopo:routepoint_id>
				</extensions>
			</trkpt>
			<trkpt lat="46.5393859445" lon="7.0166658544">
				<ele>1475.6</ele>
				<extensions>
					<swisstopo:routepoint_id>1024012808</swisstopo:routepoint_id>
				</extensions>
			</trkpt>
			<trkpt lat="46.5393916923" lon="7.0166123472">
				<ele>1477.3</ele>
				<extensions>
					<swisstopo:routepoint_id>672658888</swisstopo:routepoint_id>
				</extensions>
			</trkpt>
			<trkpt lat="46.5394237720" lon="7.0165983045">
				<ele>1478.8</ele>
				<extensions>
					<swisstopo:routepoint_id>737163433</swisstopo:routepoint_id>
				</extensions>
			</trkpt>
			<trkpt lat="46.5394877352" lon="7.0165167458">
				<ele>1483.0</ele>
				<extensions>
					<swisstopo:routepoint_id>1561815302</swisstopo:routepoint_id>
				</extensions>
			</trkpt>
			<trkpt lat="46.5395069799" lon="7.0164762871">
				<ele>1484.3</ele>
				<extensions>
					<swisstopo:routepoint_id>248100647</swisstopo:routepoint_id>
				</extensions>
			</trkpt>
			<trkpt lat="46.5395234735" lon="7.0164313132">
				<ele>1485.6</ele>
				<extensions>
					<swisstopo:routepoint_id>1865247479</swisstopo:routepoint_id>
				</extensions>
			</trkpt>
			<trkpt lat="46.5395415323" lon="7.0163550792">
				<ele>1487.3</ele>
				<extensions>
					<swisstopo:routepoint_id>1630113294</swisstopo:routepoint_id>
				</extensions>
			</trkpt>
			<trkpt lat="46.5395549765" lon="7.0163151740">
				<ele>1488.6</ele>
				<extensions>
					<swisstopo:routepoint_id>1296355787</swisstopo:routepoint_id>
				</extensions>
			</trkpt>
			<trkpt lat="46.5395652526" lon="7.0162965171">
				<ele>1488.8</ele>
				<extensions>
					<swisstopo:routepoint_id>849002065</swisstopo:routepoint_id>
				</extensions>
			</trkpt>
			<trkpt lat="46.5395651962" lon="7.0162715785">
				<ele>1489.3</ele>
				<extensions>
					<swisstopo:routepoint_id>1133015202</swisstopo:routepoint_id>
				</extensions>
			</trkpt>
			<trkpt lat="46.5395896412" lon="7.0162555881">
				<ele>1490.3</ele>
				<extensions>
					<swisstopo:routepoint_id>351954720</swisstopo:routepoint_id>
				</extensions>
			</trkpt>
			<trkpt lat="46.5395947034" lon="7.0162283673">
				<ele>1490.8</ele>
				<extensions>
					<swisstopo:routepoint_id>1677299327</swisstopo:routepoint_id>
				</extensions>
			</trkpt>
			<trkpt lat="46.5396130472" lon="7.0162046546">
				<ele>1491.6</ele>
				<extensions>
					<swisstopo:routepoint_id>1120287168</swisstopo:routepoint_id>
				</extensions>
			</trkpt>
			<trkpt lat="46.5396380092" lon="7.0161726640">
				<ele>1492.8</ele>
				<extensions>
					<swisstopo:routepoint_id>360514765</swisstopo:routepoint_id>
				</extensions>
			</trkpt>
			<trkpt lat="46.5396817110" lon="7.0161269040">
				<ele>1494.6</ele>
				<extensions>
					<swisstopo:routepoint_id>291344275</swisstopo:routepoint_id>
				</extensions>
			</trkpt>
			<trkpt lat="46.5397223845" lon="7.0161084399">
				<ele>1495.4</ele>
				<extensions>
					<swisstopo:routepoint_id>1313269963</swisstopo:routepoint_id>
				</extensions>
			</trkpt>
			<trkpt lat="46.5397725756" lon="7.0161216712">
				<ele>1495.9</ele>
				<extensions>
					<swisstopo:routepoint_id>723018727</swisstopo:routepoint_id>
				</extensions>
			</trkpt>
			<trkpt lat="46.5398205148" lon="7.0161317397">
				<ele>1496.3</ele>
				<extensions>
					<swisstopo:routepoint_id>571061310</swisstopo:routepoint_id>
				</extensions>
			</trkpt>
			<trkpt lat="46.5398459804" lon="7.0161507696">
				<ele>1496.7</ele>
				<extensions>
					<swisstopo:routepoint_id>960504887</swisstopo:routepoint_id>
				</extensions>
			</trkpt>
			<trkpt lat="46.5398605948" lon="7.0161568742">
				<ele>1497.2</ele>
				<extensions>
					<swisstopo:routepoint_id>1381157330</swisstopo:routepoint_id>
				</extensions>
			</trkpt>
			<trkpt lat="46.5398898225" lon="7.0161690828">
				<ele>1498.2</ele>
				<extensions>
					<swisstopo:routepoint_id>1838993622</swisstopo:routepoint_id>
				</extensions>
			</trkpt>
			<trkpt lat="46.5399181952" lon="7.0161837885">
				<ele>1499.1</ele>
				<extensions>
					<swisstopo:routepoint_id>1141762681</swisstopo:routepoint_id>
				</extensions>
			</trkpt>
			<trkpt lat="46.5399405957" lon="7.0162059972">
				<ele>1500.1</ele>
				<extensions>
					<swisstopo:routepoint_id>1360979954</swisstopo:routepoint_id>
				</extensions>
			</trkpt>
			<trkpt lat="46.5399639071" lon="7.0162431390">
				<ele>1500.5</ele>
				<extensions>
					<swisstopo:routepoint_id>176535723</swisstopo:routepoint_id>
				</extensions>
			</trkpt>
			<trkpt lat="46.5399911558" lon="7.0163061668">
				<ele>1500.6</ele>
				<extensions>
					<swisstopo:routepoint_id>470471311</swisstopo:routepoint_id>
				</extensions>
			</trkpt>
			<trkpt lat="46.5399940863" lon="7.0163226481">
				<ele>1500.5</ele>
				<extensions>
					<swisstopo:routepoint_id>590978898</swisstopo:routepoint_id>
				</extensions>
			</trkpt>
			<trkpt lat="46.5399926536" lon="7.0163679871">
				<ele>1501.3</ele>
				<extensions>
					<swisstopo:routepoint_id>20734416</swisstopo:routepoint_id>
				</extensions>
			</trkpt>
			<trkpt lat="46.5399832375" lon="7.0164342995">
				<ele>1502.3</ele>
				<extensions>
					<swisstopo:routepoint_id>1879672319</swisstopo:routepoint_id>
				</extensions>
			</trkpt>
			<trkpt lat="46.5399991572" lon="7.0164891370">
				<ele>1503.3</ele>
				<extensions>
					<swisstopo:routepoint_id>534970323</swisstopo:routepoint_id>
				</extensions>
			</trkpt>
			<trkpt lat="46.5400192937" lon="7.0165096822">
				<ele>1503.9</ele>
				<extensions>
					<swisstopo:routepoint_id>1661977436</swisstopo:routepoint_id>
				</extensions>
			</trkpt>
			<trkpt lat="46.5400433286" lon="7.0165115939">
				<ele>1505.0</ele>
				<extensions>
					<swisstopo:routepoint_id>1046561138</swisstopo:routepoint_id>
				</extensions>
			</trkpt>
			<trkpt lat="46.5400658439" lon="7.0165330981">
				<ele>1506.3</ele>
				<extensions>
					<swisstopo:routepoint_id>121702326</swisstopo:routepoint_id>
				</extensions>
			</trkpt>
			<trkpt lat="46.5400786455" lon="7.0165623306">
				<ele>1507.0</ele>
				<extensions>
					<swisstopo:routepoint_id>2075426821</swisstopo:routepoint_id>
				</extensions>
			</trkpt>
			<trkpt lat="46.5400843806" lon="7.0165805891">
				<ele>1507.7</ele>
				<extensions>
					<swisstopo:routepoint_id>543159453</swisstopo:routepoint_id>
				</extensions>
			</trkpt>
			<trkpt lat="46.5401021231" lon="7.0165984282">
				<ele>1508.4</ele>
				<extensions>
					<swisstopo:routepoint_id>198080729</swisstopo:routepoint_id>
				</extensions>
			</trkpt>
			<trkpt lat="46.5401275393" lon="7.0166237168">
				<ele>1509.4</ele>
				<extensions>
					<swisstopo:routepoint_id>846125709</swisstopo:routepoint_id>
				</extensions>
			</trkpt>
			<trkpt lat="46.5401547000" lon="7.0166583520">
				<ele>1510.6</ele>
				<extensions>
					<swisstopo:routepoint_id>432690293</swisstopo:routepoint_id>
				</extensions>
			</trkpt>
			<trkpt lat="46.5401989688" lon="7.0166753976">
				<ele>1512.6</ele>
				<extensions>
					<swisstopo:routepoint_id>268349399</swisstopo:routepoint_id>
				</extensions>
			</trkpt>
			<trkpt lat="46.5402472163" lon="7.0167247694">
				<ele>1514.7</ele>
				<extensions>
					<swisstopo:routepoint_id>1416381542</swisstopo:routepoint_id>
				</extensions>
			</trkpt>
			<trkpt lat="46.5402756490" lon="7.0167556530">
				<ele>1516.0</ele>
				<extensions>
					<swisstopo:routepoint_id>1984529357</swisstopo:routepoint_id>
				</extensions>
			</trkpt>
			<trkpt lat="46.5403076150" lon="7.0168101316">
				<ele>1518.1</ele>
				<extensions>
					<swisstopo:routepoint_id>870508903</swisstopo:routepoint_id>
				</extensions>
			</trkpt>
			<trkpt lat="46.5403249492" lon="7.0168560158">
				<ele>1519.7</ele>
				<extensions>
					<swisstopo:routepoint_id>1186297893</swisstopo:routepoint_id>
				</extensions>
			</trkpt>
			<trkpt lat="46.5403458161" lon="7.0169279979">
				<ele>1522.1</ele>
				<extensions>
					<swisstopo:routepoint_id>1229376240</swisstopo:routepoint_id>
				</extensions>
			</trkpt>
			<trkpt lat="46.5403691543" lon="7.0169725969">
				<ele>1523.6</ele>
				<extensions>
					<swisstopo:routepoint_id>1088444998</swisstopo:routepoint_id>
				</extensions>
			</trkpt>
			<trkpt lat="46.5403907561" lon="7.0170122296">
				<ele>1525.4</ele>
				<extensions>
					<swisstopo:routepoint_id>2029869320</swisstopo:routepoint_id>
				</extensions>
			</trkpt>
			<trkpt lat="46.5404107884" lon="7.0170605178">
				<ele>1527.4</ele>
				<extensions>
					<swisstopo:routepoint_id>376284984</swisstopo:routepoint_id>
				</extensions>
			</trkpt>
			<trkpt lat="46.5404152130" lon="7.0170407590">
				<ele>1527.7</ele>
				<extensions>
					<swisstopo:routepoint_id>1032429592</swisstopo:routepoint_id>
				</extensions>
			</trkpt>
			<trkpt lat="46.5404195525" lon="7.0169760894">
				<ele>1527.4</ele>
				<extensions>
					<swisstopo:routepoint_id>2113812959</swisstopo:routepoint_id>
				</extensions>
			</trkpt>
			<trkpt lat="46.5404244413" lon="7.0169626237">
				<ele>1527.7</ele>
				<extensions>
					<swisstopo:routepoint_id>2098544520</swisstopo:routepoint_id>
				</extensions>
			</trkpt>
			<trkpt lat="46.5404313867" lon="7.0169725165">
				<ele>1528.0</ele>
				<extensions>
					<swisstopo:routepoint_id>1643798904</swisstopo:routepoint_id>
				</extensions>
			</trkpt>
			<trkpt lat="46.5404430728" lon="7.0170116007">
				<ele>1529.4</ele>
				<extensions>
					<swisstopo:routepoint_id>693395018</swisstopo:routepoint_id>
				</extensions>
			</trkpt>
			<trkpt lat="46.5404803222" lon="7.0170936240">
				<ele>1531.5</ele>
				<extensions>
					<swisstopo:routepoint_id>1603594524</swisstopo:routepoint_id>
				</extensions>
			</trkpt>
			<trkpt lat="46.5405097479" lon="7.0171593214">
				<ele>1533.4</ele>
				<extensions>
					<swisstopo:routepoint_id>1553689371</swisstopo:routepoint_id>
				</extensions>
			</trkpt>
			<trkpt lat="46.5405504432" lon="7.0172560233">
				<ele>1536.7</ele>
				<extensions>
					<swisstopo:routepoint_id>1685676085</swisstopo:routepoint_id>
				</extensions>
			</trkpt>
			<trkpt lat="46.5405860065" lon="7.0173564944">
				<ele>1539.7</ele>
				<extensions>
					<swisstopo:routepoint_id>262801931</swisstopo:routepoint_id>
				</extensions>
			</trkpt>
			<trkpt lat="46.5405981994" lon="7.0174036575">
				<ele>1540.9</ele>
				<extensions>
					<swisstopo:routepoint_id>1266503285</swisstopo:routepoint_id>
				</extensions>
			</trkpt>
			<trkpt lat="46.5406154874" lon="7.0174371185">
				<ele>1541.7</ele>
				<extensions>
					<swisstopo:routepoint_id>1950149457</swisstopo:routepoint_id>
				</extensions>
			</trkpt>
			<trkpt lat="46.5406344241" lon="7.0174518849">
				<ele>1542.6</ele>
				<extensions>
					<swisstopo:routepoint_id>926215959</swisstopo:routepoint_id>
				</extensions>
			</trkpt>
			<trkpt lat="46.5406558968" lon="7.0174566982">
				<ele>1543.6</ele>
				<extensions>
					<swisstopo:routepoint_id>1884070482</swisstopo:routepoint_id>
				</extensions>
			</trkpt>
			<trkpt lat="46.5406634213" lon="7.0174019116">
				<ele>1544.5</ele>
				<extensions>
					<swisstopo:routepoint_id>225503970</swisstopo:routepoint_id>
				</extensions>
			</trkpt>
			<trkpt lat="46.5406674587" lon="7.0173334635">
				<ele>1545.4</ele>
				<extensions>
					<swisstopo:routepoint_id>1360542118</swisstopo:routepoint_id>
				</extensions>
			</trkpt>
			<trkpt lat="46.5406894816" lon="7.0172561799">
				<ele>1547.2</ele>
				<extensions>
					<swisstopo:routepoint_id>611220017</swisstopo:routepoint_id>
				</extensions>
			</trkpt>
			<trkpt lat="46.5407020406" lon="7.0171690103">
				<ele>1548.3</ele>
				<extensions>
					<swisstopo:routepoint_id>781497067</swisstopo:routepoint_id>
				</extensions>
			</trkpt>
			<trkpt lat="46.5407035332" lon="7.0171105420">
				<ele>1548.5</ele>
				<extensions>
					<swisstopo:routepoint_id>320118286</swisstopo:routepoint_id>
				</extensions>
			</trkpt>
			<trkpt lat="46.5406947258" lon="7.0170496641">
				<ele>1548.4</ele>
				<extensions>
					<swisstopo:routepoint_id>1095929515</swisstopo:routepoint_id>
				</extensions>
			</trkpt>
			<trkpt lat="46.5406893727" lon="7.0169937262">
				<ele>1548.7</ele>
				<extensions>
					<swisstopo:routepoint_id>2061429738</swisstopo:routepoint_id>
				</extensions>
			</trkpt>
			<trkpt lat="46.5406937289" lon="7.0168949522">
				<ele>1550.1</ele>
				<extensions>
					<swisstopo:routepoint_id>1651590859</swisstopo:routepoint_id>
				</extensions>
			</trkpt>
			<trkpt lat="46.5407040660" lon="7.0167908650">
				<ele>1550.9</ele>
				<extensions>
					<swisstopo:routepoint_id>337036114</swisstopo:routepoint_id>
				</extensions>
			</trkpt>
			<trkpt lat="46.5407060690" lon="7.0167463031">
				<ele>1551.9</ele>
				<extensions>
					<swisstopo:routepoint_id>730499259</swisstopo:routepoint_id>
				</extensions>
			</trkpt>
			<trkpt lat="46.5407196106" lon="7.0166840647">
				<ele>1552.9</ele>
				<extensions>
					<swisstopo:routepoint_id>237062692</swisstopo:routepoint_id>
				</extensions>
			</trkpt>
			<trkpt lat="46.5407427630" lon="7.0166058857">
				<ele>1554.5</ele>
				<extensions>
					<swisstopo:routepoint_id>1746928868</swisstopo:routepoint_id>
				</extensions>
			</trkpt>
			<trkpt lat="46.5407566680" lon="7.0165712822">
				<ele>1555.5</ele>
				<extensions>
					<swisstopo:routepoint_id>623637004</swisstopo:routepoint_id>
				</extensions>
			</trkpt>
			<trkpt lat="46.5408110838" lon="7.0164187583">
				<ele>1558.4</ele>
				<extensions>
					<swisstopo:routepoint_id>1800872146</swisstopo:routepoint_id>
				</extensions>
			</trkpt>
			<trkpt lat="46.5408489167" lon="7.0162894260">
				<ele>1560.0</ele>
				<extensions>
					<swisstopo:routepoint_id>1996051819</swisstopo:routepoint_id>
				</extensions>
			</trkpt>
			<trkpt lat="46.5408594977" lon="7.0162366618">
				<ele>1560.9</ele>
				<extensions>
					<swisstopo:routepoint_id>280197549</swisstopo:routepoint_id>
				</extensions>
			</trkpt>
			<trkpt lat="46.5408834181" lon="7.0161545392">
				<ele>1562.8</ele>
				<extensions>
					<swisstopo:routepoint_id>196531805</swisstopo:routepoint_id>
				</extensions>
			</trkpt>
			<trkpt lat="46.5408994525" lon="7.0161192931">
				<ele>1564.1</ele>
				<extensions>
					<swisstopo:routepoint_id>1400533396</swisstopo:routepoint_id>
				</extensions>
			</trkpt>
			<trkpt lat="46.5409222485" lon="7.0160976568">
				<ele>1565.4</ele>
				<extensions>
					<swisstopo:routepoint_id>810037447</swisstopo:routepoint_id>
				</extensions>
			</trkpt>
			<trkpt lat="46.5409221253" lon="7.0160644922">
				<ele>1566.0</ele>
				<extensions>
					<swisstopo:routepoint_id>1648194300</swisstopo:routepoint_id>
				</extensions>
			</trkpt>
			<trkpt lat="46.5409341406" lon="7.0160370864">
				<ele>1566.7</ele>
				<extensions>
					<swisstopo:routepoint_id>877005323</swisstopo:routepoint_id>
				</extensions>
			</trkpt>
			<trkpt lat="46.5409516819" lon="7.0160467012">
				<ele>1567.6</ele>
				<extensions>
					<swisstopo:routepoint_id>660383917</swisstopo:routepoint_id>
				</extensions>
			</trkpt>
			<trkpt lat="46.5409639203" lon="7.0160817137">
				<ele>1568.4</ele>
				<extensions>
					<swisstopo:routepoint_id>974437477</swisstopo:routepoint_id>
				</extensions>
			</trkpt>
			<trkpt lat="46.5409721375" lon="7.0161167706">
				<ele>1569.2</ele>
				<extensions>
					<swisstopo:routepoint_id>1978625496</swisstopo:routepoint_id>
				</extensions>
			</trkpt>
			<trkpt lat="46.5409737603" lon="7.0161928405">
				<ele>1569.7</ele>
				<extensions>
					<swisstopo:routepoint_id>1031247198</swisstopo:routepoint_id>
				</extensions>
			</trkpt>
			<trkpt lat="46.5409794513" lon="7.0162766876">
				<ele>1570.5</ele>
				<extensions>
					<swisstopo:routepoint_id>1950518779</swisstopo:routepoint_id>
				</extensions>
			</trkpt>
			<trkpt lat="46.5409985574" lon="7.0163467939">
				<ele>1571.8</ele>
				<extensions>
					<swisstopo:routepoint_id>547624082</swisstopo:routepoint_id>
				</extensions>
			</trkpt>
			<trkpt lat="46.5410014086" lon="7.0163877463">
				<ele>1572.4</ele>
				<extensions>
					<swisstopo:routepoint_id>980563880</swisstopo:routepoint_id>
				</extensions>
			</trkpt>
			<trkpt lat="46.5409881031" lon="7.0164288116">
				<ele>1572.0</ele>
				<extensions>
					<swisstopo:routepoint_id>600847782</swisstopo:routepoint_id>
				</extensions>
			</trkpt>
			<trkpt lat="46.5409884652" lon="7.0165263629">
				<ele>1572.5</ele>
				<extensions>
					<swisstopo:routepoint_id>481740596</swisstopo:routepoint_id>
				</extensions>
			</trkpt>
			<trkpt lat="46.5409901022" lon="7.0166063436">
				<ele>1572.6</ele>
				<extensions>
					<swisstopo:routepoint_id>651927370</swisstopo:routepoint_id>
				</extensions>
			</trkpt>
			<trkpt lat="46.5410032061" lon="7.0167339627">
				<ele>1573.9</ele>
				<extensions>
					<swisstopo:routepoint_id>233991461</swisstopo:routepoint_id>
				</extensions>
			</trkpt>
			<trkpt lat="46.5410282640" lon="7.0167668289">
				<ele>1575.2</ele>
				<extensions>
					<swisstopo:routepoint_id>1699780386</swisstopo:routepoint_id>
				</extensions>
			</trkpt>
			<trkpt lat="46.5410464012" lon="7.0167891240">
				<ele>1576.3</ele>
				<extensions>
					<swisstopo:routepoint_id>168761718</swisstopo:routepoint_id>
				</extensions>
			</trkpt>
			<trkpt lat="46.5410404001" lon="7.0168446550">
				<ele>1576.0</ele>
				<extensions>
					<swisstopo:routepoint_id>1336389613</swisstopo:routepoint_id>
				</extensions>
			</trkpt>
			<trkpt lat="46.5410467965" lon="7.0168835592">
				<ele>1576.5</ele>
				<extensions>
					<swisstopo:routepoint_id>1569900665</swisstopo:routepoint_id>
				</extensions>
			</trkpt>
			<trkpt lat="46.5410597049" lon="7.0169149948">
				<ele>1577.0</ele>
				<extensions>
					<swisstopo:routepoint_id>202613880</swisstopo:routepoint_id>
				</extensions>
			</trkpt>
			<trkpt lat="46.5410762312" lon="7.0168183808">
				<ele>1578.7</ele>
				<extensions>
					<swisstopo:routepoint_id>2096514208</swisstopo:routepoint_id>
				</extensions>
			</trkpt>
			<trkpt lat="46.5410896765" lon="7.0167858014">
				<ele>1579.5</ele>
				<extensions>
					<swisstopo:routepoint_id>1847341441</swisstopo:routepoint_id>
				</extensions>
			</trkpt>
			<trkpt lat="46.5411024828" lon="7.0167412851">
				<ele>1580.5</ele>
				<extensions>
					<swisstopo:routepoint_id>1284358034</swisstopo:routepoint_id>
				</extensions>
			</trkpt>
			<trkpt lat="46.5411211153" lon="7.0166787588">
				<ele>1582.0</ele>
				<extensions>
					<swisstopo:routepoint_id>202980210</swisstopo:routepoint_id>
				</extensions>
			</trkpt>
			<trkpt lat="46.5411263368" lon="7.0166556562">
				<ele>1582.5</ele>
				<extensions>
					<swisstopo:routepoint_id>1163770098</swisstopo:routepoint_id>
				</extensions>
			</trkpt>
			<trkpt lat="46.5411408970" lon="7.0166085450">
				<ele>1583.8</ele>
				<extensions>
					<swisstopo:routepoint_id>1150155535</swisstopo:routepoint_id>
				</extensions>
			</trkpt>
			<trkpt lat="46.5411631496" lon="7.0165665104">
				<ele>1585.1</ele>
				<extensions>
					<swisstopo:routepoint_id>372527220</swisstopo:routepoint_id>
				</extensions>
			</trkpt>
			<trkpt lat="46.5411713445" lon="7.0165519237">
				<ele>1585.7</ele>
				<extensions>
					<swisstopo:routepoint_id>1304713991</swisstopo:routepoint_id>
				</extensions>
			</trkpt>
			<trkpt lat="46.5411788374" lon="7.0165057280">
				<ele>1586.7</ele>
				<extensions>
					<swisstopo:routepoint_id>1796057289</swisstopo:routepoint_id>
				</extensions>
			</trkpt>
			<trkpt lat="46.5412091896" lon="7.0164234634">
				<ele>1588.6</ele>
				<extensions>
					<swisstopo:routepoint_id>1871472693</swisstopo:routepoint_id>
				</extensions>
			</trkpt>
			<trkpt lat="46.5412378299" lon="7.0163574564">
				<ele>1590.2</ele>
				<extensions>
					<swisstopo:routepoint_id>1708566390</swisstopo:routepoint_id>
				</extensions>
			</trkpt>
			<trkpt lat="46.5412817276" lon="7.0162699628">
				<ele>1592.6</ele>
				<extensions>
					<swisstopo:routepoint_id>1529674261</swisstopo:routepoint_id>
				</extensions>
			</trkpt>
			<trkpt lat="46.5413016556" lon="7.0162390534">
				<ele>1593.5</ele>
				<extensions>
					<swisstopo:routepoint_id>1606071972</swisstopo:routepoint_id>
				</extensions>
			</trkpt>
			<trkpt lat="46.5413274967" lon="7.0162115006">
				<ele>1594.4</ele>
				<extensions>
					<swisstopo:routepoint_id>1251250428</swisstopo:routepoint_id>
				</extensions>
			</trkpt>
			<trkpt lat="46.5413634199" lon="7.0162026812">
				<ele>1595.7</ele>
				<extensions>
					<swisstopo:routepoint_id>1520447383</swisstopo:routepoint_id>
				</extensions>
			</trkpt>
			<trkpt lat="46.5413834264" lon="7.0161905573">
				<ele>1596.4</ele>
				<extensions>
					<swisstopo:routepoint_id>1944542547</swisstopo:routepoint_id>
				</extensions>
			</trkpt>
			<trkpt lat="46.5414016202" lon="7.0161699216">
				<ele>1596.9</ele>
				<extensions>
					<swisstopo:routepoint_id>192925410</swisstopo:routepoint_id>
				</extensions>
			</trkpt>
			<trkpt lat="46.5414275311" lon="7.0161611672">
				<ele>1597.6</ele>
				<extensions>
					<swisstopo:routepoint_id>562724514</swisstopo:routepoint_id>
				</extensions>
			</trkpt>
			<trkpt lat="46.5415183092" lon="7.0161326382">
				<ele>1600.3</ele>
				<extensions>
					<swisstopo:routepoint_id>2072130959</swisstopo:routepoint_id>
				</extensions>
			</trkpt>
			<trkpt lat="46.5415590879" lon="7.0161183835">
				<ele>1601.6</ele>
				<extensions>
					<swisstopo:routepoint_id>980910133</swisstopo:routepoint_id>
				</extensions>
			</trkpt>
			<trkpt lat="46.5416315762" lon="7.0160871421">
				<ele>1604.3</ele>
				<extensions>
					<swisstopo:routepoint_id>769252839</swisstopo:routepoint_id>
				</extensions>
			</trkpt>
			<trkpt lat="46.5416627453" lon="7.0161037815">
				<ele>1605.9</ele>
				<extensions>
					<swisstopo:routepoint_id>680948986</swisstopo:routepoint_id>
				</extensions>
			</trkpt>
			<trkpt lat="46.5416898700" lon="7.0160778481">
				<ele>1607.0</ele>
				<extensions>
					<swisstopo:routepoint_id>546909678</swisstopo:routepoint_id>
				</extensions>
			</trkpt>
			<trkpt lat="46.5417026172" lon="7.0161069122">
				<ele>1608.0</ele>
				<extensions>
					<swisstopo:routepoint_id>313076804</swisstopo:routepoint_id>
				</extensions>
			</trkpt>
			<trkpt lat="46.5417230488" lon="7.0161124107">
				<ele>1608.8</ele>
				<extensions>
					<swisstopo:routepoint_id>518138827</swisstopo:routepoint_id>
				</extensions>
			</trkpt>
			<trkpt lat="46.5417809983" lon="7.0160952586">
				<ele>1611.7</ele>
				<extensions>
					<swisstopo:routepoint_id>1351104315</swisstopo:routepoint_id>
				</extensions>
			</trkpt>
			<trkpt lat="46.5418181783" lon="7.0160686988">
				<ele>1613.3</ele>
				<extensions>
					<swisstopo:routepoint_id>2062467106</swisstopo:routepoint_id>
				</extensions>
			</trkpt>
			<trkpt lat="46.5418428262" lon="7.0160758461">
				<ele>1614.4</ele>
				<extensions>
					<swisstopo:routepoint_id>435701447</swisstopo:routepoint_id>
				</extensions>
			</trkpt>
			<trkpt lat="46.5418739250" lon="7.0160711840">
				<ele>1616.0</ele>
				<extensions>
					<swisstopo:routepoint_id>1357871388</swisstopo:routepoint_id>
				</extensions>
			</trkpt>
			<trkpt lat="46.5419017559" lon="7.0160609412">
				<ele>1617.3</ele>
				<extensions>
					<swisstopo:routepoint_id>2023368919</swisstopo:routepoint_id>
				</extensions>
			</trkpt>
			<trkpt lat="46.5419412252" lon="7.0160405303">
				<ele>1619.2</ele>
				<extensions>
					<swisstopo:routepoint_id>1872380630</swisstopo:routepoint_id>
				</extensions>
			</trkpt>
			<trkpt lat="46.5419641919" lon="7.0160286310">
				<ele>1620.2</ele>
				<extensions>
					<swisstopo:routepoint_id>258468752</swisstopo:routepoint_id>
				</extensions>
			</trkpt>
			<trkpt lat="46.5419903781" lon="7.0160116609">
				<ele>1621.6</ele>
				<extensions>
					<swisstopo:routepoint_id>1697226379</swisstopo:routepoint_id>
				</extensions>
			</trkpt>
			<trkpt lat="46.5420353945" lon="7.0160024445">
				<ele>1623.5</ele>
				<extensions>
					<swisstopo:routepoint_id>1594582356</swisstopo:routepoint_id>
				</extensions>
			</trkpt>
			<trkpt lat="46.5420687253" lon="7.0159882346">
				<ele>1625.4</ele>
				<extensions>
					<swisstopo:routepoint_id>929900225</swisstopo:routepoint_id>
				</extensions>
			</trkpt>
			<trkpt lat="46.5420809679" lon="7.0159663022">
				<ele>1626.1</ele>
				<extensions>
					<swisstopo:routepoint_id>1634785249</swisstopo:routepoint_id>
				</extensions>
			</trkpt>
			<trkpt lat="46.5420912144" lon="7.0159326127">
				<ele>1627.0</ele>
				<extensions>
					<swisstopo:routepoint_id>650462697</swisstopo:routepoint_id>
				</extensions>
			</trkpt>
			<trkpt lat="46.5421028441" lon="7.0159224573">
				<ele>1627.5</ele>
				<extensions>
					<swisstopo:routepoint_id>2051436926</swisstopo:routepoint_id>
				</extensions>
			</trkpt>
			<trkpt lat="46.5421316838" lon="7.0159222974">
				<ele>1629.1</ele>
				<extensions>
					<swisstopo:routepoint_id>1429392724</swisstopo:routepoint_id>
				</extensions>
			</trkpt>
			<trkpt lat="46.5421650271" lon="7.0159114509">
				<ele>1630.6</ele>
				<extensions>
					<swisstopo:routepoint_id>1348347524</swisstopo:routepoint_id>
				</extensions>
			</trkpt>
			<trkpt lat="46.5422109522" lon="7.0158854093">
				<ele>1632.3</ele>
				<extensions>
					<swisstopo:routepoint_id>1231813572</swisstopo:routepoint_id>
				</extensions>
			</trkpt>
			<trkpt lat="46.5422306331" lon="7.0158583862">
				<ele>1633.3</ele>
				<extensions>
					<swisstopo:routepoint_id>645455567</swisstopo:routepoint_id>
				</extensions>
			</trkpt>
			<trkpt lat="46.5422447538" lon="7.0158213160">
				<ele>1634.1</ele>
				<extensions>
					<swisstopo:routepoint_id>1748486445</swisstopo:routepoint_id>
				</extensions>
			</trkpt>
			<trkpt lat="46.5422527113" lon="7.0157792355">
				<ele>1634.9</ele>
				<extensions>
					<swisstopo:routepoint_id>171064533</swisstopo:routepoint_id>
				</extensions>
			</trkpt>
			<trkpt lat="46.5422503386" lon="7.0157506638">
				<ele>1635.4</ele>
				<extensions>
					<swisstopo:routepoint_id>924449054</swisstopo:routepoint_id>
				</extensions>
			</trkpt>
			<trkpt lat="46.5422281456" lon="7.0157070713">
				<ele>1636.2</ele>
				<extensions>
					<swisstopo:routepoint_id>946726411</swisstopo:routepoint_id>
				</extensions>
			</trkpt>
			<trkpt lat="46.5422267779" lon="7.0156852188">
				<ele>1636.6</ele>
				<extensions>
					<swisstopo:routepoint_id>423879930</swisstopo:routepoint_id>
				</extensions>
			</trkpt>
			<trkpt lat="46.5422396241" lon="7.0156537516">
				<ele>1637.4</ele>
				<extensions>
					<swisstopo:routepoint_id>322269152</swisstopo:routepoint_id>
				</extensions>
			</trkpt>
			<trkpt lat="46.5422576421" lon="7.0156149687">
				<ele>1638.4</ele>
				<extensions>
					<swisstopo:routepoint_id>1385208097</swisstopo:routepoint_id>
				</extensions>
			</trkpt>
			<trkpt lat="46.5422594752" lon="7.0155830138">
				<ele>1639.0</ele>
				<extensions>
					<swisstopo:routepoint_id>851562815</swisstopo:routepoint_id>
				</extensions>
			</trkpt>
			<trkpt lat="46.5422645053" lon="7.0155398218">
				<ele>1640.5</ele>
				<extensions>
					<swisstopo:routepoint_id>1942969471</swisstopo:routepoint_id>
				</extensions>
			</trkpt>
			<trkpt lat="46.5422624705" lon="7.0155151716">
				<ele>1641.1</ele>
				<extensions>
					<swisstopo:routepoint_id>1493528401</swisstopo:routepoint_id>
				</extensions>
			</trkpt>
			<trkpt lat="46.5422533509" lon="7.0155012147">
				<ele>1641.6</ele>
				<extensions>
					<swisstopo:routepoint_id>1686822464</swisstopo:routepoint_id>
				</extensions>
			</trkpt>
			<trkpt lat="46.5422247330" lon="7.0154739040">
				<ele>1642.6</ele>
				<extensions>
					<swisstopo:routepoint_id>732879487</swisstopo:routepoint_id>
				</extensions>
			</trkpt>
			<trkpt lat="46.5421980618" lon="7.0154477125">
				<ele>1642.9</ele>
				<extensions>
					<swisstopo:routepoint_id>414539765</swisstopo:routepoint_id>
				</extensions>
			</trkpt>
			<trkpt lat="46.5422005719" lon="7.0154236005">
				<ele>1644.0</ele>
				<extensions>
					<swisstopo:routepoint_id>1292066947</swisstopo:routepoint_id>
				</extensions>
			</trkpt>
			<trkpt lat="46.5421845747" lon="7.0153889426">
				<ele>1645.4</ele>
				<extensions>
					<swisstopo:routepoint_id>1805511751</swisstopo:routepoint_id>
				</extensions>
			</trkpt>
			<trkpt lat="46.5421552568" lon="7.0153476357">
				<ele>1646.7</ele>
				<extensions>
					<swisstopo:routepoint_id>389943364</swisstopo:routepoint_id>
				</extensions>
			</trkpt>
			<trkpt lat="46.5421334419" lon="7.0153186161">
				<ele>1647.0</ele>
				<extensions>
					<swisstopo:routepoint_id>1967857773</swisstopo:routepoint_id>
				</extensions>
			</trkpt>
			<trkpt lat="46.5421115378" lon="7.0152654921">
				<ele>1648.3</ele>
				<extensions>
					<swisstopo:routepoint_id>1473213948</swisstopo:routepoint_id>
				</extensions>
			</trkpt>
			<trkpt lat="46.5421179506" lon="7.0152458343">
				<ele>1648.5</ele>
				<extensions>
					<swisstopo:routepoint_id>2027336750</swisstopo:routepoint_id>
				</extensions>
			</trkpt>
			<trkpt lat="46.5421399005" lon="7.0152193670">
				<ele>1649.8</ele>
				<extensions>
					<swisstopo:routepoint_id>1733746978</swisstopo:routepoint_id>
				</extensions>
			</trkpt>
			<trkpt lat="46.5421547976" lon="7.0152170340">
				<ele>1650.4</ele>
				<extensions>
					<swisstopo:routepoint_id>807118490</swisstopo:routepoint_id>
				</extensions>
			</trkpt>
			<trkpt lat="46.5421989104" lon="7.0152285529">
				<ele>1652.0</ele>
				<extensions>
					<swisstopo:routepoint_id>980834866</swisstopo:routepoint_id>
				</extensions>
			</trkpt>
			<trkpt lat="46.5422261205" lon="7.0152255893">
				<ele>1653.1</ele>
				<extensions>
					<swisstopo:routepoint_id>1692669525</swisstopo:routepoint_id>
				</extensions>
			</trkpt>
			<trkpt lat="46.5422582244" lon="7.0152298882">
				<ele>1654.1</ele>
				<extensions>
					<swisstopo:routepoint_id>1777169943</swisstopo:routepoint_id>
				</extensions>
			</trkpt>
			<trkpt lat="46.5422811764" lon="7.0152140641">
				<ele>1654.9</ele>
				<extensions>
					<swisstopo:routepoint_id>1385166889</swisstopo:routepoint_id>
				</extensions>
			</trkpt>
			<trkpt lat="46.5423045296" lon="7.0152189793">
				<ele>1656.3</ele>
				<extensions>
					<swisstopo:routepoint_id>1126019579</swisstopo:routepoint_id>
				</extensions>
			</trkpt>
			<trkpt lat="46.5423431325" lon="7.0152316493">
				<ele>1657.6</ele>
				<extensions>
					<swisstopo:routepoint_id>1075278212</swisstopo:routepoint_id>
				</extensions>
			</trkpt>
			<trkpt lat="46.5423762536" lon="7.0152482731">
				<ele>1657.9</ele>
				<extensions>
					<swisstopo:routepoint_id>1531169859</swisstopo:routepoint_id>
				</extensions>
			</trkpt>
			<trkpt lat="46.5424242260" lon="7.0152524874">
				<ele>1659.7</ele>
				<extensions>
					<swisstopo:routepoint_id>558843170</swisstopo:routepoint_id>
				</extensions>
			</trkpt>
			<trkpt lat="46.5424504914" lon="7.0152568189">
				<ele>1660.5</ele>
				<extensions>
					<swisstopo:routepoint_id>681064240</swisstopo:routepoint_id>
				</extensions>
			</trkpt>
			<trkpt lat="46.5424799835" lon="7.0152555323">
				<ele>1661.6</ele>
				<extensions>
					<swisstopo:routepoint_id>709820475</swisstopo:routepoint_id>
				</extensions>
			</trkpt>
			<trkpt lat="46.5425127760" lon="7.0152732800">
				<ele>1662.4</ele>
				<extensions>
					<swisstopo:routepoint_id>105582871</swisstopo:routepoint_id>
				</extensions>
			</trkpt>
			<trkpt lat="46.5425344954" lon="7.0152742708">
				<ele>1662.7</ele>
				<extensions>
					<swisstopo:routepoint_id>395975332</swisstopo:routepoint_id>
				</extensions>
			</trkpt>
			<trkpt lat="46.5425561710" lon="7.0152635018">
				<ele>1664.2</ele>
				<extensions>
					<swisstopo:routepoint_id>145301653</swisstopo:routepoint_id>
				</extensions>
			</trkpt>
			<trkpt lat="46.5425898269" lon="7.0152520922">
				<ele>1665.0</ele>
				<extensions>
					<swisstopo:routepoint_id>2066995196</swisstopo:routepoint_id>
				</extensions>
			</trkpt>
			<trkpt lat="46.5426199371" lon="7.0152429522">
				<ele>1665.6</ele>
				<extensions>
					<swisstopo:routepoint_id>636050045</swisstopo:routepoint_id>
				</extensions>
			</trkpt>
			<trkpt lat="46.5426468655" lon="7.0152512030">
				<ele>1665.6</ele>
				<extensions>
					<swisstopo:routepoint_id>1519516367</swisstopo:routepoint_id>
				</extensions>
			</trkpt>
			<trkpt lat="46.5426644385" lon="7.0152718468">
				<ele>1665.9</ele>
				<extensions>
					<swisstopo:routepoint_id>602285354</swisstopo:routepoint_id>
				</extensions>
			</trkpt>
			<trkpt lat="46.5426771898" lon="7.0153042879">
				<ele>1666.4</ele>
				<extensions>
					<swisstopo:routepoint_id>1404390733</swisstopo:routepoint_id>
				</extensions>
			</trkpt>
			<trkpt lat="46.5426883588" lon="7.0153468189">
				<ele>1667.0</ele>
				<extensions>
					<swisstopo:routepoint_id>902034358</swisstopo:routepoint_id>
				</extensions>
			</trkpt>
			<trkpt lat="46.5427065818" lon="7.0153680183">
				<ele>1668.0</ele>
				<extensions>
					<swisstopo:routepoint_id>1880874714</swisstopo:routepoint_id>
				</extensions>
			</trkpt>
			<trkpt lat="46.5427481250" lon="7.0153851506">
				<ele>1669.6</ele>
				<extensions>
					<swisstopo:routepoint_id>2135329333</swisstopo:routepoint_id>
				</extensions>
			</trkpt>
			<trkpt lat="46.5427780152" lon="7.0154062850">
				<ele>1670.9</ele>
				<extensions>
					<swisstopo:routepoint_id>1839421814</swisstopo:routepoint_id>
				</extensions>
			</trkpt>
			<trkpt lat="46.5427926848" lon="7.0154297414">
				<ele>1671.4</ele>
				<extensions>
					<swisstopo:routepoint_id>1461706721</swisstopo:routepoint_id>
				</extensions>
			</trkpt>
			<trkpt lat="46.5428046447" lon="7.0154212650">
				<ele>1672.2</ele>
				<extensions>
					<swisstopo:routepoint_id>1657560515</swisstopo:routepoint_id>
				</extensions>
			</trkpt>
			<trkpt lat="46.5428110027" lon="7.0153870320">
				<ele>1673.1</ele>
				<extensions>
					<swisstopo:routepoint_id>1609785003</swisstopo:routepoint_id>
				</extensions>
			</trkpt>
			<trkpt lat="46.5428179701" lon="7.0153399130">
				<ele>1674.1</ele>
				<extensions>
					<swisstopo:routepoint_id>2026706010</swisstopo:routepoint_id>
				</extensions>
			</trkpt>
			<trkpt lat="46.5428272998" lon="7.0153207927">
				<ele>1674.9</ele>
				<extensions>
					<swisstopo:routepoint_id>656619128</swisstopo:routepoint_id>
				</extensions>
			</trkpt>
			<trkpt lat="46.5428551468" lon="7.0153150344">
				<ele>1675.8</ele>
				<extensions>
					<swisstopo:routepoint_id>1477991311</swisstopo:routepoint_id>
				</extensions>
			</trkpt>
			<trkpt lat="46.5428562636" lon="7.0152645844">
				<ele>1677.0</ele>
				<extensions>
					<swisstopo:routepoint_id>1416070195</swisstopo:routepoint_id>
				</extensions>
			</trkpt>
			<trkpt lat="46.5428574513" lon="7.0152331816">
				<ele>1677.3</ele>
				<extensions>
					<swisstopo:routepoint_id>1616159293</swisstopo:routepoint_id>
				</extensions>
			</trkpt>
			<trkpt lat="46.5428518125" lon="7.0151973471">
				<ele>1678.2</ele>
				<extensions>
					<swisstopo:routepoint_id>859626266</swisstopo:routepoint_id>
				</extensions>
			</trkpt>
			<trkpt lat="46.5428643372" lon="7.0151641998">
				<ele>1678.9</ele>
				<extensions>
					<swisstopo:routepoint_id>1186680565</swisstopo:routepoint_id>
				</extensions>
			</trkpt>
			<trkpt lat="46.5428873080" lon="7.0151534210">
				<ele>1680.2</ele>
				<extensions>
					<swisstopo:routepoint_id>709339466</swisstopo:routepoint_id>
				</extensions>
			</trkpt>
			<trkpt lat="46.5428931084" lon="7.0151432977">
				<ele>1680.5</ele>
				<extensions>
					<swisstopo:routepoint_id>688356265</swisstopo:routepoint_id>
				</extensions>
			</trkpt>
			<trkpt lat="46.5429118561" lon="7.0151314177">
				<ele>1681.6</ele>
				<extensions>
					<swisstopo:routepoint_id>1519391706</swisstopo:routepoint_id>
				</extensions>
			</trkpt>
			<trkpt lat="46.5429194378" lon="7.0150753243">
				<ele>1683.2</ele>
				<extensions>
					<swisstopo:routepoint_id>1953486606</swisstopo:routepoint_id>
				</extensions>
			</trkpt>
			<trkpt lat="46.5429267305" lon="7.0150287505">
				<ele>1684.0</ele>
				<extensions>
					<swisstopo:routepoint_id>1898825518</swisstopo:routepoint_id>
				</extensions>
			</trkpt>
			<trkpt lat="46.5429354620" lon="7.0150253449">
				<ele>1684.5</ele>
				<extensions>
					<swisstopo:routepoint_id>642045378</swisstopo:routepoint_id>
				</extensions>
			</trkpt>
			<trkpt lat="46.5429494380" lon="7.0150364736">
				<ele>1685.3</ele>
				<extensions>
					<swisstopo:routepoint_id>1269847952</swisstopo:routepoint_id>
				</extensions>
			</trkpt>
			<trkpt lat="46.5429694771" lon="7.0150212195">
				<ele>1686.4</ele>
				<extensions>
					<swisstopo:routepoint_id>891548953</swisstopo:routepoint_id>
				</extensions>
			</trkpt>
			<trkpt lat="46.5429832996" lon="7.0149886356">
				<ele>1687.2</ele>
				<extensions>
					<swisstopo:routepoint_id>1554413644</swisstopo:routepoint_id>
				</extensions>
			</trkpt>
			<trkpt lat="46.5429854209" lon="7.0149471475">
				<ele>1688.0</ele>
				<extensions>
					<swisstopo:routepoint_id>498280071</swisstopo:routepoint_id>
				</extensions>
			</trkpt>
			<trkpt lat="46.5429819138" lon="7.0149040348">
				<ele>1689.1</ele>
				<extensions>
					<swisstopo:routepoint_id>1037292231</swisstopo:routepoint_id>
				</extensions>
			</trkpt>
			<trkpt lat="46.5429737826" lon="7.0148439707">
				<ele>1690.4</ele>
				<extensions>
					<swisstopo:routepoint_id>378014751</swisstopo:routepoint_id>
				</extensions>
			</trkpt>
			<trkpt lat="46.5429413941" lon="7.0147752312">
				<ele>1692.0</ele>
				<extensions>
					<swisstopo:routepoint_id>2003250231</swisstopo:routepoint_id>
				</extensions>
			</trkpt>
			<trkpt lat="46.5429292843" lon="7.0146855644">
				<ele>1693.1</ele>
				<extensions>
					<swisstopo:routepoint_id>261798641</swisstopo:routepoint_id>
				</extensions>
			</trkpt>
			<trkpt lat="46.5429022710" lon="7.0146688404">
				<ele>1693.9</ele>
				<extensions>
					<swisstopo:routepoint_id>662008364</swisstopo:routepoint_id>
				</extensions>
			</trkpt>
			<trkpt lat="46.5429165396" lon="7.0146257581">
				<ele>1695.3</ele>
				<extensions>
					<swisstopo:routepoint_id>1232156055</swisstopo:routepoint_id>
				</extensions>
			</trkpt>
			<trkpt lat="46.5429347413" lon="7.0145977678">
				<ele>1695.9</ele>
				<extensions>
					<swisstopo:routepoint_id>303662361</swisstopo:routepoint_id>
				</extensions>
			</trkpt>
			<trkpt lat="46.5429786581" lon="7.0145518198">
				<ele>1697.2</ele>
				<extensions>
					<swisstopo:routepoint_id>887019405</swisstopo:routepoint_id>
				</extensions>
			</trkpt>
			<trkpt lat="46.5429854877" lon="7.0145305676">
				<ele>1697.8</ele>
				<extensions>
					<swisstopo:routepoint_id>1955365578</swisstopo:routepoint_id>
				</extensions>
			</trkpt>
			<trkpt lat="46.5429832733" lon="7.0144891919">
				<ele>1698.8</ele>
				<extensions>
					<swisstopo:routepoint_id>678336322</swisstopo:routepoint_id>
				</extensions>
			</trkpt>
			<trkpt lat="46.5429536373" lon="7.0143891676">
				<ele>1700.7</ele>
				<extensions>
					<swisstopo:routepoint_id>461684819</swisstopo:routepoint_id>
				</extensions>
			</trkpt>
			<trkpt lat="46.5429206274" lon="7.0143131714">
				<ele>1703.2</ele>
				<extensions>
					<swisstopo:routepoint_id>1625941042</swisstopo:routepoint_id>
				</extensions>
			</trkpt>
			<trkpt lat="46.5429073072" lon="7.0142511794">
				<ele>1705.1</ele>
				<extensions>
					<swisstopo:routepoint_id>1208703145</swisstopo:routepoint_id>
				</extensions>
			</trkpt>
			<trkpt lat="46.5429083169" lon="7.0142011607">
				<ele>1706.4</ele>
				<extensions>
					<swisstopo:routepoint_id>1264898514</swisstopo:routepoint_id>
				</extensions>
			</trkpt>
			<trkpt lat="46.5429081496" lon="7.0141563139">
				<ele>1707.4</ele>
				<extensions>
					<swisstopo:routepoint_id>901003873</swisstopo:routepoint_id>
				</extensions>
			</trkpt>
			<trkpt lat="46.5429020595" lon="7.0141201442">
				<ele>1708.4</ele>
				<extensions>
					<swisstopo:routepoint_id>543856215</swisstopo:routepoint_id>
				</extensions>
			</trkpt>
			<trkpt lat="46.5429134791" lon="7.0140706566">
				<ele>1709.5</ele>
				<extensions>
					<swisstopo:routepoint_id>128827713</swisstopo:routepoint_id>
				</extensions>
			</trkpt>
			<trkpt lat="46.5429180662" lon="7.0139595433">
				<ele>1711.3</ele>
				<extensions>
					<swisstopo:routepoint_id>43833862</swisstopo:routepoint_id>
				</extensions>
			</trkpt>
			<trkpt lat="46.5429091682" lon="7.0138074817">
				<ele>1713.3</ele>
				<extensions>
					<swisstopo:routepoint_id>1146383478</swisstopo:routepoint_id>
				</extensions>
			</trkpt>
			<trkpt lat="46.5428993780" lon="7.0137200265">
				<ele>1714.0</ele>
				<extensions>
					<swisstopo:routepoint_id>491739362</swisstopo:routepoint_id>
				</extensions>
			</trkpt>
			<trkpt lat="46.5428800961" lon="7.0136563605">
				<ele>1714.8</ele>
				<extensions>
					<swisstopo:routepoint_id>554309264</swisstopo:routepoint_id>
				</extensions>
			</trkpt>
			<trkpt lat="46.5428643417" lon="7.0135254992">
				<ele>1716.2</ele>
				<extensions>
					<swisstopo:routepoint_id>1786429653</swisstopo:routepoint_id>
				</extensions>
			</trkpt>
			<trkpt lat="46.5428431806" lon="7.0134573373">
				<ele>1717.4</ele>
				<extensions>
					<swisstopo:routepoint_id>1902393227</swisstopo:routepoint_id>
				</extensions>
			</trkpt>
			<trkpt lat="46.5428193067" lon="7.0133852595">
				<ele>1718.0</ele>
				<extensions>
					<swisstopo:routepoint_id>2125236533</swisstopo:routepoint_id>
				</extensions>
			</trkpt>
			<trkpt lat="46.5428040207" lon="7.0132740287">
				<ele>1719.6</ele>
				<extensions>
					<swisstopo:routepoint_id>1182539353</swisstopo:routepoint_id>
				</extensions>
			</trkpt>
			<trkpt lat="46.5428062929" lon="7.0132320832">
				<ele>1719.9</ele>
				<extensions>
					<swisstopo:routepoint_id>66001315</swisstopo:routepoint_id>
				</extensions>
			</trkpt>
			<trkpt lat="46.5428202120" lon="7.0131727850">
				<ele>1720.7</ele>
				<extensions>
					<swisstopo:routepoint_id>307426171</swisstopo:routepoint_id>
				</extensions>
			</trkpt>
			<trkpt lat="46.5428152335" lon="7.0131068166">
				<ele>1722.0</ele>
				<extensions>
					<swisstopo:routepoint_id>952183945</swisstopo:routepoint_id>
				</extensions>
			</trkpt>
			<trkpt lat="46.5428258847" lon="7.0130587037">
				<ele>1722.3</ele>
				<extensions>
					<swisstopo:routepoint_id>1006398131</swisstopo:routepoint_id>
				</extensions>
			</trkpt>
			<trkpt lat="46.5428340507" lon="7.0129765051">
				<ele>1723.6</ele>
				<extensions>
					<swisstopo:routepoint_id>1046011039</swisstopo:routepoint_id>
				</extensions>
			</trkpt>
			<trkpt lat="46.5428251976" lon="7.0129183635">
				<ele>1724.1</ele>
				<extensions>
					<swisstopo:routepoint_id>1687434703</swisstopo:routepoint_id>
				</extensions>
			</trkpt>
			<trkpt lat="46.5428319554" lon="7.0128708289">
				<ele>1724.9</ele>
				<extensions>
					<swisstopo:routepoint_id>912017506</swisstopo:routepoint_id>
				</extensions>
			</trkpt>
			<trkpt lat="46.5428272836" lon="7.0128076613">
				<ele>1725.4</ele>
				<extensions>
					<swisstopo:routepoint_id>473964947</swisstopo:routepoint_id>
				</extensions>
			</trkpt>
			<trkpt lat="46.5428112002" lon="7.0127333321">
				<ele>1725.8</ele>
				<extensions>
					<swisstopo:routepoint_id>136745491</swisstopo:routepoint_id>
				</extensions>
			</trkpt>
			<trkpt lat="46.5428343273" lon="7.0126466092">
				<ele>1727.8</ele>
				<extensions>
					<swisstopo:routepoint_id>1969375986</swisstopo:routepoint_id>
				</extensions>
			</trkpt>
			<trkpt lat="46.5428324398" lon="7.0126158562">
				<ele>1728.4</ele>
				<extensions>
					<swisstopo:routepoint_id>743757018</swisstopo:routepoint_id>
				</extensions>
			</trkpt>
			<trkpt lat="46.5428060211" lon="7.0125946700">
				<ele>1729.0</ele>
				<extensions>
					<swisstopo:routepoint_id>443161602</swisstopo:routepoint_id>
				</extensions>
			</trkpt>
			<trkpt lat="46.5427912534" lon="7.0125667432">
				<ele>1729.7</ele>
				<extensions>
					<swisstopo:routepoint_id>728716749</swisstopo:routepoint_id>
				</extensions>
			</trkpt>
			<trkpt lat="46.5427782423" lon="7.0125154008">
				<ele>1730.7</ele>
				<extensions>
					<swisstopo:routepoint_id>1257842431</swisstopo:routepoint_id>
				</extensions>
			</trkpt>
			<trkpt lat="46.5427602402" lon="7.0124741493">
				<ele>1731.2</ele>
				<extensions>
					<swisstopo:routepoint_id>397321622</swisstopo:routepoint_id>
				</extensions>
			</trkpt>
			<trkpt lat="46.5427349663" lon="7.0123984587">
				<ele>1732.7</ele>
				<extensions>
					<swisstopo:routepoint_id>180056035</swisstopo:routepoint_id>
				</extensions>
			</trkpt>
			<trkpt lat="46.5427336601" lon="7.0123691483">
				<ele>1733.0</ele>
				<extensions>
					<swisstopo:routepoint_id>308838462</swisstopo:routepoint_id>
				</extensions>
			</trkpt>
			<trkpt lat="46.5427525924" lon="7.0123465362">
				<ele>1732.9</ele>
				<extensions>
					<swisstopo:routepoint_id>344111519</swisstopo:routepoint_id>
				</extensions>
			</trkpt>
			<trkpt lat="46.5428249990" lon="7.0123105963">
				<ele>1735.9</ele>
				<extensions>
					<swisstopo:routepoint_id>341302608</swisstopo:routepoint_id>
				</extensions>
			</trkpt>
			<trkpt lat="46.5428593172" lon="7.0122624273">
				<ele>1737.8</ele>
				<extensions>
					<swisstopo:routepoint_id>164208829</swisstopo:routepoint_id>
				</extensions>
			</trkpt>
			<trkpt lat="46.5428865688" lon="7.0122058267">
				<ele>1739.2</ele>
				<extensions>
					<swisstopo:routepoint_id>1648283647</swisstopo:routepoint_id>
				</extensions>
			</trkpt>
			<trkpt lat="46.5429055735" lon="7.0121953255">
				<ele>1739.7</ele>
				<extensions>
					<swisstopo:routepoint_id>919170474</swisstopo:routepoint_id>
				</extensions>
			</trkpt>
			<trkpt lat="46.5429233688" lon="7.0121813920">
				<ele>1740.3</ele>
				<extensions>
					<swisstopo:routepoint_id>1372338522</swisstopo:routepoint_id>
				</extensions>
			</trkpt>
			<trkpt lat="46.5429244465" lon="7.0121520627">
				<ele>1741.1</ele>
				<extensions>
					<swisstopo:routepoint_id>382634520</swisstopo:routepoint_id>
				</extensions>
			</trkpt>
			<trkpt lat="46.5429088411" lon="7.0121142472">
				<ele>1741.9</ele>
				<extensions>
					<swisstopo:routepoint_id>1446031717</swisstopo:routepoint_id>
				</extensions>
			</trkpt>
			<trkpt lat="46.5429063860" lon="7.0120952843">
				<ele>1742.2</ele>
				<extensions>
					<swisstopo:routepoint_id>1985169987</swisstopo:routepoint_id>
				</extensions>
			</trkpt>
			<trkpt lat="46.5429360047" lon="7.0120605545">
				<ele>1743.7</ele>
				<extensions>
					<swisstopo:routepoint_id>1736683252</swisstopo:routepoint_id>
				</extensions>
			</trkpt>
			<trkpt lat="46.5429441272" lon="7.0120053039">
				<ele>1745.0</ele>
				<extensions>
					<swisstopo:routepoint_id>2130209827</swisstopo:routepoint_id>
				</extensions>
			</trkpt>
			<trkpt lat="46.5429701902" lon="7.0119723359">
				<ele>1746.1</ele>
				<extensions>
					<swisstopo:routepoint_id>366324647</swisstopo:routepoint_id>
				</extensions>
			</trkpt>
			<trkpt lat="46.5429961538" lon="7.0119152107">
				<ele>1747.8</ele>
				<extensions>
					<swisstopo:routepoint_id>1636412768</swisstopo:routepoint_id>
				</extensions>
			</trkpt>
			<trkpt lat="46.5430102964" lon="7.0118771608">
				<ele>1749.1</ele>
				<extensions>
					<swisstopo:routepoint_id>259860217</swisstopo:routepoint_id>
				</extensions>
			</trkpt>
			<trkpt lat="46.5430148802" lon="7.0118305556">
				<ele>1750.4</ele>
				<extensions>
					<swisstopo:routepoint_id>107217150</swisstopo:routepoint_id>
				</extensions>
			</trkpt>
			<trkpt lat="46.5429992394" lon="7.0117858307">
				<ele>1751.4</ele>
				<extensions>
					<swisstopo:routepoint_id>401852995</swisstopo:routepoint_id>
				</extensions>
			</trkpt>
			<trkpt lat="46.5429895282" lon="7.0117341624">
				<ele>1752.6</ele>
				<extensions>
					<swisstopo:routepoint_id>399187289</swisstopo:routepoint_id>
				</extensions>
			</trkpt>
			<trkpt lat="46.5429940796" lon="7.0116789398">
				<ele>1754.0</ele>
				<extensions>
					<swisstopo:routepoint_id>169450973</swisstopo:routepoint_id>
				</extensions>
			</trkpt>
			<trkpt lat="46.5430095327" lon="7.0116736421">
				<ele>1754.7</ele>
				<extensions>
					<swisstopo:routepoint_id>1602924484</swisstopo:routepoint_id>
				</extensions>
			</trkpt>
			<trkpt lat="46.5430285150" lon="7.0116596991">
				<ele>1755.6</ele>
				<extensions>
					<swisstopo:routepoint_id>96691888</swisstopo:routepoint_id>
				</extensions>
			</trkpt>
			<trkpt lat="46.5430546750" lon="7.0116525961">
				<ele>1756.7</ele>
				<extensions>
					<swisstopo:routepoint_id>1598448094</swisstopo:routepoint_id>
				</extensions>
			</trkpt>
			<trkpt lat="46.5430938754" lon="7.0116350386">
				<ele>1758.3</ele>
				<extensions>
					<swisstopo:routepoint_id>723930107</swisstopo:routepoint_id>
				</extensions>
			</trkpt>
			<trkpt lat="46.5431472917" lon="7.0115966659">
				<ele>1760.3</ele>
				<extensions>
					<swisstopo:routepoint_id>1029767040</swisstopo:routepoint_id>
				</extensions>
			</trkpt>
			<trkpt lat="46.5431906383" lon="7.0115572643">
				<ele>1762.6</ele>
				<extensions>
					<swisstopo:routepoint_id>701152647</swisstopo:routepoint_id>
				</extensions>
			</trkpt>
			<trkpt lat="46.5432206291" lon="7.0115570278">
				<ele>1763.6</ele>
				<extensions>
					<swisstopo:routepoint_id>1856074767</swisstopo:routepoint_id>
				</extensions>
			</trkpt>
			<trkpt lat="46.5432540208" lon="7.0115784846">
				<ele>1763.9</ele>
				<extensions>
					<swisstopo:routepoint_id>1646595487</swisstopo:routepoint_id>
				</extensions>
			</trkpt>
			<trkpt lat="46.5432958331" lon="7.0116216343">
				<ele>1764.7</ele>
				<extensions>
					<swisstopo:routepoint_id>843784204</swisstopo:routepoint_id>
				</extensions>
			</trkpt>
			<trkpt lat="46.5433159481" lon="7.0116528696">
				<ele>1765.4</ele>
				<extensions>
					<swisstopo:routepoint_id>154272419</swisstopo:routepoint_id>
				</extensions>
			</trkpt>
			<trkpt lat="46.5433778930" lon="7.0117344643">
				<ele>1767.5</ele>
				<extensions>
					<swisstopo:routepoint_id>458842628</swisstopo:routepoint_id>
				</extensions>
			</trkpt>
			<trkpt lat="46.5434280527" lon="7.0117775354">
				<ele>1768.9</ele>
				<extensions>
					<swisstopo:routepoint_id>1314046568</swisstopo:routepoint_id>
				</extensions>
			</trkpt>
			<trkpt lat="46.5434765033" lon="7.0118157962">
				<ele>1769.8</ele>
				<extensions>
					<swisstopo:routepoint_id>956843672</swisstopo:routepoint_id>
				</extensions>
			</trkpt>
			<trkpt lat="46.5435065580" lon="7.0118324558">
				<ele>1770.5</ele>
				<extensions>
					<swisstopo:routepoint_id>1515063393</swisstopo:routepoint_id>
				</extensions>
			</trkpt>
			<trkpt lat="46.5435467145" lon="7.0118780178">
				<ele>1771.3</ele>
				<extensions>
					<swisstopo:routepoint_id>1667657770</swisstopo:routepoint_id>
				</extensions>
			</trkpt>
			<trkpt lat="46.5436152980" lon="7.0119523382">
				<ele>1773.1</ele>
				<extensions>
					<swisstopo:routepoint_id>667969577</swisstopo:routepoint_id>
				</extensions>
			</trkpt>
			<trkpt lat="46.5436403959" lon="7.0119786845">
				<ele>1773.8</ele>
				<extensions>
					<swisstopo:routepoint_id>1662496442</swisstopo:routepoint_id>
				</extensions>
			</trkpt>
			<trkpt lat="46.5437005952" lon="7.0120361616">
				<ele>1775.8</ele>
				<extensions>
					<swisstopo:routepoint_id>591560915</swisstopo:routepoint_id>
				</extensions>
			</trkpt>
			<trkpt lat="46.5437674418" lon="7.0120935864">
				<ele>1778.4</ele>
				<extensions>
					<swisstopo:routepoint_id>1184109152</swisstopo:routepoint_id>
				</extensions>
			</trkpt>
			<trkpt lat="46.5438760913" lon="7.0121869132">
				<ele>1781.9</ele>
				<extensions>
					<swisstopo:routepoint_id>750226727</swisstopo:routepoint_id>
				</extensions>
			</trkpt>
			<trkpt lat="46.5439379273" lon="7.0122395540">
				<ele>1784.4</ele>
				<extensions>
					<swisstopo:routepoint_id>1895559596</swisstopo:routepoint_id>
				</extensions>
			</trkpt>
			<trkpt lat="46.5439929802" lon="7.0122560170">
				<ele>1786.0</ele>
				<extensions>
					<swisstopo:routepoint_id>415120036</swisstopo:routepoint_id>
				</extensions>
			</trkpt>
			<trkpt lat="46.5440269843" lon="7.0123065565">
				<ele>1787.2</ele>
				<extensions>
					<swisstopo:routepoint_id>1372691851</swisstopo:routepoint_id>
				</extensions>
			</trkpt>
			<trkpt lat="46.5440515110" lon="7.0123148508">
				<ele>1788.0</ele>
				<extensions>
					<swisstopo:routepoint_id>1244336791</swisstopo:routepoint_id>
				</extensions>
			</trkpt>
			<trkpt lat="46.5440969226" lon="7.0123272309">
				<ele>1789.6</ele>
				<extensions>
					<swisstopo:routepoint_id>1984135801</swisstopo:routepoint_id>
				</extensions>
			</trkpt>
			<trkpt lat="46.5441468881" lon="7.0123424044">
				<ele>1791.0</ele>
				<extensions>
					<swisstopo:routepoint_id>382415375</swisstopo:routepoint_id>
				</extensions>
			</trkpt>
			<trkpt lat="46.5441923155" lon="7.0123590216">
				<ele>1792.6</ele>
				<extensions>
					<swisstopo:routepoint_id>2095758267</swisstopo:routepoint_id>
				</extensions>
			</trkpt>
			<trkpt lat="46.5442350812" lon="7.0123926608">
				<ele>1794.5</ele>
				<extensions>
					<swisstopo:routepoint_id>37562234</swisstopo:routepoint_id>
				</extensions>
			</trkpt>
			<trkpt lat="46.5442587298" lon="7.0124066335">
				<ele>1795.5</ele>
				<extensions>
					<swisstopo:routepoint_id>190128710</swisstopo:routepoint_id>
				</extensions>
			</trkpt>
			<trkpt lat="46.5442788976" lon="7.0124616888">
				<ele>1796.7</ele>
				<extensions>
					<swisstopo:routepoint_id>1070367147</swisstopo:routepoint_id>
				</extensions>
			</trkpt>
			<trkpt lat="46.5442971101" lon="7.0124799545">
				<ele>1797.3</ele>
				<extensions>
					<swisstopo:routepoint_id>526489141</swisstopo:routepoint_id>
				</extensions>
			</trkpt>
			<trkpt lat="46.5443297141" lon="7.0124641180">
				<ele>1798.3</ele>
				<extensions>
					<swisstopo:routepoint_id>364568176</swisstopo:routepoint_id>
				</extensions>
			</trkpt>
			<trkpt lat="46.5443506260" lon="7.0124752701">
				<ele>1798.8</ele>
				<extensions>
					<swisstopo:routepoint_id>1760224864</swisstopo:routepoint_id>
				</extensions>
			</trkpt>
			<trkpt lat="46.5443934877" lon="7.0125343972">
				<ele>1800.2</ele>
				<extensions>
					<swisstopo:routepoint_id>1645056506</swisstopo:routepoint_id>
				</extensions>
			</trkpt>
			<trkpt lat="46.5444089783" lon="7.0125512633">
				<ele>1800.8</ele>
				<extensions>
					<swisstopo:routepoint_id>632191745</swisstopo:routepoint_id>
				</extensions>
			</trkpt>
			<trkpt lat="46.5444426076" lon="7.0125665656">
				<ele>1802.0</ele>
				<extensions>
					<swisstopo:routepoint_id>896749713</swisstopo:routepoint_id>
				</extensions>
			</trkpt>
			<trkpt lat="46.5444834539" lon="7.0125704814">
				<ele>1803.5</ele>
				<extensions>
					<swisstopo:routepoint_id>992978650</swisstopo:routepoint_id>
				</extensions>
			</trkpt>
			<trkpt lat="46.5445172105" lon="7.0126197718">
				<ele>1805.3</ele>
				<extensions>
					<swisstopo:routepoint_id>1094052952</swisstopo:routepoint_id>
				</extensions>
			</trkpt>
			<trkpt lat="46.5445427042" lon="7.0126436387">
				<ele>1806.1</ele>
				<extensions>
					<swisstopo:routepoint_id>1351649674</swisstopo:routepoint_id>
				</extensions>
			</trkpt>
			<trkpt lat="46.5445527681" lon="7.0126959056">
				<ele>1806.6</ele>
				<extensions>
					<swisstopo:routepoint_id>339445958</swisstopo:routepoint_id>
				</extensions>
			</trkpt>
			<trkpt lat="46.5445779562" lon="7.0127512477">
				<ele>1807.6</ele>
				<extensions>
					<swisstopo:routepoint_id>1569969121</swisstopo:routepoint_id>
				</extensions>
			</trkpt>
			<trkpt lat="46.5446023779" lon="7.0128300637">
				<ele>1808.9</ele>
				<extensions>
					<swisstopo:routepoint_id>105634049</swisstopo:routepoint_id>
				</extensions>
			</trkpt>
			<trkpt lat="46.5446206030" lon="7.0128684467">
				<ele>1809.9</ele>
				<extensions>
					<swisstopo:routepoint_id>855575423</swisstopo:routepoint_id>
				</extensions>
			</trkpt>
			<trkpt lat="46.5446388443" lon="7.0129111191">
				<ele>1811.0</ele>
				<extensions>
					<swisstopo:routepoint_id>417358075</swisstopo:routepoint_id>
				</extensions>
			</trkpt>
			<trkpt lat="46.5446724177" lon="7.0129451050">
				<ele>1813.1</ele>
				<extensions>
					<swisstopo:routepoint_id>1578534559</swisstopo:routepoint_id>
				</extensions>
			</trkpt>
			<trkpt lat="46.5446859829" lon="7.0129450113">
				<ele>1814.1</ele>
				<extensions>
					<swisstopo:routepoint_id>1114531499</swisstopo:routepoint_id>
				</extensions>
			</trkpt>
			<trkpt lat="46.5447195132" lon="7.0129676028">
				<ele>1816.1</ele>
				<extensions>
					<swisstopo:routepoint_id>429767480</swisstopo:routepoint_id>
				</extensions>
			</trkpt>
			<trkpt lat="46.5447603085" lon="7.0129986899">
				<ele>1818.1</ele>
				<extensions>
					<swisstopo:routepoint_id>437137581</swisstopo:routepoint_id>
				</extensions>
			</trkpt>
			<trkpt lat="46.5447740444" lon="7.0130442398">
				<ele>1818.6</ele>
				<extensions>
					<swisstopo:routepoint_id>970590999</swisstopo:routepoint_id>
				</extensions>
			</trkpt>
			<trkpt lat="46.5447552095" lon="7.0130857434">
				<ele>1818.7</ele>
				<extensions>
					<swisstopo:routepoint_id>2062572239</swisstopo:routepoint_id>
				</extensions>
			</trkpt>
			<trkpt lat="46.5447499776" lon="7.0131371400">
				<ele>1819.0</ele>
				<extensions>
					<swisstopo:routepoint_id>2053693089</swisstopo:routepoint_id>
				</extensions>
			</trkpt>
			<trkpt lat="46.5447628528" lon="7.0131955258">
				<ele>1819.9</ele>
				<extensions>
					<swisstopo:routepoint_id>119973425</swisstopo:routepoint_id>
				</extensions>
			</trkpt>
			<trkpt lat="46.5447763487" lon="7.0131768931">
				<ele>1820.5</ele>
				<extensions>
					<swisstopo:routepoint_id>382176686</swisstopo:routepoint_id>
				</extensions>
			</trkpt>
			<trkpt lat="46.5447834211" lon="7.0131340479">
				<ele>1821.5</ele>
				<extensions>
					<swisstopo:routepoint_id>371714887</swisstopo:routepoint_id>
				</extensions>
			</trkpt>
			<trkpt lat="46.5448060815" lon="7.0131510015">
				<ele>1822.9</ele>
				<extensions>
					<swisstopo:routepoint_id>1654045786</swisstopo:routepoint_id>
				</extensions>
			</trkpt>
			<trkpt lat="46.5448252758" lon="7.0132079296">
				<ele>1824.6</ele>
				<extensions>
					<swisstopo:routepoint_id>1041960832</swisstopo:routepoint_id>
				</extensions>
			</trkpt>
			<trkpt lat="46.5448482250" lon="7.0132924291">
				<ele>1826.6</ele>
				<extensions>
					<swisstopo:routepoint_id>700003414</swisstopo:routepoint_id>
				</extensions>
			</trkpt>
			<trkpt lat="46.5448634822" lon="7.0133599360">
				<ele>1828.1</ele>
				<extensions>
					<swisstopo:routepoint_id>1817742748</swisstopo:routepoint_id>
				</extensions>
			</trkpt>
			<trkpt lat="46.5448835061" lon="7.0133694265">
				<ele>1829.5</ele>
				<extensions>
					<swisstopo:routepoint_id>180396095</swisstopo:routepoint_id>
				</extensions>
			</trkpt>
			<trkpt lat="46.5448850438" lon="7.0133356076">
				<ele>1829.4</ele>
				<extensions>
					<swisstopo:routepoint_id>1517189339</swisstopo:routepoint_id>
				</extensions>
			</trkpt>
			<trkpt lat="46.5448964762" lon="7.0132751533">
				<ele>1830.7</ele>
				<extensions>
					<swisstopo:routepoint_id>1791470097</swisstopo:routepoint_id>
				</extensions>
			</trkpt>
			<trkpt lat="46.5449247850" lon="7.0132700939">
				<ele>1831.9</ele>
				<extensions>
					<swisstopo:routepoint_id>809038522</swisstopo:routepoint_id>
				</extensions>
			</trkpt>
			<trkpt lat="46.5449449534" lon="7.0133158284">
				<ele>1833.5</ele>
				<extensions>
					<swisstopo:routepoint_id>1603090312</swisstopo:routepoint_id>
				</extensions>
			</trkpt>
			<trkpt lat="46.5449569815" lon="7.0134147162">
				<ele>1835.6</ele>
				<extensions>
					<swisstopo:routepoint_id>885818988</swisstopo:routepoint_id>
				</extensions>
			</trkpt>
			<trkpt lat="46.5449723472" lon="7.0135136040">
				<ele>1837.7</ele>
				<extensions>
					<swisstopo:routepoint_id>1601306056</swisstopo:routepoint_id>
				</extensions>
			</trkpt>
			<trkpt lat="46.5449937735" lon="7.0134506593">
				<ele>1838.9</ele>
				<extensions>
					<swisstopo:routepoint_id>823848895</swisstopo:routepoint_id>
				</extensions>
			</trkpt>
			<trkpt lat="46.5450189526" lon="7.0135035903">
				<ele>1841.0</ele>
				<extensions>
					<swisstopo:routepoint_id>819969442</swisstopo:routepoint_id>
				</extensions>
			</trkpt>
			<trkpt lat="46.5450627888" lon="7.0136384607">
				<ele>1845.2</ele>
				<extensions>
					<swisstopo:routepoint_id>613871090</swisstopo:routepoint_id>
				</extensions>
			</trkpt>
			<trkpt lat="46.5450880851" lon="7.0137227858">
				<ele>1847.2</ele>
				<extensions>
					<swisstopo:routepoint_id>1136834407</swisstopo:routepoint_id>
				</extensions>
			</trkpt>
			<trkpt lat="46.5451095747" lon="7.0136767373">
				<ele>1848.6</ele>
				<extensions>
					<swisstopo:routepoint_id>1405828043</swisstopo:routepoint_id>
				</extensions>
			</trkpt>
			<trkpt lat="46.5451465740" lon="7.0137682069">
				<ele>1851.1</ele>
				<extensions>
					<swisstopo:routepoint_id>233014132</swisstopo:routepoint_id>
				</extensions>
			</trkpt>
			<trkpt lat="46.5451802810" lon="7.0138741742">
				<ele>1853.6</ele>
				<extensions>
					<swisstopo:routepoint_id>2068661466</swisstopo:routepoint_id>
				</extensions>
			</trkpt>
			<trkpt lat="46.5451871630" lon="7.0139296611">
				<ele>1854.3</ele>
				<extensions>
					<swisstopo:routepoint_id>904757118</swisstopo:routepoint_id>
				</extensions>
			</trkpt>
			<trkpt lat="46.5452140238" lon="7.0139849915">
				<ele>1856.5</ele>
				<extensions>
					<swisstopo:routepoint_id>1973254877</swisstopo:routepoint_id>
				</extensions>
			</trkpt>
			<trkpt lat="46.5452392296" lon="7.0140427468">
				<ele>1858.4</ele>
				<extensions>
					<swisstopo:routepoint_id>109363466</swisstopo:routepoint_id>
				</extensions>
			</trkpt>
			<trkpt lat="46.5452765528" lon="7.0142211372">
				<ele>1861.8</ele>
				<extensions>
					<swisstopo:routepoint_id>1704500578</swisstopo:routepoint_id>
				</extensions>
			</trkpt>
			<trkpt lat="46.5453323439" lon="7.0144404525">
				<ele>1867.2</ele>
				<extensions>
					<swisstopo:routepoint_id>352883135</swisstopo:routepoint_id>
				</extensions>
			</trkpt>
			<trkpt lat="46.5453404125" lon="7.0143703631">
				<ele>1867.4</ele>
				<extensions>
					<swisstopo:routepoint_id>963814008</swisstopo:routepoint_id>
				</extensions>
			</trkpt>
			<trkpt lat="46.5453568109" lon="7.0142977965">
				<ele>1868.4</ele>
				<extensions>
					<swisstopo:routepoint_id>1552373573</swisstopo:routepoint_id>
				</extensions>
			</trkpt>
			<trkpt lat="46.5454343144" lon="7.0140822732">
				<ele>1872.8</ele>
				<extensions>
					<swisstopo:routepoint_id>634869467</swisstopo:routepoint_id>
				</extensions>
			</trkpt>
			<trkpt lat="46.5455608468" lon="7.0145062637">
				<ele>1884.6</ele>
				<extensions>
					<swisstopo:routepoint_id>44630610</swisstopo:routepoint_id>
				</extensions>
			</trkpt>
			<trkpt lat="46.5457403390" lon="7.0139422326">
				<ele>1894.9</ele>
				<extensions>
					<swisstopo:routepoint_id>843944435</swisstopo:routepoint_id>
				</extensions>
			</trkpt>
			<trkpt lat="46.5458515885" lon="7.0142866698">
				<ele>1902.6</ele>
				<extensions>
					<swisstopo:routepoint_id>1292731362</swisstopo:routepoint_id>
				</extensions>
			</trkpt>
			<trkpt lat="46.5458685002" lon="7.0143517403">
				<ele>1903.8</ele>
				<extensions>
					<swisstopo:routepoint_id>704107076</swisstopo:routepoint_id>
				</extensions>
			</trkpt>
			<trkpt lat="46.5458853488" lon="7.0144023126">
				<ele>1904.8</ele>
				<extensions>
					<swisstopo:routepoint_id>204734510</swisstopo:routepoint_id>
				</extensions>
			</trkpt>
			<trkpt lat="46.5458839278" lon="7.0144675266">
				<ele>1905.9</ele>
				<extensions>
					<swisstopo:routepoint_id>842420683</swisstopo:routepoint_id>
				</extensions>
			</trkpt>
			<trkpt lat="46.5458959099" lon="7.0145543567">
				<ele>1907.7</ele>
				<extensions>
					<swisstopo:routepoint_id>264923902</swisstopo:routepoint_id>
				</extensions>
			</trkpt>
			<trkpt lat="46.5459144677" lon="7.0146145771">
				<ele>1909.2</ele>
				<extensions>
					<swisstopo:routepoint_id>69141047</swisstopo:routepoint_id>
				</extensions>
			</trkpt>
			<trkpt lat="46.5459179403" lon="7.0146531943">
				<ele>1910.0</ele>
				<extensions>
					<swisstopo:routepoint_id>1326034059</swisstopo:routepoint_id>
				</extensions>
			</trkpt>
			<trkpt lat="46.5459081980" lon="7.0147208728">
				<ele>1910.5</ele>
				<extensions>
					<swisstopo:routepoint_id>2143984896</swisstopo:routepoint_id>
				</extensions>
			</trkpt>
			<trkpt lat="46.5459151426" lon="7.0147956693">
				<ele>1911.4</ele>
				<extensions>
					<swisstopo:routepoint_id>699046798</swisstopo:routepoint_id>
				</extensions>
			</trkpt>
			<trkpt lat="46.5459357873" lon="7.0149718070">
				<ele>1914.3</ele>
				<extensions>
					<swisstopo:routepoint_id>867365862</swisstopo:routepoint_id>
				</extensions>
			</trkpt>
			<trkpt lat="46.5459364256" lon="7.0151432249">
				<ele>1916.0</ele>
				<extensions>
					<swisstopo:routepoint_id>56527348</swisstopo:routepoint_id>
				</extensions>
			</trkpt>
			<trkpt lat="46.5459450160" lon="7.0152156098">
				<ele>1916.9</ele>
				<extensions>
					<swisstopo:routepoint_id>627497395</swisstopo:routepoint_id>
				</extensions>
			</trkpt>
			<trkpt lat="46.5459636632" lon="7.0152999760">
				<ele>1918.3</ele>
				<extensions>
					<swisstopo:routepoint_id>1676165763</swisstopo:routepoint_id>
				</extensions>
			</trkpt>
			<trkpt lat="46.5459705987" lon="7.0153723607">
				<ele>1919.6</ele>
				<extensions>
					<swisstopo:routepoint_id>1168329812</swisstopo:routepoint_id>
				</extensions>
			</trkpt>
			<trkpt lat="46.5459808981" lon="7.0154543934">
				<ele>1921.2</ele>
				<extensions>
					<swisstopo:routepoint_id>391949823</swisstopo:routepoint_id>
				</extensions>
			</trkpt>
			<trkpt lat="46.5460027387" lon="7.0155025155">
				<ele>1921.7</ele>
				<extensions>
					<swisstopo:routepoint_id>351655081</swisstopo:routepoint_id>
				</extensions>
			</trkpt>
			<trkpt lat="46.5460296347" lon="7.0155650960">
				<ele>1922.0</ele>
				<extensions>
					<swisstopo:routepoint_id>454254538</swisstopo:routepoint_id>
				</extensions>
			</trkpt>
			<trkpt lat="46.5460617477" lon="7.0156904010">
				<ele>1922.7</ele>
				<extensions>
					<swisstopo:routepoint_id>1025534480</swisstopo:routepoint_id>
				</extensions>
			</trkpt>
			<trkpt lat="46.5460804936" lon="7.0158013386">
				<ele>1924.7</ele>
				<extensions>
					<swisstopo:routepoint_id>752517209</swisstopo:routepoint_id>
				</extensions>
			</trkpt>
			<trkpt lat="46.5461091432" lon="7.0158880391">
				<ele>1925.8</ele>
				<extensions>
					<swisstopo:routepoint_id>860980385</swisstopo:routepoint_id>
				</extensions>
			</trkpt>
			<trkpt lat="46.5461295348" lon="7.0159965516">
				<ele>1926.9</ele>
				<extensions>
					<swisstopo:routepoint_id>1038591543</swisstopo:routepoint_id>
				</extensions>
			</trkpt>
			<trkpt lat="46.5461533805" lon="7.0161364199">
				<ele>1928.2</ele>
				<extensions>
					<swisstopo:routepoint_id>174088851</swisstopo:routepoint_id>
				</extensions>
			</trkpt>
			<trkpt lat="46.5461619703" lon="7.0162063801">
				<ele>1928.7</ele>
				<extensions>
					<swisstopo:routepoint_id>2037609080</swisstopo:routepoint_id>
				</extensions>
			</trkpt>
			<trkpt lat="46.5461638675" lon="7.0162691433">
				<ele>1928.3</ele>
				<extensions>
					<swisstopo:routepoint_id>324409538</swisstopo:routepoint_id>
				</extensions>
			</trkpt>
			<trkpt lat="46.5461809932" lon="7.0163945787">
				<ele>1927.9</ele>
				<extensions>
					<swisstopo:routepoint_id>284697922</swisstopo:routepoint_id>
				</extensions>
			</trkpt>
			<trkpt lat="46.5461782028" lon="7.0165419040">
				<ele>1928.9</ele>
				<extensions>
					<swisstopo:routepoint_id>1443853746</swisstopo:routepoint_id>
				</extensions>
			</trkpt>
			<trkpt lat="46.5461686028" lon="7.0166482390">
				<ele>1930.3</ele>
				<extensions>
					<swisstopo:routepoint_id>952762654</swisstopo:routepoint_id>
				</extensions>
			</trkpt>
			<trkpt lat="46.5461830354" lon="7.0167194573">
				<ele>1931.4</ele>
				<extensions>
					<swisstopo:routepoint_id>1318803563</swisstopo:routepoint_id>
				</extensions>
			</trkpt>
			<trkpt lat="46.5462198977" lon="7.0167747122">
				<ele>1932.0</ele>
				<extensions>
					<swisstopo:routepoint_id>1982095861</swisstopo:routepoint_id>
				</extensions>
			</trkpt>
			<trkpt lat="46.5462683287" lon="7.0168057172">
				<ele>1932.6</ele>
				<extensions>
					<swisstopo:routepoint_id>241098129</swisstopo:routepoint_id>
				</extensions>
			</trkpt>
			<trkpt lat="46.5463051644" lon="7.0168537233">
				<ele>1933.7</ele>
				<extensions>
					<swisstopo:routepoint_id>1134256764</swisstopo:routepoint_id>
				</extensions>
			</trkpt>
			<trkpt lat="46.5463770370" lon="7.0169159417">
				<ele>1935.6</ele>
				<extensions>
					<swisstopo:routepoint_id>1942219652</swisstopo:routepoint_id>
				</extensions>
			</trkpt>
			<trkpt lat="46.5464121726" lon="7.0169567252">
				<ele>1937.3</ele>
				<extensions>
					<swisstopo:routepoint_id>1777951430</swisstopo:routepoint_id>
				</extensions>
			</trkpt>
			<trkpt lat="46.5464457068" lon="7.0170120060">
				<ele>1939.4</ele>
				<extensions>
					<swisstopo:routepoint_id>1950435434</swisstopo:routepoint_id>
				</extensions>
			</trkpt>
			<trkpt lat="46.5464907826" lon="7.0170382139">
				<ele>1940.3</ele>
				<extensions>
					<swisstopo:routepoint_id>1182145633</swisstopo:routepoint_id>
				</extensions>
			</trkpt>
			<trkpt lat="46.5465443403" lon="7.0171054253">
				<ele>1942.1</ele>
				<extensions>
					<swisstopo:routepoint_id>647113663</swisstopo:routepoint_id>
				</extensions>
			</trkpt>
			<trkpt lat="46.5465928159" lon="7.0171485040">
				<ele>1942.9</ele>
				<extensions>
					<swisstopo:routepoint_id>1882776144</swisstopo:routepoint_id>
				</extensions>
			</trkpt>
			<trkpt lat="46.5466428753" lon="7.0171698488">
				<ele>1943.8</ele>
				<extensions>
					<swisstopo:routepoint_id>1418138650</swisstopo:routepoint_id>
				</extensions>
			</trkpt>
			<trkpt lat="46.5466895883" lon="7.0171839705">
				<ele>1944.5</ele>
				<extensions>
					<swisstopo:routepoint_id>902801815</swisstopo:routepoint_id>
				</extensions>
			</trkpt>
			<trkpt lat="46.5467414280" lon="7.0172366976">
				<ele>1946.2</ele>
				<extensions>
					<swisstopo:routepoint_id>997451071</swisstopo:routepoint_id>
				</extensions>
			</trkpt>
			<trkpt lat="46.5467965424" lon="7.0172724758">
				<ele>1946.8</ele>
				<extensions>
					<swisstopo:routepoint_id>1149251227</swisstopo:routepoint_id>
				</extensions>
			</trkpt>
			<trkpt lat="46.5468621494" lon="7.0173189028">
				<ele>1947.4</ele>
				<extensions>
					<swisstopo:routepoint_id>1418861645</swisstopo:routepoint_id>
				</extensions>
			</trkpt>
			<trkpt lat="46.5468833321" lon="7.0173377605">
				<ele>1948.1</ele>
				<extensions>
					<swisstopo:routepoint_id>295495987</swisstopo:routepoint_id>
				</extensions>
			</trkpt>
			<trkpt lat="46.5469366242" lon="7.0173843093">
				<ele>1949.5</ele>
				<extensions>
					<swisstopo:routepoint_id>1435165813</swisstopo:routepoint_id>
				</extensions>
			</trkpt>
			<trkpt lat="46.5469904515" lon="7.0174319888">
				<ele>1951.4</ele>
				<extensions>
					<swisstopo:routepoint_id>896669716</swisstopo:routepoint_id>
				</extensions>
			</trkpt>
			<trkpt lat="46.5470425340" lon="7.0174944929">
				<ele>1953.3</ele>
				<extensions>
					<swisstopo:routepoint_id>803491036</swisstopo:routepoint_id>
				</extensions>
			</trkpt>
			<trkpt lat="46.5470753982" lon="7.0175073798">
				<ele>1954.3</ele>
				<extensions>
					<swisstopo:routepoint_id>1884829819</swisstopo:routepoint_id>
				</extensions>
			</trkpt>
			<trkpt lat="46.5470953735" lon="7.0175524150">
				<ele>1955.4</ele>
				<extensions>
					<swisstopo:routepoint_id>60293308</swisstopo:routepoint_id>
				</extensions>
			</trkpt>
			<trkpt lat="46.5471402012" lon="7.0175821067">
				<ele>1956.5</ele>
				<extensions>
					<swisstopo:routepoint_id>1393753312</swisstopo:routepoint_id>
				</extensions>
			</trkpt>
			<trkpt lat="46.5471800311" lon="7.0176249795">
				<ele>1957.7</ele>
				<extensions>
					<swisstopo:routepoint_id>1451713897</swisstopo:routepoint_id>
				</extensions>
			</trkpt>
			<trkpt lat="46.5472151278" lon="7.0176480583">
				<ele>1958.3</ele>
				<extensions>
					<swisstopo:routepoint_id>1723107556</swisstopo:routepoint_id>
				</extensions>
			</trkpt>
			<trkpt lat="46.5472425543" lon="7.0176525387">
				<ele>1958.3</ele>
				<extensions>
					<swisstopo:routepoint_id>2093665893</swisstopo:routepoint_id>
				</extensions>
			</trkpt>
			<trkpt lat="46.5472711976" lon="7.0176746376">
				<ele>1959.1</ele>
				<extensions>
					<swisstopo:routepoint_id>920858025</swisstopo:routepoint_id>
				</extensions>
			</trkpt>
			<trkpt lat="46.5472881068" lon="7.0177055246">
				<ele>1959.9</ele>
				<extensions>
					<swisstopo:routepoint_id>1018406945</swisstopo:routepoint_id>
				</extensions>
			</trkpt>
			<trkpt lat="46.5473008556" lon="7.0177205885">
				<ele>1960.4</ele>
				<extensions>
					<swisstopo:routepoint_id>603405497</swisstopo:routepoint_id>
				</extensions>
			</trkpt>
			<trkpt lat="46.5473378344" lon="7.0177442003">
				<ele>1960.9</ele>
				<extensions>
					<swisstopo:routepoint_id>336973748</swisstopo:routepoint_id>
				</extensions>
			</trkpt>
			<trkpt lat="46.5473655482" lon="7.0177509473">
				<ele>1961.0</ele>
				<extensions>
					<swisstopo:routepoint_id>825690266</swisstopo:routepoint_id>
				</extensions>
			</trkpt>
			<trkpt lat="46.5474009618" lon="7.0177478557">
				<ele>1962.0</ele>
				<extensions>
					<swisstopo:routepoint_id>713534502</swisstopo:routepoint_id>
				</extensions>
			</trkpt>
			<trkpt lat="46.5474234880" lon="7.0177456338">
				<ele>1962.6</ele>
				<extensions>
					<swisstopo:routepoint_id>620508962</swisstopo:routepoint_id>
				</extensions>
			</trkpt>
			<trkpt lat="46.5474705177" lon="7.0177335080">
				<ele>1964.0</ele>
				<extensions>
					<swisstopo:routepoint_id>359207297</swisstopo:routepoint_id>
				</extensions>
			</trkpt>
			<trkpt lat="46.5475203646" lon="7.0177266268">
				<ele>1966.1</ele>
				<extensions>
					<swisstopo:routepoint_id>2076718684</swisstopo:routepoint_id>
				</extensions>
			</trkpt>
			<trkpt lat="46.5475322479" lon="7.0177339147">
				<ele>1967.1</ele>
				<extensions>
					<swisstopo:routepoint_id>715908854</swisstopo:routepoint_id>
				</extensions>
			</trkpt>
			<trkpt lat="46.5475386137" lon="7.0177719496">
				<ele>1968.0</ele>
				<extensions>
					<swisstopo:routepoint_id>1394942279</swisstopo:routepoint_id>
				</extensions>
			</trkpt>
			<trkpt lat="46.5475458853" lon="7.0177922202">
				<ele>1968.5</ele>
				<extensions>
					<swisstopo:routepoint_id>768894154</swisstopo:routepoint_id>
				</extensions>
			</trkpt>
			<trkpt lat="46.5475069403" lon="7.0178353145">
				<ele>1968.8</ele>
				<extensions>
					<swisstopo:routepoint_id>116319332</swisstopo:routepoint_id>
				</extensions>
			</trkpt>
			<trkpt lat="46.5474614424" lon="7.0178894902">
				<ele>1969.9</ele>
				<extensions>
					<swisstopo:routepoint_id>1538012553</swisstopo:routepoint_id>
				</extensions>
			</trkpt>
			<trkpt lat="46.5474216909" lon="7.0179529311">
				<ele>1971.7</ele>
				<extensions>
					<swisstopo:routepoint_id>1845263840</swisstopo:routepoint_id>
				</extensions>
			</trkpt>
			<trkpt lat="46.5473968814" lon="7.0180017565">
				<ele>1972.9</ele>
				<extensions>
					<swisstopo:routepoint_id>1425134346</swisstopo:routepoint_id>
				</extensions>
			</trkpt>
			<trkpt lat="46.5474216909" lon="7.0179529311">
				<ele>1971.7</ele>
				<extensions>
					<swisstopo:routepoint_id>2008167914</swisstopo:routepoint_id>
				</extensions>
			</trkpt>
			<trkpt lat="46.5474614424" lon="7.0178894902">
				<ele>1969.9</ele>
				<extensions>
					<swisstopo:routepoint_id>1488804673</swisstopo:routepoint_id>
				</extensions>
			</trkpt>
			<trkpt lat="46.5475069403" lon="7.0178353145">
				<ele>1968.8</ele>
				<extensions>
					<swisstopo:routepoint_id>1823922793</swisstopo:routepoint_id>
				</extensions>
			</trkpt>
			<trkpt lat="46.5475458853" lon="7.0177922202">
				<ele>1968.5</ele>
				<extensions>
					<swisstopo:routepoint_id>1739740214</swisstopo:routepoint_id>
				</extensions>
			</trkpt>
			<trkpt lat="46.5475386137" lon="7.0177719496">
				<ele>1968.0</ele>
				<extensions>
					<swisstopo:routepoint_id>1448795700</swisstopo:routepoint_id>
				</extensions>
			</trkpt>
			<trkpt lat="46.5475322479" lon="7.0177339147">
				<ele>1967.1</ele>
				<extensions>
					<swisstopo:routepoint_id>1443411916</swisstopo:routepoint_id>
				</extensions>
			</trkpt>
			<trkpt lat="46.5475203646" lon="7.0177266268">
				<ele>1966.1</ele>
				<extensions>
					<swisstopo:routepoint_id>1237696794</swisstopo:routepoint_id>
				</extensions>
			</trkpt>
			<trkpt lat="46.5474705177" lon="7.0177335080">
				<ele>1964.0</ele>
				<extensions>
					<swisstopo:routepoint_id>745374535</swisstopo:routepoint_id>
				</extensions>
			</trkpt>
			<trkpt lat="46.5474234880" lon="7.0177456338">
				<ele>1962.6</ele>
				<extensions>
					<swisstopo:routepoint_id>1517478501</swisstopo:routepoint_id>
				</extensions>
			</trkpt>
			<trkpt lat="46.5474281517" lon="7.0176931968">
				<ele>1961.2</ele>
				<extensions>
					<swisstopo:routepoint_id>1552789835</swisstopo:routepoint_id>
				</extensions>
			</trkpt>
			<trkpt lat="46.5474133820" lon="7.0176935456">
				<ele>1960.2</ele>
				<extensions>
					<swisstopo:routepoint_id>690323047</swisstopo:routepoint_id>
				</extensions>
			</trkpt>
			<trkpt lat="46.5473993194" lon="7.0176807861">
				<ele>1959.4</ele>
				<extensions>
					<swisstopo:routepoint_id>1405034837</swisstopo:routepoint_id>
				</extensions>
			</trkpt>
			<trkpt lat="46.5473705721" lon="7.0176791713">
				<ele>1958.3</ele>
				<extensions>
					<swisstopo:routepoint_id>70358841</swisstopo:routepoint_id>
				</extensions>
			</trkpt>
			<trkpt lat="46.5473535132" lon="7.0176613636">
				<ele>1957.5</ele>
				<extensions>
					<swisstopo:routepoint_id>897099604</swisstopo:routepoint_id>
				</extensions>
			</trkpt>
			<trkpt lat="46.5473482231" lon="7.0176393047">
				<ele>1956.7</ele>
				<extensions>
					<swisstopo:routepoint_id>541811612</swisstopo:routepoint_id>
				</extensions>
			</trkpt>
			<trkpt lat="46.5473652299" lon="7.0175871497">
				<ele>1955.6</ele>
				<extensions>
					<swisstopo:routepoint_id>847168346</swisstopo:routepoint_id>
				</extensions>
			</trkpt>
			<trkpt lat="46.5473698476" lon="7.0175296017">
				<ele>1954.1</ele>
				<extensions>
					<swisstopo:routepoint_id>1005880790</swisstopo:routepoint_id>
				</extensions>
			</trkpt>
			<trkpt lat="46.5473570366" lon="7.0174758662">
				<ele>1952.2</ele>
				<extensions>
					<swisstopo:routepoint_id>231073738</swisstopo:routepoint_id>
				</extensions>
			</trkpt>
			<trkpt lat="46.5473549440" lon="7.0174184751">
				<ele>1950.5</ele>
				<extensions>
					<swisstopo:routepoint_id>791568529</swisstopo:routepoint_id>
				</extensions>
			</trkpt>
			<trkpt lat="46.5473444750" lon="7.0173874338">
				<ele>1949.3</ele>
				<extensions>
					<swisstopo:routepoint_id>818945336</swisstopo:routepoint_id>
				</extensions>
			</trkpt>
			<trkpt lat="46.5473206478" lon="7.0173953770">
				<ele>1948.5</ele>
				<extensions>
					<swisstopo:routepoint_id>219307484</swisstopo:routepoint_id>
				</extensions>
			</trkpt>
			<trkpt lat="46.5472931732" lon="7.0173851992">
				<ele>1947.6</ele>
				<extensions>
					<swisstopo:routepoint_id>1762388365</swisstopo:routepoint_id>
				</extensions>
			</trkpt>
			<trkpt lat="46.5472666032" lon="7.0173545315">
				<ele>1945.8</ele>
				<extensions>
					<swisstopo:routepoint_id>326181987</swisstopo:routepoint_id>
				</extensions>
			</trkpt>
			<trkpt lat="46.5472631121" lon="7.0173227580">
				<ele>1944.5</ele>
				<extensions>
					<swisstopo:routepoint_id>1427756795</swisstopo:routepoint_id>
				</extensions>
			</trkpt>
			<trkpt lat="46.5472513487" lon="7.0172968645">
				<ele>1943.7</ele>
				<extensions>
					<swisstopo:routepoint_id>105242268</swisstopo:routepoint_id>
				</extensions>
			</trkpt>
			<trkpt lat="46.5472299914" lon="7.0172478765">
				<ele>1942.0</ele>
				<extensions>
					<swisstopo:routepoint_id>1470675434</swisstopo:routepoint_id>
				</extensions>
			</trkpt>
			<trkpt lat="46.5472431113" lon="7.0172441627">
				<ele>1941.7</ele>
				<extensions>
					<swisstopo:routepoint_id>601515809</swisstopo:routepoint_id>
				</extensions>
			</trkpt>
			<trkpt lat="46.5472459614" lon="7.0172315845">
				<ele>1941.2</ele>
				<extensions>
					<swisstopo:routepoint_id>815867472</swisstopo:routepoint_id>
				</extensions>
			</trkpt>
			<trkpt lat="46.5472277096" lon="7.0172001611">
				<ele>1939.9</ele>
				<extensions>
					<swisstopo:routepoint_id>309515158</swisstopo:routepoint_id>
				</extensions>
			</trkpt>
			<trkpt lat="46.5472158541" lon="7.0171664190">
				<ele>1938.9</ele>
				<extensions>
					<swisstopo:routepoint_id>1828069141</swisstopo:routepoint_id>
				</extensions>
			</trkpt>
			<trkpt lat="46.5472397464" lon="7.0171541597">
				<ele>1938.0</ele>
				<extensions>
					<swisstopo:routepoint_id>1634710916</swisstopo:routepoint_id>
				</extensions>
			</trkpt>
			<trkpt lat="46.5472562360" lon="7.0171081626">
				<ele>1936.7</ele>
				<extensions>
					<swisstopo:routepoint_id>2084205419</swisstopo:routepoint_id>
				</extensions>
			</trkpt>
			<trkpt lat="46.5472527286" lon="7.0170623080">
				<ele>1934.9</ele>
				<extensions>
					<swisstopo:routepoint_id>533832534</swisstopo:routepoint_id>
				</extensions>
			</trkpt>
			<trkpt lat="46.5472557796" lon="7.0169850195">
				<ele>1932.6</ele>
				<extensions>
					<swisstopo:routepoint_id>656913623</swisstopo:routepoint_id>
				</extensions>
			</trkpt>
			<trkpt lat="46.5472670976" lon="7.0168931549">
				<ele>1929.9</ele>
				<extensions>
					<swisstopo:routepoint_id>777922137</swisstopo:routepoint_id>
				</extensions>
			</trkpt>
			<trkpt lat="46.5472718304" lon="7.0168231025">
				<ele>1927.7</ele>
				<extensions>
					<swisstopo:routepoint_id>188895029</swisstopo:routepoint_id>
				</extensions>
			</trkpt>
			<trkpt lat="46.5473014720" lon="7.0167286830">
				<ele>1924.5</ele>
				<extensions>
					<swisstopo:routepoint_id>1629502460</swisstopo:routepoint_id>
				</extensions>
			</trkpt>
			<trkpt lat="46.5473127719" lon="7.0166319943">
				<ele>1921.4</ele>
				<extensions>
					<swisstopo:routepoint_id>1070963881</swisstopo:routepoint_id>
				</extensions>
			</trkpt>
			<trkpt lat="46.5473557985" lon="7.0165495699">
				<ele>1918.9</ele>
				<extensions>
					<swisstopo:routepoint_id>1697530268</swisstopo:routepoint_id>
				</extensions>
			</trkpt>
			<trkpt lat="46.5473987711" lon="7.0164574582">
				<ele>1916.1</ele>
				<extensions>
					<swisstopo:routepoint_id>407952956</swisstopo:routepoint_id>
				</extensions>
			</trkpt>
			<trkpt lat="46.5474448570" lon="7.0163049805">
				<ele>1910.8</ele>
				<extensions>
					<swisstopo:routepoint_id>1707712673</swisstopo:routepoint_id>
				</extensions>
			</trkpt>
			<trkpt lat="46.5474958364" lon="7.0161258926">
				<ele>1904.4</ele>
				<extensions>
					<swisstopo:routepoint_id>1362930225</swisstopo:routepoint_id>
				</extensions>
			</trkpt>
			<trkpt lat="46.5475354534" lon="7.0160265704">
				<ele>1900.7</ele>
				<extensions>
					<swisstopo:routepoint_id>122743335</swisstopo:routepoint_id>
				</extensions>
			</trkpt>
			<trkpt lat="46.5475981625" lon="7.0158642879">
				<ele>1895.6</ele>
				<extensions>
					<swisstopo:routepoint_id>168029020</swisstopo:routepoint_id>
				</extensions>
			</trkpt>
			<trkpt lat="46.5476112017" lon="7.0158243667">
				<ele>1894.5</ele>
				<extensions>
					<swisstopo:routepoint_id>1249759361</swisstopo:routepoint_id>
				</extensions>
			</trkpt>
			<trkpt lat="46.5476376984" lon="7.0157432307">
				<ele>1892.1</ele>
				<extensions>
					<swisstopo:routepoint_id>578247948</swisstopo:routepoint_id>
				</extensions>
			</trkpt>
			<trkpt lat="46.5476854475" lon="7.0155907390">
				<ele>1887.9</ele>
				<extensions>
					<swisstopo:routepoint_id>1231895525</swisstopo:routepoint_id>
				</extensions>
			</trkpt>
			<trkpt lat="46.5477116790" lon="7.0154746226">
				<ele>1885.0</ele>
				<extensions>
					<swisstopo:routepoint_id>1177119727</swisstopo:routepoint_id>
				</extensions>
			</trkpt>
			<trkpt lat="46.5477353260" lon="7.0154086072">
				<ele>1883.3</ele>
				<extensions>
					<swisstopo:routepoint_id>1029538458</swisstopo:routepoint_id>
				</extensions>
			</trkpt>
			<trkpt lat="46.5477446478" lon="7.0153825876">
				<ele>1882.7</ele>
				<extensions>
					<swisstopo:routepoint_id>1436870539</swisstopo:routepoint_id>
				</extensions>
			</trkpt>
			<trkpt lat="46.5477877003" lon="7.0153122222">
				<ele>1880.9</ele>
				<extensions>
					<swisstopo:routepoint_id>1024315213</swisstopo:routepoint_id>
				</extensions>
			</trkpt>
			<trkpt lat="46.5478306091" lon="7.0151984002">
				<ele>1877.9</ele>
				<extensions>
					<swisstopo:routepoint_id>2142433666</swisstopo:routepoint_id>
				</extensions>
			</trkpt>
			<trkpt lat="46.5478468108" lon="7.0151477496">
				<ele>1876.5</ele>
				<extensions>
					<swisstopo:routepoint_id>2145566749</swisstopo:routepoint_id>
				</extensions>
			</trkpt>
			<trkpt lat="46.5478569480" lon="7.0151160782">
				<ele>1875.6</ele>
				<extensions>
					<swisstopo:routepoint_id>106051616</swisstopo:routepoint_id>
				</extensions>
			</trkpt>
			<trkpt lat="46.5478838778" lon="7.0149943755">
				<ele>1872.4</ele>
				<extensions>
					<swisstopo:routepoint_id>1830995818</swisstopo:routepoint_id>
				</extensions>
			</trkpt>
			<trkpt lat="46.5479047291" lon="7.0149047816">
				<ele>1870.2</ele>
				<extensions>
					<swisstopo:routepoint_id>1153772883</swisstopo:routepoint_id>
				</extensions>
			</trkpt>
			<trkpt lat="46.5479177466" lon="7.0148445855">
				<ele>1868.7</ele>
				<extensions>
					<swisstopo:routepoint_id>563931642</swisstopo:routepoint_id>
				</extensions>
			</trkpt>
			<trkpt lat="46.5479429586" lon="7.0147423625">
				<ele>1866.6</ele>
				<extensions>
					<swisstopo:routepoint_id>418490681</swisstopo:routepoint_id>
				</extensions>
			</trkpt>
			<trkpt lat="46.5479569148" lon="7.0146975311">
				<ele>1865.5</ele>
				<extensions>
					<swisstopo:routepoint_id>1595656231</swisstopo:routepoint_id>
				</extensions>
			</trkpt>
			<trkpt lat="46.5479743797" lon="7.0146624255">
				<ele>1864.7</ele>
				<extensions>
					<swisstopo:routepoint_id>494577103</swisstopo:routepoint_id>
				</extensions>
			</trkpt>
			<trkpt lat="46.5479892572" lon="7.0146162180">
				<ele>1863.4</ele>
				<extensions>
					<swisstopo:routepoint_id>913352037</swisstopo:routepoint_id>
				</extensions>
			</trkpt>
			<trkpt lat="46.5479838325" lon="7.0145799352">
				<ele>1862.6</ele>
				<extensions>
					<swisstopo:routepoint_id>438827405</swisstopo:routepoint_id>
				</extensions>
			</trkpt>
			<trkpt lat="46.5479856146" lon="7.0145440134">
				<ele>1861.9</ele>
				<extensions>
					<swisstopo:routepoint_id>515846392</swisstopo:routepoint_id>
				</extensions>
			</trkpt>
			<trkpt lat="46.5479749446" lon="7.0144930386">
				<ele>1860.3</ele>
				<extensions>
					<swisstopo:routepoint_id>1971570686</swisstopo:routepoint_id>
				</extensions>
			</trkpt>
			<trkpt lat="46.5479746823" lon="7.0144226721">
				<ele>1858.2</ele>
				<extensions>
					<swisstopo:routepoint_id>1499024349</swisstopo:routepoint_id>
				</extensions>
			</trkpt>
			<trkpt lat="46.5479907146" lon="7.0143797672">
				<ele>1857.0</ele>
				<extensions>
					<swisstopo:routepoint_id>987903558</swisstopo:routepoint_id>
				</extensions>
			</trkpt>
			<trkpt lat="46.5479895809" lon="7.0143314815">
				<ele>1855.7</ele>
				<extensions>
					<swisstopo:routepoint_id>495818674</swisstopo:routepoint_id>
				</extensions>
			</trkpt>
			<trkpt lat="46.5480027385" lon="7.0142872172">
				<ele>1854.4</ele>
				<extensions>
					<swisstopo:routepoint_id>140324440</swisstopo:routepoint_id>
				</extensions>
			</trkpt>
			<trkpt lat="46.5480082087" lon="7.0142223211">
				<ele>1852.3</ele>
				<extensions>
					<swisstopo:routepoint_id>935052398</swisstopo:routepoint_id>
				</extensions>
			</trkpt>
			<trkpt lat="46.5480079358" lon="7.0141491905">
				<ele>1850.1</ele>
				<extensions>
					<swisstopo:routepoint_id>1477624558</swisstopo:routepoint_id>
				</extensions>
			</trkpt>
			<trkpt lat="46.5480047392" lon="7.0140567598">
				<ele>1847.5</ele>
				<extensions>
					<swisstopo:routepoint_id>1754413524</swisstopo:routepoint_id>
				</extensions>
			</trkpt>
			<trkpt lat="46.5480072714" lon="7.0139711816">
				<ele>1845.4</ele>
				<extensions>
					<swisstopo:routepoint_id>901288545</swisstopo:routepoint_id>
				</extensions>
			</trkpt>
			<trkpt lat="46.5480173853" lon="7.0138731312">
				<ele>1843.0</ele>
				<extensions>
					<swisstopo:routepoint_id>2027302721</swisstopo:routepoint_id>
				</extensions>
			</trkpt>
			<trkpt lat="46.5480323159" lon="7.0137929839">
				<ele>1840.7</ele>
				<extensions>
					<swisstopo:routepoint_id>1663343960</swisstopo:routepoint_id>
				</extensions>
			</trkpt>
			<trkpt lat="46.5480444049" lon="7.0137156100">
				<ele>1838.2</ele>
				<extensions>
					<swisstopo:routepoint_id>1942123359</swisstopo:routepoint_id>
				</extensions>
			</trkpt>
			<trkpt lat="46.5480433123" lon="7.0136783546">
				<ele>1837.0</ele>
				<extensions>
					<swisstopo:routepoint_id>1504389070</swisstopo:routepoint_id>
				</extensions>
			</trkpt>
			<trkpt lat="46.5480145816" lon="7.0136330500">
				<ele>1835.7</ele>
				<extensions>
					<swisstopo:routepoint_id>1602620592</swisstopo:routepoint_id>
				</extensions>
			</trkpt>
			<trkpt lat="46.5480183043" lon="7.0136109465">
				<ele>1835.1</ele>
				<extensions>
					<swisstopo:routepoint_id>1355257582</swisstopo:routepoint_id>
				</extensions>
			</trkpt>
			<trkpt lat="46.5480344201" lon="7.0135928792">
				<ele>1834.3</ele>
				<extensions>
					<swisstopo:routepoint_id>688778016</swisstopo:routepoint_id>
				</extensions>
			</trkpt>
			<trkpt lat="46.5480352962" lon="7.0135721671">
				<ele>1833.6</ele>
				<extensions>
					<swisstopo:routepoint_id>1667736380</swisstopo:routepoint_id>
				</extensions>
			</trkpt>
			<trkpt lat="46.5480228359" lon="7.0135501908">
				<ele>1832.7</ele>
				<extensions>
					<swisstopo:routepoint_id>472093314</swisstopo:routepoint_id>
				</extensions>
			</trkpt>
			<trkpt lat="46.5480294500" lon="7.0135363442">
				<ele>1832.4</ele>
				<extensions>
					<swisstopo:routepoint_id>754911970</swisstopo:routepoint_id>
				</extensions>
			</trkpt>
			<trkpt lat="46.5480521799" lon="7.0135044171">
				<ele>1831.2</ele>
				<extensions>
					<swisstopo:routepoint_id>1879077136</swisstopo:routepoint_id>
				</extensions>
			</trkpt>
			<trkpt lat="46.5480784581" lon="7.0134928411">
				<ele>1830.1</ele>
				<extensions>
					<swisstopo:routepoint_id>827570844</swisstopo:routepoint_id>
				</extensions>
			</trkpt>
			<trkpt lat="46.5480890331" lon="7.0134412171">
				<ele>1828.0</ele>
				<extensions>
					<swisstopo:routepoint_id>1069510662</swisstopo:routepoint_id>
				</extensions>
			</trkpt>
			<trkpt lat="46.5481149156" lon="7.0134104125">
				<ele>1826.6</ele>
				<extensions>
					<swisstopo:routepoint_id>1592628410</swisstopo:routepoint_id>
				</extensions>
			</trkpt>
			<trkpt lat="46.5481175101" lon="7.0133825159">
				<ele>1825.8</ele>
				<extensions>
					<swisstopo:routepoint_id>1058823236</swisstopo:routepoint_id>
				</extensions>
			</trkpt>
			<trkpt lat="46.5481279740" lon="7.0132988177">
				<ele>1823.1</ele>
				<extensions>
					<swisstopo:routepoint_id>1472904315</swisstopo:routepoint_id>
				</extensions>
			</trkpt>
			<trkpt lat="46.5481349908" lon="7.0132555660">
				<ele>1821.7</ele>
				<extensions>
					<swisstopo:routepoint_id>645725458</swisstopo:routepoint_id>
				</extensions>
			</trkpt>
			<trkpt lat="46.5481196846" lon="7.0132375238">
				<ele>1820.7</ele>
				<extensions>
					<swisstopo:routepoint_id>1179768087</swisstopo:routepoint_id>
				</extensions>
			</trkpt>
			<trkpt lat="46.5481259167" lon="7.0132249449">
				<ele>1820.4</ele>
				<extensions>
					<swisstopo:routepoint_id>583099164</swisstopo:routepoint_id>
				</extensions>
			</trkpt>
			<trkpt lat="46.5481447130" lon="7.0132164786">
				<ele>1819.9</ele>
				<extensions>
					<swisstopo:routepoint_id>2106758700</swisstopo:routepoint_id>
				</extensions>
			</trkpt>
			<trkpt lat="46.5481518096" lon="7.0131969302">
				<ele>1819.3</ele>
				<extensions>
					<swisstopo:routepoint_id>807268457</swisstopo:routepoint_id>
				</extensions>
			</trkpt>
			<trkpt lat="46.5481392227" lon="7.0131844470">
				<ele>1818.8</ele>
				<extensions>
					<swisstopo:routepoint_id>1992542825</swisstopo:routepoint_id>
				</extensions>
			</trkpt>
			<trkpt lat="46.5481436452" lon="7.0131690919">
				<ele>1818.3</ele>
				<extensions>
					<swisstopo:routepoint_id>348939305</swisstopo:routepoint_id>
				</extensions>
			</trkpt>
			<trkpt lat="46.5481651104" lon="7.0131550374">
				<ele>1817.5</ele>
				<extensions>
					<swisstopo:routepoint_id>397906409</swisstopo:routepoint_id>
				</extensions>
			</trkpt>
			<trkpt lat="46.5481479880" lon="7.0131300336">
				<ele>1816.5</ele>
				<extensions>
					<swisstopo:routepoint_id>778417819</swisstopo:routepoint_id>
				</extensions>
			</trkpt>
			<trkpt lat="46.5481191472" lon="7.0130841823">
				<ele>1815.0</ele>
				<extensions>
					<swisstopo:routepoint_id>2100509436</swisstopo:routepoint_id>
				</extensions>
			</trkpt>
			<trkpt lat="46.5481046451" lon="7.0130382444">
				<ele>1813.6</ele>
				<extensions>
					<swisstopo:routepoint_id>1176660316</swisstopo:routepoint_id>
				</extensions>
			</trkpt>
			<trkpt lat="46.5481111254" lon="7.0130127032">
				<ele>1812.8</ele>
				<extensions>
					<swisstopo:routepoint_id>546683626</swisstopo:routepoint_id>
				</extensions>
			</trkpt>
			<trkpt lat="46.5481451405" lon="7.0129628374">
				<ele>1810.7</ele>
				<extensions>
					<swisstopo:routepoint_id>1943717970</swisstopo:routepoint_id>
				</extensions>
			</trkpt>
			<trkpt lat="46.5481574801" lon="7.0129356984">
				<ele>1810.0</ele>
				<extensions>
					<swisstopo:routepoint_id>648820027</swisstopo:routepoint_id>
				</extensions>
			</trkpt>
			<trkpt lat="46.5481449044" lon="7.0128997329">
				<ele>1809.0</ele>
				<extensions>
					<swisstopo:routepoint_id>1387910763</swisstopo:routepoint_id>
				</extensions>
			</trkpt>
			<trkpt lat="46.5481246748" lon="7.0128953937">
				<ele>1808.6</ele>
				<extensions>
					<swisstopo:routepoint_id>1736903262</swisstopo:routepoint_id>
				</extensions>
			</trkpt>
			<trkpt lat="46.5481073929" lon="7.0128638591">
				<ele>1807.5</ele>
				<extensions>
					<swisstopo:routepoint_id>1497860428</swisstopo:routepoint_id>
				</extensions>
			</trkpt>
			<trkpt lat="46.5481020184" lon="7.0128026726">
				<ele>1805.6</ele>
				<extensions>
					<swisstopo:routepoint_id>962348855</swisstopo:routepoint_id>
				</extensions>
			</trkpt>
			<trkpt lat="46.5481126242" lon="7.0127593927">
				<ele>1804.2</ele>
				<extensions>
					<swisstopo:routepoint_id>1994724196</swisstopo:routepoint_id>
				</extensions>
			</trkpt>
			<trkpt lat="46.5480986623" lon="7.0127400230">
				<ele>1803.8</ele>
				<extensions>
					<swisstopo:routepoint_id>742097475</swisstopo:routepoint_id>
				</extensions>
			</trkpt>
			<trkpt lat="46.5480934218" lon="7.0126954726">
				<ele>1802.6</ele>
				<extensions>
					<swisstopo:routepoint_id>1362233906</swisstopo:routepoint_id>
				</extensions>
			</trkpt>
			<trkpt lat="46.5480776151" lon="7.0126686856">
				<ele>1801.8</ele>
				<extensions>
					<swisstopo:routepoint_id>1022649721</swisstopo:routepoint_id>
				</extensions>
			</trkpt>
			<trkpt lat="46.5480489538" lon="7.0126420126">
				<ele>1800.9</ele>
				<extensions>
					<swisstopo:routepoint_id>1829772623</swisstopo:routepoint_id>
				</extensions>
			</trkpt>
			<trkpt lat="46.5480316159" lon="7.0125883263">
				<ele>1799.4</ele>
				<extensions>
					<swisstopo:routepoint_id>811340718</swisstopo:routepoint_id>
				</extensions>
			</trkpt>
			<trkpt lat="46.5480340810" lon="7.0124827474">
				<ele>1796.5</ele>
				<extensions>
					<swisstopo:routepoint_id>1717447435</swisstopo:routepoint_id>
				</extensions>
			</trkpt>
			<trkpt lat="46.5480439122" lon="7.0124391998">
				<ele>1795.6</ele>
				<extensions>
					<swisstopo:routepoint_id>1689135704</swisstopo:routepoint_id>
				</extensions>
			</trkpt>
			<trkpt lat="46.5480464768" lon="7.0123625916">
				<ele>1794.4</ele>
				<extensions>
					<swisstopo:routepoint_id>1597903977</swisstopo:routepoint_id>
				</extensions>
			</trkpt>
			<trkpt lat="46.5480504805" lon="7.0122859721">
				<ele>1793.0</ele>
				<extensions>
					<swisstopo:routepoint_id>582612950</swisstopo:routepoint_id>
				</extensions>
			</trkpt>
			<trkpt lat="46.5480515140" lon="7.0121824776">
				<ele>1791.2</ele>
				<extensions>
					<swisstopo:routepoint_id>797467011</swisstopo:routepoint_id>
				</extensions>
			</trkpt>
			<trkpt lat="46.5480625502" lon="7.0120788912">
				<ele>1790.1</ele>
				<extensions>
					<swisstopo:routepoint_id>790963363</swisstopo:routepoint_id>
				</extensions>
			</trkpt>
			<trkpt lat="46.5480878322" lon="7.0119648530">
				<ele>1788.9</ele>
				<extensions>
					<swisstopo:routepoint_id>1405040825</swisstopo:routepoint_id>
				</extensions>
			</trkpt>
			<trkpt lat="46.5480990236" lon="7.0119026756">
				<ele>1788.0</ele>
				<extensions>
					<swisstopo:routepoint_id>366920366</swisstopo:routepoint_id>
				</extensions>
			</trkpt>
			<trkpt lat="46.5480987596" lon="7.0118322959">
				<ele>1787.3</ele>
				<extensions>
					<swisstopo:routepoint_id>2091924150</swisstopo:routepoint_id>
				</extensions>
			</trkpt>
			<trkpt lat="46.5480971041" lon="7.0117722798">
				<ele>1786.4</ele>
				<extensions>
					<swisstopo:routepoint_id>1504397983</swisstopo:routepoint_id>
				</extensions>
			</trkpt>
			<trkpt lat="46.5480869470" lon="7.0117289026">
				<ele>1785.7</ele>
				<extensions>
					<swisstopo:routepoint_id>480772171</swisstopo:routepoint_id>
				</extensions>
			</trkpt>
			<trkpt lat="46.5480567620" lon="7.0116773909">
				<ele>1785.2</ele>
				<extensions>
					<swisstopo:routepoint_id>114768911</swisstopo:routepoint_id>
				</extensions>
			</trkpt>
			<trkpt lat="46.5480179899" lon="7.0116197406">
				<ele>1785.0</ele>
				<extensions>
					<swisstopo:routepoint_id>1481408947</swisstopo:routepoint_id>
				</extensions>
			</trkpt>
			<trkpt lat="46.5480143130" lon="7.0115412520">
				<ele>1784.7</ele>
				<extensions>
					<swisstopo:routepoint_id>850163034</swisstopo:routepoint_id>
				</extensions>
			</trkpt>
			<trkpt lat="46.5480062364" lon="7.0114650537">
				<ele>1784.3</ele>
				<extensions>
					<swisstopo:routepoint_id>1076922850</swisstopo:routepoint_id>
				</extensions>
			</trkpt>
			<trkpt lat="46.5480367164" lon="7.0114201434">
				<ele>1782.7</ele>
				<extensions>
					<swisstopo:routepoint_id>101643745</swisstopo:routepoint_id>
				</extensions>
			</trkpt>
			<trkpt lat="46.5480552565" lon="7.0113985880">
				<ele>1781.8</ele>
				<extensions>
					<swisstopo:routepoint_id>850592032</swisstopo:routepoint_id>
				</extensions>
			</trkpt>
			<trkpt lat="46.5480679359" lon="7.0114189323">
				<ele>1781.1</ele>
				<extensions>
					<swisstopo:routepoint_id>2113163274</swisstopo:routepoint_id>
				</extensions>
			</trkpt>
			<trkpt lat="46.5480940128" lon="7.0114903209">
				<ele>1779.1</ele>
				<extensions>
					<swisstopo:routepoint_id>32580116</swisstopo:routepoint_id>
				</extensions>
			</trkpt>
			<trkpt lat="46.5480971250" lon="7.0115237791">
				<ele>1778.4</ele>
				<extensions>
					<swisstopo:routepoint_id>709909664</swisstopo:routepoint_id>
				</extensions>
			</trkpt>
			<trkpt lat="46.5481061663" lon="7.0115311397">
				<ele>1778.1</ele>
				<extensions>
					<swisstopo:routepoint_id>1073081310</swisstopo:routepoint_id>
				</extensions>
			</trkpt>
			<trkpt lat="46.5481397982" lon="7.0115327129">
				<ele>1776.9</ele>
				<extensions>
					<swisstopo:routepoint_id>2037534796</swisstopo:routepoint_id>
				</extensions>
			</trkpt>
			<trkpt lat="46.5481548500" lon="7.0115428033">
				<ele>1776.3</ele>
				<extensions>
					<swisstopo:routepoint_id>2014848556</swisstopo:routepoint_id>
				</extensions>
			</trkpt>
			<trkpt lat="46.5481724393" lon="7.0115938146">
				<ele>1775.4</ele>
				<extensions>
					<swisstopo:routepoint_id>204940271</swisstopo:routepoint_id>
				</extensions>
			</trkpt>
			<trkpt lat="46.5481958772" lon="7.0115973196">
				<ele>1774.5</ele>
				<extensions>
					<swisstopo:routepoint_id>1865244911</swisstopo:routepoint_id>
				</extensions>
			</trkpt>
			<trkpt lat="46.5482002067" lon="7.0115500600">
				<ele>1773.1</ele>
				<extensions>
					<swisstopo:routepoint_id>930555195</swisstopo:routepoint_id>
				</extensions>
			</trkpt>
			<trkpt lat="46.5482135604" lon="7.0115152201">
				<ele>1771.8</ele>
				<extensions>
					<swisstopo:routepoint_id>95374151</swisstopo:routepoint_id>
				</extensions>
			</trkpt>
			<trkpt lat="46.5482222728" lon="7.0114373506">
				<ele>1770.5</ele>
				<extensions>
					<swisstopo:routepoint_id>513653813</swisstopo:routepoint_id>
				</extensions>
			</trkpt>
			<trkpt lat="46.5482418072" lon="7.0113691223">
				<ele>1769.0</ele>
				<extensions>
					<swisstopo:routepoint_id>1896951025</swisstopo:routepoint_id>
				</extensions>
			</trkpt>
			<trkpt lat="46.5482397705" lon="7.0113010773">
				<ele>1767.3</ele>
				<extensions>
					<swisstopo:routepoint_id>1835829982</swisstopo:routepoint_id>
				</extensions>
			</trkpt>
			<trkpt lat="46.5482603272" lon="7.0112703397">
				<ele>1766.1</ele>
				<extensions>
					<swisstopo:routepoint_id>745154577</swisstopo:routepoint_id>
				</extensions>
			</trkpt>
			<trkpt lat="46.5483008870" lon="7.0113033461">
				<ele>1764.3</ele>
				<extensions>
					<swisstopo:routepoint_id>187104255</swisstopo:routepoint_id>
				</extensions>
			</trkpt>
			<trkpt lat="46.5483234581" lon="7.0113323221">
				<ele>1762.9</ele>
				<extensions>
					<swisstopo:routepoint_id>378986351</swisstopo:routepoint_id>
				</extensions>
			</trkpt>
			<trkpt lat="46.5483362700" lon="7.0113975050">
				<ele>1761.5</ele>
				<extensions>
					<swisstopo:routepoint_id>853930636</swisstopo:routepoint_id>
				</extensions>
			</trkpt>
			<trkpt lat="46.5483616925" lon="7.0114695249">
				<ele>1760.3</ele>
				<extensions>
					<swisstopo:routepoint_id>408924948</swisstopo:routepoint_id>
				</extensions>
			</trkpt>
			<trkpt lat="46.5484040409" lon="7.0114997271">
				<ele>1757.0</ele>
				<extensions>
					<swisstopo:routepoint_id>464479799</swisstopo:routepoint_id>
				</extensions>
			</trkpt>
			<trkpt lat="46.5484393075" lon="7.0115605476">
				<ele>1756.0</ele>
				<extensions>
					<swisstopo:routepoint_id>127928578</swisstopo:routepoint_id>
				</extensions>
			</trkpt>
			<trkpt lat="46.5484852972" lon="7.0116046073">
				<ele>1755.1</ele>
				<extensions>
					<swisstopo:routepoint_id>886242310</swisstopo:routepoint_id>
				</extensions>
			</trkpt>
			<trkpt lat="46.5485014971" lon="7.0116114292">
				<ele>1754.7</ele>
				<extensions>
					<swisstopo:routepoint_id>1302061320</swisstopo:routepoint_id>
				</extensions>
			</trkpt>
			<trkpt lat="46.5485365367" lon="7.0116069543">
				<ele>1752.5</ele>
				<extensions>
					<swisstopo:routepoint_id>388252358</swisstopo:routepoint_id>
				</extensions>
			</trkpt>
			<trkpt lat="46.5485715830" lon="7.0116066649">
				<ele>1751.6</ele>
				<extensions>
					<swisstopo:routepoint_id>700731158</swisstopo:routepoint_id>
				</extensions>
			</trkpt>
			<trkpt lat="46.5486254949" lon="7.0116020413">
				<ele>1749.4</ele>
				<extensions>
					<swisstopo:routepoint_id>1151916809</swisstopo:routepoint_id>
				</extensions>
			</trkpt>
			<trkpt lat="46.5486920661" lon="7.0116195487">
				<ele>1747.8</ele>
				<extensions>
					<swisstopo:routepoint_id>1042825368</swisstopo:routepoint_id>
				</extensions>
			</trkpt>
			<trkpt lat="46.5487666980" lon="7.0116300299">
				<ele>1745.8</ele>
				<extensions>
					<swisstopo:routepoint_id>570185926</swisstopo:routepoint_id>
				</extensions>
			</trkpt>
			<trkpt lat="46.5488341530" lon="7.0116433450">
				<ele>1743.5</ele>
				<extensions>
					<swisstopo:routepoint_id>1366440192</swisstopo:routepoint_id>
				</extensions>
			</trkpt>
			<trkpt lat="46.5488944206" lon="7.0116567298">
				<ele>1741.3</ele>
				<extensions>
					<swisstopo:routepoint_id>1776639440</swisstopo:routepoint_id>
				</extensions>
			</trkpt>
			<trkpt lat="46.5489491972" lon="7.0116451628">
				<ele>1738.9</ele>
				<extensions>
					<swisstopo:routepoint_id>1214461904</swisstopo:routepoint_id>
				</extensions>
			</trkpt>
			<trkpt lat="46.5489779452" lon="7.0116421458">
				<ele>1737.8</ele>
				<extensions>
					<swisstopo:routepoint_id>115706977</swisstopo:routepoint_id>
				</extensions>
			</trkpt>
			<trkpt lat="46.5490157057" lon="7.0116459943">
				<ele>1736.6</ele>
				<extensions>
					<swisstopo:routepoint_id>1277099706</swisstopo:routepoint_id>
				</extensions>
			</trkpt>
			<trkpt lat="46.5490683928" lon="7.0116026163">
				<ele>1734.5</ele>
				<extensions>
					<swisstopo:routepoint_id>266483043</swisstopo:routepoint_id>
				</extensions>
			</trkpt>
			<trkpt lat="46.5491049042" lon="7.0115636815">
				<ele>1732.6</ele>
				<extensions>
					<swisstopo:routepoint_id>52658401</swisstopo:routepoint_id>
				</extensions>
			</trkpt>
			<trkpt lat="46.5491464625" lon="7.0115392060">
				<ele>1730.7</ele>
				<extensions>
					<swisstopo:routepoint_id>1903567801</swisstopo:routepoint_id>
				</extensions>
			</trkpt>
			<trkpt lat="46.5492129830" lon="7.0115048718">
				<ele>1728.1</ele>
				<extensions>
					<swisstopo:routepoint_id>108081588</swisstopo:routepoint_id>
				</extensions>
			</trkpt>
			<trkpt lat="46.5492694279" lon="7.0114537057">
				<ele>1726.2</ele>
				<extensions>
					<swisstopo:routepoint_id>1906126562</swisstopo:routepoint_id>
				</extensions>
			</trkpt>
			<trkpt lat="46.5493043659" lon="7.0114389439">
				<ele>1725.0</ele>
				<extensions>
					<swisstopo:routepoint_id>1367158545</swisstopo:routepoint_id>
				</extensions>
			</trkpt>
			<trkpt lat="46.5493759876" lon="7.0114335545">
				<ele>1722.5</ele>
				<extensions>
					<swisstopo:routepoint_id>1525437433</swisstopo:routepoint_id>
				</extensions>
			</trkpt>
			<trkpt lat="46.5494642606" lon="7.0114256228">
				<ele>1719.0</ele>
				<extensions>
					<swisstopo:routepoint_id>203761193</swisstopo:routepoint_id>
				</extensions>
			</trkpt>
			<trkpt lat="46.5495207769" lon="7.0113913510">
				<ele>1716.7</ele>
				<extensions>
					<swisstopo:routepoint_id>929434153</swisstopo:routepoint_id>
				</extensions>
			</trkpt>
			<trkpt lat="46.5495606173" lon="7.0113524167">
				<ele>1715.2</ele>
				<extensions>
					<swisstopo:routepoint_id>529036219</swisstopo:routepoint_id>
				</extensions>
			</trkpt>
			<trkpt lat="46.5496188889" lon="7.0113422796">
				<ele>1713.7</ele>
				<extensions>
					<swisstopo:routepoint_id>1163022859</swisstopo:routepoint_id>
				</extensions>
			</trkpt>
			<trkpt lat="46.5497021957" lon="7.0113416221">
				<ele>1711.4</ele>
				<extensions>
					<swisstopo:routepoint_id>1846391487</swisstopo:routepoint_id>
				</extensions>
			</trkpt>
			<trkpt lat="46.5497921138" lon="7.0113288414">
				<ele>1709.1</ele>
				<extensions>
					<swisstopo:routepoint_id>217068699</swisstopo:routepoint_id>
				</extensions>
			</trkpt>
			<trkpt lat="46.5498819230" lon="7.0112870740">
				<ele>1706.7</ele>
				<extensions>
					<swisstopo:routepoint_id>1549007040</swisstopo:routepoint_id>
				</extensions>
			</trkpt>
			<trkpt lat="46.5499525069" lon="7.0112448598">
				<ele>1704.5</ele>
				<extensions>
					<swisstopo:routepoint_id>1311300422</swisstopo:routepoint_id>
				</extensions>
			</trkpt>
			<trkpt lat="46.5500709645" lon="7.0111133250">
				<ele>1701.8</ele>
				<extensions>
					<swisstopo:routepoint_id>1854450019</swisstopo:routepoint_id>
				</extensions>
			</trkpt>
			<trkpt lat="46.5501114450" lon="7.0110799368">
				<ele>1701.0</ele>
				<extensions>
					<swisstopo:routepoint_id>732378368</swisstopo:routepoint_id>
				</extensions>
			</trkpt>
			<trkpt lat="46.5501717438" lon="7.0110394587">
				<ele>1699.6</ele>
				<extensions>
					<swisstopo:routepoint_id>742277913</swisstopo:routepoint_id>
				</extensions>
			</trkpt>
			<trkpt lat="46.5501687160" lon="7.0109993470">
				<ele>1698.3</ele>
				<extensions>
					<swisstopo:routepoint_id>1861443687</swisstopo:routepoint_id>
				</extensions>
			</trkpt>
			<trkpt lat="46.5501572462" lon="7.0109540622">
				<ele>1696.8</ele>
				<extensions>
					<swisstopo:routepoint_id>1074555330</swisstopo:routepoint_id>
				</extensions>
			</trkpt>
			<trkpt lat="46.5501770516" lon="7.0109031950">
				<ele>1695.4</ele>
				<extensions>
					<swisstopo:routepoint_id>144703162</swisstopo:routepoint_id>
				</extensions>
			</trkpt>
			<trkpt lat="46.5502333432" lon="7.0108109807">
				<ele>1693.1</ele>
				<extensions>
					<swisstopo:routepoint_id>1508626413</swisstopo:routepoint_id>
				</extensions>
			</trkpt>
			<trkpt lat="46.5502749460" lon="7.0107437507">
				<ele>1691.6</ele>
				<extensions>
					<swisstopo:routepoint_id>2109113685</swisstopo:routepoint_id>
				</extensions>
			</trkpt>
			<trkpt lat="46.5503188639" lon="7.0106719500">
				<ele>1689.9</ele>
				<extensions>
					<swisstopo:routepoint_id>1406141439</swisstopo:routepoint_id>
				</extensions>
			</trkpt>
			<trkpt lat="46.5503671796" lon="7.0106074043">
				<ele>1688.8</ele>
				<extensions>
					<swisstopo:routepoint_id>861019275</swisstopo:routepoint_id>
				</extensions>
			</trkpt>
			<trkpt lat="46.5504140177" lon="7.0105325180">
				<ele>1687.8</ele>
				<extensions>
					<swisstopo:routepoint_id>1943992219</swisstopo:routepoint_id>
				</extensions>
			</trkpt>
			<trkpt lat="46.5504978103" lon="7.0104076532">
				<ele>1685.7</ele>
				<extensions>
					<swisstopo:routepoint_id>1523171837</swisstopo:routepoint_id>
				</extensions>
			</trkpt>
			<trkpt lat="46.5505644439" lon="7.0102787982">
				<ele>1682.8</ele>
				<extensions>
					<swisstopo:routepoint_id>787428893</swisstopo:routepoint_id>
				</extensions>
			</trkpt>
			<trkpt lat="46.5506084134" lon="7.0101997829">
				<ele>1680.9</ele>
				<extensions>
					<swisstopo:routepoint_id>323951834</swisstopo:routepoint_id>
				</extensions>
			</trkpt>
			<trkpt lat="46.5506310596" lon="7.0101457792">
				<ele>1679.4</ele>
				<extensions>
					<swisstopo:routepoint_id>1819764744</swisstopo:routepoint_id>
				</extensions>
			</trkpt>
			<trkpt lat="46.5506751460" lon="7.0100978261">
				<ele>1677.7</ele>
				<extensions>
					<swisstopo:routepoint_id>1815765002</swisstopo:routepoint_id>
				</extensions>
			</trkpt>
			<trkpt lat="46.5507163896" lon="7.0100519646">
				<ele>1676.1</ele>
				<extensions>
					<swisstopo:routepoint_id>489095953</swisstopo:routepoint_id>
				</extensions>
			</trkpt>
			<trkpt lat="46.5507932971" lon="7.0099954620">
				<ele>1673.6</ele>
				<extensions>
					<swisstopo:routepoint_id>1825141043</swisstopo:routepoint_id>
				</extensions>
			</trkpt>
			<trkpt lat="46.5508460108" lon="7.0099639939">
				<ele>1672.1</ele>
				<extensions>
					<swisstopo:routepoint_id>1113907306</swisstopo:routepoint_id>
				</extensions>
			</trkpt>
			<trkpt lat="46.5508817060" lon="7.0099616421">
				<ele>1671.2</ele>
				<extensions>
					<swisstopo:routepoint_id>561629353</swisstopo:routepoint_id>
				</extensions>
			</trkpt>
			<trkpt lat="46.5509187840" lon="7.0099468577">
				<ele>1670.2</ele>
				<extensions>
					<swisstopo:routepoint_id>386675025</swisstopo:routepoint_id>
				</extensions>
			</trkpt>
			<trkpt lat="46.5509730913" lon="7.0099588557">
				<ele>1668.8</ele>
				<extensions>
					<swisstopo:routepoint_id>999720279</swisstopo:routepoint_id>
				</extensions>
			</trkpt>
			<trkpt lat="46.5509944948" lon="7.0099545415">
				<ele>1668.3</ele>
				<extensions>
					<swisstopo:routepoint_id>2001115078</swisstopo:routepoint_id>
				</extensions>
			</trkpt>
			<trkpt lat="46.5511030869" lon="7.0099702417">
				<ele>1665.6</ele>
				<extensions>
					<swisstopo:routepoint_id>1867140606</swisstopo:routepoint_id>
				</extensions>
			</trkpt>
			<trkpt lat="46.5511859561" lon="7.0099799380">
				<ele>1663.0</ele>
				<extensions>
					<swisstopo:routepoint_id>1724282232</swisstopo:routepoint_id>
				</extensions>
			</trkpt>
			<trkpt lat="46.5512288624" lon="7.0099982340">
				<ele>1662.2</ele>
				<extensions>
					<swisstopo:routepoint_id>1925644246</swisstopo:routepoint_id>
				</extensions>
			</trkpt>
			<trkpt lat="46.5512330835" lon="7.0099795649">
				<ele>1661.4</ele>
				<extensions>
					<swisstopo:routepoint_id>1832637360</swisstopo:routepoint_id>
				</extensions>
			</trkpt>
			<trkpt lat="46.5512129627" lon="7.0099466040">
				<ele>1660.8</ele>
				<extensions>
					<swisstopo:routepoint_id>948058179</swisstopo:routepoint_id>
				</extensions>
			</trkpt>
			<trkpt lat="46.5511826755" lon="7.0098681755">
				<ele>1659.3</ele>
				<extensions>
					<swisstopo:routepoint_id>70076105</swisstopo:routepoint_id>
				</extensions>
			</trkpt>
			<trkpt lat="46.5511437921" lon="7.0097815511">
				<ele>1658.0</ele>
				<extensions>
					<swisstopo:routepoint_id>1667060702</swisstopo:routepoint_id>
				</extensions>
			</trkpt>
			<trkpt lat="46.5511378692" lon="7.0097257165">
				<ele>1657.0</ele>
				<extensions>
					<swisstopo:routepoint_id>1779212790</swisstopo:routepoint_id>
				</extensions>
			</trkpt>
			<trkpt lat="46.5511134034" lon="7.0096762302">
				<ele>1656.1</ele>
				<extensions>
					<swisstopo:routepoint_id>539691953</swisstopo:routepoint_id>
				</extensions>
			</trkpt>
			<trkpt lat="46.5510989645" lon="7.0096328721">
				<ele>1655.4</ele>
				<extensions>
					<swisstopo:routepoint_id>1008545732</swisstopo:routepoint_id>
				</extensions>
			</trkpt>
			<trkpt lat="46.5510773034" lon="7.0095688791">
				<ele>1654.3</ele>
				<extensions>
					<swisstopo:routepoint_id>884889201</swisstopo:routepoint_id>
				</extensions>
			</trkpt>
			<trkpt lat="46.5510314127" lon="7.0095174871">
				<ele>1653.6</ele>
				<extensions>
					<swisstopo:routepoint_id>1569746028</swisstopo:routepoint_id>
				</extensions>
			</trkpt>
			<trkpt lat="46.5510054915" lon="7.0094618048">
				<ele>1652.5</ele>
				<extensions>
					<swisstopo:routepoint_id>934243035</swisstopo:routepoint_id>
				</extensions>
			</trkpt>
			<trkpt lat="46.5509795656" lon="7.0094019779">
				<ele>1651.1</ele>
				<extensions>
					<swisstopo:routepoint_id>1476985644</swisstopo:routepoint_id>
				</extensions>
			</trkpt>
			<trkpt lat="46.5509507859" lon="7.0093442492">
				<ele>1649.8</ele>
				<extensions>
					<swisstopo:routepoint_id>542868300</swisstopo:routepoint_id>
				</extensions>
			</trkpt>
			<trkpt lat="46.5509048696" lon="7.0092866565">
				<ele>1648.7</ele>
				<extensions>
					<swisstopo:routepoint_id>218013326</swisstopo:routepoint_id>
				</extensions>
			</trkpt>
			<trkpt lat="46.5508717851" lon="7.0092248110">
				<ele>1647.3</ele>
				<extensions>
					<swisstopo:routepoint_id>786329052</swisstopo:routepoint_id>
				</extensions>
			</trkpt>
			<trkpt lat="46.5508401223" lon="7.0091253648">
				<ele>1645.3</ele>
				<extensions>
					<swisstopo:routepoint_id>1337448543</swisstopo:routepoint_id>
				</extensions>
			</trkpt>
			<trkpt lat="46.5507958315" lon="7.0090242872">
				<ele>1643.7</ele>
				<extensions>
					<swisstopo:routepoint_id>151618555</swisstopo:routepoint_id>
				</extensions>
			</trkpt>
			<trkpt lat="46.5507687230" lon="7.0089869321">
				<ele>1642.7</ele>
				<extensions>
					<swisstopo:routepoint_id>1172072298</swisstopo:routepoint_id>
				</extensions>
			</trkpt>
			<trkpt lat="46.5507266685" lon="7.0088894851">
				<ele>1639.7</ele>
				<extensions>
					<swisstopo:routepoint_id>679184129</swisstopo:routepoint_id>
				</extensions>
			</trkpt>
			<trkpt lat="46.5507185415" lon="7.0088694689">
				<ele>1639.5</ele>
				<extensions>
					<swisstopo:routepoint_id>609007333</swisstopo:routepoint_id>
				</extensions>
			</trkpt>
			<trkpt lat="46.5507227406" lon="7.0088572368">
				<ele>1639.2</ele>
				<extensions>
					<swisstopo:routepoint_id>1047776219</swisstopo:routepoint_id>
				</extensions>
			</trkpt>
			<trkpt lat="46.5508245815" lon="7.0088095244">
				<ele>1636.8</ele>
				<extensions>
					<swisstopo:routepoint_id>1038474884</swisstopo:routepoint_id>
				</extensions>
			</trkpt>
			<trkpt lat="46.5509010984" lon="7.0088021109">
				<ele>1634.5</ele>
				<extensions>
					<swisstopo:routepoint_id>57431941</swisstopo:routepoint_id>
				</extensions>
			</trkpt>
			<trkpt lat="46.5509704964" lon="7.0087868654">
				<ele>1633.1</ele>
				<extensions>
					<swisstopo:routepoint_id>1337149628</swisstopo:routepoint_id>
				</extensions>
			</trkpt>
			<trkpt lat="46.5510512036" lon="7.0087672134">
				<ele>1630.6</ele>
				<extensions>
					<swisstopo:routepoint_id>179473088</swisstopo:routepoint_id>
				</extensions>
			</trkpt>
			<trkpt lat="46.5511466844" lon="7.0087718798">
				<ele>1627.9</ele>
				<extensions>
					<swisstopo:routepoint_id>2118362043</swisstopo:routepoint_id>
				</extensions>
			</trkpt>
			<trkpt lat="46.5511717944" lon="7.0087848216">
				<ele>1627.4</ele>
				<extensions>
					<swisstopo:routepoint_id>1399881104</swisstopo:routepoint_id>
				</extensions>
			</trkpt>
			<trkpt lat="46.5512222570" lon="7.0087644609">
				<ele>1625.4</ele>
				<extensions>
					<swisstopo:routepoint_id>1127170413</swisstopo:routepoint_id>
				</extensions>
			</trkpt>
			<trkpt lat="46.5512680977" lon="7.0087641989">
				<ele>1623.7</ele>
				<extensions>
					<swisstopo:routepoint_id>2094141528</swisstopo:routepoint_id>
				</extensions>
			</trkpt>
			<trkpt lat="46.5513376923" lon="7.0087917049">
				<ele>1622.0</ele>
				<extensions>
					<swisstopo:routepoint_id>1066775012</swisstopo:routepoint_id>
				</extensions>
			</trkpt>
			<trkpt lat="46.5513911516" lon="7.0088053512">
				<ele>1621.0</ele>
				<extensions>
					<swisstopo:routepoint_id>633051750</swisstopo:routepoint_id>
				</extensions>
			</trkpt>
			<trkpt lat="46.5514612151" lon="7.0088302369">
				<ele>1619.0</ele>
				<extensions>
					<swisstopo:routepoint_id>608876815</swisstopo:routepoint_id>
				</extensions>
			</trkpt>
			<trkpt lat="46.5515336933" lon="7.0088681937">
				<ele>1616.3</ele>
				<extensions>
					<swisstopo:routepoint_id>1824509304</swisstopo:routepoint_id>
				</extensions>
			</trkpt>
			<trkpt lat="46.5515607876" lon="7.0089011882">
				<ele>1615.8</ele>
				<extensions>
					<swisstopo:routepoint_id>369245241</swisstopo:routepoint_id>
				</extensions>
			</trkpt>
			<trkpt lat="46.5515760684" lon="7.0089074528">
				<ele>1615.3</ele>
				<extensions>
					<swisstopo:routepoint_id>273584324</swisstopo:routepoint_id>
				</extensions>
			</trkpt>
			<trkpt lat="46.5516352926" lon="7.0089594266">
				<ele>1612.9</ele>
				<extensions>
					<swisstopo:routepoint_id>1243376983</swisstopo:routepoint_id>
				</extensions>
			</trkpt>
			<trkpt lat="46.5516908853" lon="7.0090233354">
				<ele>1610.8</ele>
				<extensions>
					<swisstopo:routepoint_id>264564439</swisstopo:routepoint_id>
				</extensions>
			</trkpt>
			<trkpt lat="46.5517229407" lon="7.0090836491">
				<ele>1609.5</ele>
				<extensions>
					<swisstopo:routepoint_id>1695949010</swisstopo:routepoint_id>
				</extensions>
			</trkpt>
			<trkpt lat="46.5517709278" lon="7.0091539408">
				<ele>1608.0</ele>
				<extensions>
					<swisstopo:routepoint_id>1050140808</swisstopo:routepoint_id>
				</extensions>
			</trkpt>
			<trkpt lat="46.5518162467" lon="7.0092202171">
				<ele>1606.8</ele>
				<extensions>
					<swisstopo:routepoint_id>410214354</swisstopo:routepoint_id>
				</extensions>
			</trkpt>
			<trkpt lat="46.5518735930" lon="7.0093106179">
				<ele>1605.4</ele>
				<extensions>
					<swisstopo:routepoint_id>1570995517</swisstopo:routepoint_id>
				</extensions>
			</trkpt>
			<trkpt lat="46.5519493506" lon="7.0093807407">
				<ele>1603.1</ele>
				<extensions>
					<swisstopo:routepoint_id>707573508</swisstopo:routepoint_id>
				</extensions>
			</trkpt>
			<trkpt lat="46.5520092386" lon="7.0094509704">
				<ele>1601.0</ele>
				<extensions>
					<swisstopo:routepoint_id>1381270054</swisstopo:routepoint_id>
				</extensions>
			</trkpt>
			<trkpt lat="46.5520663711" lon="7.0095010326">
				<ele>1598.9</ele>
				<extensions>
					<swisstopo:routepoint_id>1106981145</swisstopo:routepoint_id>
				</extensions>
			</trkpt>
			<trkpt lat="46.5520838396" lon="7.0095533639">
				<ele>1598.1</ele>
				<extensions>
					<swisstopo:routepoint_id>2119311641</swisstopo:routepoint_id>
				</extensions>
			</trkpt>
			<trkpt lat="46.5521184996" lon="7.0096055845">
				<ele>1596.7</ele>
				<extensions>
					<swisstopo:routepoint_id>1697848190</swisstopo:routepoint_id>
				</extensions>
			</trkpt>
			<trkpt lat="46.5521437689" lon="7.0096316605">
				<ele>1595.8</ele>
				<extensions>
					<swisstopo:routepoint_id>598079450</swisstopo:routepoint_id>
				</extensions>
			</trkpt>
			<trkpt lat="46.5521743972" lon="7.0096717969">
				<ele>1594.9</ele>
				<extensions>
					<swisstopo:routepoint_id>1512103264</swisstopo:routepoint_id>
				</extensions>
			</trkpt>
			<trkpt lat="46.5522093122" lon="7.0097724361">
				<ele>1593.3</ele>
				<extensions>
					<swisstopo:routepoint_id>411519572</swisstopo:routepoint_id>
				</extensions>
			</trkpt>
			<trkpt lat="46.5522264864" lon="7.0097682953">
				<ele>1592.4</ele>
				<extensions>
					<swisstopo:routepoint_id>50750433</swisstopo:routepoint_id>
				</extensions>
			</trkpt>
			<trkpt lat="46.5522494581" lon="7.0098199466">
				<ele>1591.2</ele>
				<extensions>
					<swisstopo:routepoint_id>1195959879</swisstopo:routepoint_id>
				</extensions>
			</trkpt>
			<trkpt lat="46.5522684630" lon="7.0098236926">
				<ele>1590.6</ele>
				<extensions>
					<swisstopo:routepoint_id>14126207</swisstopo:routepoint_id>
				</extensions>
			</trkpt>
			<trkpt lat="46.5522902622" lon="7.0098532790">
				<ele>1589.6</ele>
				<extensions>
					<swisstopo:routepoint_id>760634514</swisstopo:routepoint_id>
				</extensions>
			</trkpt>
			<trkpt lat="46.5523110959" lon="7.0098935760">
				<ele>1588.7</ele>
				<extensions>
					<swisstopo:routepoint_id>821626732</swisstopo:routepoint_id>
				</extensions>
			</trkpt>
			<trkpt lat="46.5523446894" lon="7.0099664471">
				<ele>1586.3</ele>
				<extensions>
					<swisstopo:routepoint_id>31864405</swisstopo:routepoint_id>
				</extensions>
			</trkpt>
			<trkpt lat="46.5523754240" lon="7.0100365904">
				<ele>1583.2</ele>
				<extensions>
					<swisstopo:routepoint_id>602069067</swisstopo:routepoint_id>
				</extensions>
			</trkpt>
			<trkpt lat="46.5524051877" lon="7.0101025966">
				<ele>1580.0</ele>
				<extensions>
					<swisstopo:routepoint_id>810628805</swisstopo:routepoint_id>
				</extensions>
			</trkpt>
			<trkpt lat="46.5524320430" lon="7.0101561975">
				<ele>1578.5</ele>
				<extensions>
					<swisstopo:routepoint_id>732571808</swisstopo:routepoint_id>
				</extensions>
			</trkpt>
			<trkpt lat="46.5524588982" lon="7.0102098113">
				<ele>1577.1</ele>
				<extensions>
					<swisstopo:routepoint_id>854718313</swisstopo:routepoint_id>
				</extensions>
			</trkpt>
			<trkpt lat="46.5524800886" lon="7.0102731222">
				<ele>1575.8</ele>
				<extensions>
					<swisstopo:routepoint_id>6183967</swisstopo:routepoint_id>
				</extensions>
			</trkpt>
			<trkpt lat="46.5525079407" lon="7.0103377622">
				<ele>1575.1</ele>
				<extensions>
					<swisstopo:routepoint_id>1288081682</swisstopo:routepoint_id>
				</extensions>
			</trkpt>
			<trkpt lat="46.5525490818" lon="7.0103912631">
				<ele>1574.0</ele>
				<extensions>
					<swisstopo:routepoint_id>1946445319</swisstopo:routepoint_id>
				</extensions>
			</trkpt>
			<trkpt lat="46.5525778173" lon="7.0104379540">
				<ele>1572.9</ele>
				<extensions>
					<swisstopo:routepoint_id>940143014</swisstopo:routepoint_id>
				</extensions>
			</trkpt>
			<trkpt lat="46.5526055446" lon="7.0104694678">
				<ele>1571.9</ele>
				<extensions>
					<swisstopo:routepoint_id>2060014964</swisstopo:routepoint_id>
				</extensions>
			</trkpt>
			<trkpt lat="46.5526447379" lon="7.0105119439">
				<ele>1570.7</ele>
				<extensions>
					<swisstopo:routepoint_id>953565954</swisstopo:routepoint_id>
				</extensions>
			</trkpt>
			<trkpt lat="46.5526772517" lon="7.0105489528">
				<ele>1570.2</ele>
				<extensions>
					<swisstopo:routepoint_id>673804655</swisstopo:routepoint_id>
				</extensions>
			</trkpt>
			<trkpt lat="46.5527135106" lon="7.0105721221">
				<ele>1569.3</ele>
				<extensions>
					<swisstopo:routepoint_id>849859436</swisstopo:routepoint_id>
				</extensions>
			</trkpt>
			<trkpt lat="46.5527488383" lon="7.0105841820">
				<ele>1568.2</ele>
				<extensions>
					<swisstopo:routepoint_id>1728182673</swisstopo:routepoint_id>
				</extensions>
			</trkpt>
			<trkpt lat="46.5527704150" lon="7.0105931927">
				<ele>1567.4</ele>
				<extensions>
					<swisstopo:routepoint_id>1376603172</swisstopo:routepoint_id>
				</extensions>
			</trkpt>
			<trkpt lat="46.5527894987" lon="7.0106132506">
				<ele>1566.7</ele>
				<extensions>
					<swisstopo:routepoint_id>367685313</swisstopo:routepoint_id>
				</extensions>
			</trkpt>
			<trkpt lat="46.5528204098" lon="7.0106276504">
				<ele>1565.8</ele>
				<extensions>
					<swisstopo:routepoint_id>549829822</swisstopo:routepoint_id>
				</extensions>
			</trkpt>
			<trkpt lat="46.5528556985" lon="7.0106439320">
				<ele>1564.3</ele>
				<extensions>
					<swisstopo:routepoint_id>1150757872</swisstopo:routepoint_id>
				</extensions>
			</trkpt>
			<trkpt lat="46.5528880528" lon="7.0106409129">
				<ele>1563.3</ele>
				<extensions>
					<swisstopo:routepoint_id>1050363916</swisstopo:routepoint_id>
				</extensions>
			</trkpt>
			<trkpt lat="46.5529042779" lon="7.0106518251">
				<ele>1562.9</ele>
				<extensions>
					<swisstopo:routepoint_id>1369407545</swisstopo:routepoint_id>
				</extensions>
			</trkpt>
			<trkpt lat="46.5529234297" lon="7.0106806500">
				<ele>1562.6</ele>
				<extensions>
					<swisstopo:routepoint_id>1608873446</swisstopo:routepoint_id>
				</extensions>
			</trkpt>
			<trkpt lat="46.5529502225" lon="7.0107177043">
				<ele>1561.4</ele>
				<extensions>
					<swisstopo:routepoint_id>1517274332</swisstopo:routepoint_id>
				</extensions>
			</trkpt>
			<trkpt lat="46.5529760107" lon="7.0107381933">
				<ele>1560.2</ele>
				<extensions>
					<swisstopo:routepoint_id>1726305786</swisstopo:routepoint_id>
				</extensions>
			</trkpt>
			<trkpt lat="46.5529989270" lon="7.0107559545">
				<ele>1559.3</ele>
				<extensions>
					<swisstopo:routepoint_id>1993491919</swisstopo:routepoint_id>
				</extensions>
			</trkpt>
			<trkpt lat="46.5530122178" lon="7.0107475723">
				<ele>1558.7</ele>
				<extensions>
					<swisstopo:routepoint_id>1994785548</swisstopo:routepoint_id>
				</extensions>
			</trkpt>
			<trkpt lat="46.5530178313" lon="7.0107213022">
				<ele>1557.9</ele>
				<extensions>
					<swisstopo:routepoint_id>1339053723</swisstopo:routepoint_id>
				</extensions>
			</trkpt>
			<trkpt lat="46.5530293232" lon="7.0107391536">
				<ele>1557.5</ele>
				<extensions>
					<swisstopo:routepoint_id>1415039743</swisstopo:routepoint_id>
				</extensions>
			</trkpt>
			<trkpt lat="46.5530407995" lon="7.0107528603">
				<ele>1556.9</ele>
				<extensions>
					<swisstopo:routepoint_id>1635325207</swisstopo:routepoint_id>
				</extensions>
			</trkpt>
			<trkpt lat="46.5530628315" lon="7.0107871891">
				<ele>1555.8</ele>
				<extensions>
					<swisstopo:routepoint_id>303558576</swisstopo:routepoint_id>
				</extensions>
			</trkpt>
			<trkpt lat="46.5530828936" lon="7.0108063545">
				<ele>1554.8</ele>
				<extensions>
					<swisstopo:routepoint_id>589563462</swisstopo:routepoint_id>
				</extensions>
			</trkpt>
			<trkpt lat="46.5531106446" lon="7.0108447768">
				<ele>1553.3</ele>
				<extensions>
					<swisstopo:routepoint_id>1595921956</swisstopo:routepoint_id>
				</extensions>
			</trkpt>
			<trkpt lat="46.5531326804" lon="7.0108818689">
				<ele>1552.1</ele>
				<extensions>
					<swisstopo:routepoint_id>321316702</swisstopo:routepoint_id>
				</extensions>
			</trkpt>
			<trkpt lat="46.5531593832" lon="7.0108926857">
				<ele>1551.0</ele>
				<extensions>
					<swisstopo:routepoint_id>39373254</swisstopo:routepoint_id>
				</extensions>
			</trkpt>
			<trkpt lat="46.5531904228" lon="7.0109009723">
				<ele>1549.6</ele>
				<extensions>
					<swisstopo:routepoint_id>2013707482</swisstopo:routepoint_id>
				</extensions>
			</trkpt>
			<trkpt lat="46.5532229731" lon="7.0109161807">
				<ele>1548.2</ele>
				<extensions>
					<swisstopo:routepoint_id>660707096</swisstopo:routepoint_id>
				</extensions>
			</trkpt>
			<trkpt lat="46.5533085545" lon="7.0109509691">
				<ele>1544.6</ele>
				<extensions>
					<swisstopo:routepoint_id>1093905409</swisstopo:routepoint_id>
				</extensions>
			</trkpt>
			<trkpt lat="46.5533914119" lon="7.0109838181">
				<ele>1542.2</ele>
				<extensions>
					<swisstopo:routepoint_id>197474632</swisstopo:routepoint_id>
				</extensions>
			</trkpt>
			<trkpt lat="46.5535111437" lon="7.0110937742">
				<ele>1538.3</ele>
				<extensions>
					<swisstopo:routepoint_id>849958868</swisstopo:routepoint_id>
				</extensions>
			</trkpt>
			<trkpt lat="46.5535939364" lon="7.0111047403">
				<ele>1535.9</ele>
				<extensions>
					<swisstopo:routepoint_id>1178502507</swisstopo:routepoint_id>
				</extensions>
			</trkpt>
			<trkpt lat="46.5537148332" lon="7.0111530352">
				<ele>1533.3</ele>
				<extensions>
					<swisstopo:routepoint_id>1536670247</swisstopo:routepoint_id>
				</extensions>
			</trkpt>
			<trkpt lat="46.5537706690" lon="7.0112199966">
				<ele>1532.2</ele>
				<extensions>
					<swisstopo:routepoint_id>768391494</swisstopo:routepoint_id>
				</extensions>
			</trkpt>
			<trkpt lat="46.5538427643" lon="7.0112807938">
				<ele>1531.3</ele>
				<extensions>
					<swisstopo:routepoint_id>172283950</swisstopo:routepoint_id>
				</extensions>
			</trkpt>
			<trkpt lat="46.5538924810" lon="7.0113616905">
				<ele>1529.6</ele>
				<extensions>
					<swisstopo:routepoint_id>232685191</swisstopo:routepoint_id>
				</extensions>
			</trkpt>
			<trkpt lat="46.5539380539" lon="7.0113830937">
				<ele>1527.7</ele>
				<extensions>
					<swisstopo:routepoint_id>1960054253</swisstopo:routepoint_id>
				</extensions>
			</trkpt>
			<trkpt lat="46.5539776957" lon="7.0114760977">
				<ele>1525.0</ele>
				<extensions>
					<swisstopo:routepoint_id>2118595759</swisstopo:routepoint_id>
				</extensions>
			</trkpt>
			<trkpt lat="46.5540105558" lon="7.0115691743">
				<ele>1522.8</ele>
				<extensions>
					<swisstopo:routepoint_id>1395409057</swisstopo:routepoint_id>
				</extensions>
			</trkpt>
			<trkpt lat="46.5540337947" lon="7.0116226024">
				<ele>1521.8</ele>
				<extensions>
					<swisstopo:routepoint_id>1409676623</swisstopo:routepoint_id>
				</extensions>
			</trkpt>
			<trkpt lat="46.5540664572" lon="7.0116560270">
				<ele>1520.9</ele>
				<extensions>
					<swisstopo:routepoint_id>2001139470</swisstopo:routepoint_id>
				</extensions>
			</trkpt>
			<trkpt lat="46.5541331788" lon="7.0117327981">
				<ele>1519.4</ele>
				<extensions>
					<swisstopo:routepoint_id>1808492723</swisstopo:routepoint_id>
				</extensions>
			</trkpt>
			<trkpt lat="46.5542013159" lon="7.0118274563">
				<ele>1518.1</ele>
				<extensions>
					<swisstopo:routepoint_id>788723601</swisstopo:routepoint_id>
				</extensions>
			</trkpt>
			<trkpt lat="46.5542625483" lon="7.0118844118">
				<ele>1516.3</ele>
				<extensions>
					<swisstopo:routepoint_id>280764580</swisstopo:routepoint_id>
				</extensions>
			</trkpt>
			<trkpt lat="46.5543510247" lon="7.0119788274">
				<ele>1514.1</ele>
				<extensions>
					<swisstopo:routepoint_id>644249022</swisstopo:routepoint_id>
				</extensions>
			</trkpt>
			<trkpt lat="46.5544204268" lon="7.0120436524">
				<ele>1512.2</ele>
				<extensions>
					<swisstopo:routepoint_id>1591580922</swisstopo:routepoint_id>
				</extensions>
			</trkpt>
			<trkpt lat="46.5544652828" lon="7.0120709708">
				<ele>1510.8</ele>
				<extensions>
					<swisstopo:routepoint_id>842503199</swisstopo:routepoint_id>
				</extensions>
			</trkpt>
			<trkpt lat="46.5545225048" lon="7.0121478560">
				<ele>1509.5</ele>
				<extensions>
					<swisstopo:routepoint_id>897273319</swisstopo:routepoint_id>
				</extensions>
			</trkpt>
			<trkpt lat="46.5545606213" lon="7.0121891654">
				<ele>1508.2</ele>
				<extensions>
					<swisstopo:routepoint_id>1188982722</swisstopo:routepoint_id>
				</extensions>
			</trkpt>
			<trkpt lat="46.5546328253" lon="7.0122837802">
				<ele>1505.6</ele>
				<extensions>
					<swisstopo:routepoint_id>1758868411</swisstopo:routepoint_id>
				</extensions>
			</trkpt>
			<trkpt lat="46.5546642621" lon="7.0123550047">
				<ele>1504.6</ele>
				<extensions>
					<swisstopo:routepoint_id>1925007438</swisstopo:routepoint_id>
				</extensions>
			</trkpt>
			<trkpt lat="46.5547028015" lon="7.0124107201">
				<ele>1503.5</ele>
				<extensions>
					<swisstopo:routepoint_id>1661421276</swisstopo:routepoint_id>
				</extensions>
			</trkpt>
			<trkpt lat="46.5547314002" lon="7.0124853608">
				<ele>1502.6</ele>
				<extensions>
					<swisstopo:routepoint_id>487042399</swisstopo:routepoint_id>
				</extensions>
			</trkpt>
			<trkpt lat="46.5547416471" lon="7.0125528937">
				<ele>1502.1</ele>
				<extensions>
					<swisstopo:routepoint_id>1713211625</swisstopo:routepoint_id>
				</extensions>
			</trkpt>
			<trkpt lat="46.5547403171" lon="7.0126422810">
				<ele>1501.6</ele>
				<extensions>
					<swisstopo:routepoint_id>930418376</swisstopo:routepoint_id>
				</extensions>
			</trkpt>
			<trkpt lat="46.5547189818" lon="7.0127293870">
				<ele>1500.4</ele>
				<extensions>
					<swisstopo:routepoint_id>206792346</swisstopo:routepoint_id>
				</extensions>
			</trkpt>
			<trkpt lat="46.5546975559" lon="7.0127899295">
				<ele>1498.4</ele>
				<extensions>
					<swisstopo:routepoint_id>640666972</swisstopo:routepoint_id>
				</extensions>
			</trkpt>
			<trkpt lat="46.5546477938" lon="7.0128482817">
				<ele>1496.9</ele>
				<extensions>
					<swisstopo:routepoint_id>1106298214</swisstopo:routepoint_id>
				</extensions>
			</trkpt>
			<trkpt lat="46.5546029977" lon="7.0129017621">
				<ele>1495.1</ele>
				<extensions>
					<swisstopo:routepoint_id>534924308</swisstopo:routepoint_id>
				</extensions>
			</trkpt>
			<trkpt lat="46.5545400583" lon="7.0129988666">
				<ele>1494.0</ele>
				<extensions>
					<swisstopo:routepoint_id>1954066897</swisstopo:routepoint_id>
				</extensions>
			</trkpt>
			<trkpt lat="46.5545102391" lon="7.0130449767">
				<ele>1494.0</ele>
				<extensions>
					<swisstopo:routepoint_id>68219364</swisstopo:routepoint_id>
				</extensions>
			</trkpt>
			<trkpt lat="46.5544804551" lon="7.0131007647">
				<ele>1493.6</ele>
				<extensions>
					<swisstopo:routepoint_id>1675749167</swisstopo:routepoint_id>
				</extensions>
			</trkpt>
			<trkpt lat="46.5544701528" lon="7.0131601243">
				<ele>1493.9</ele>
				<extensions>
					<swisstopo:routepoint_id>1247676925</swisstopo:routepoint_id>
				</extensions>
			</trkpt>
			<trkpt lat="46.5544766504" lon="7.0131994925">
				<ele>1492.9</ele>
				<extensions>
					<swisstopo:routepoint_id>99609534</swisstopo:routepoint_id>
				</extensions>
			</trkpt>
			<trkpt lat="46.5544678244" lon="7.0132639661">
				<ele>1492.0</ele>
				<extensions>
					<swisstopo:routepoint_id>1489713301</swisstopo:routepoint_id>
				</extensions>
			</trkpt>
			<trkpt lat="46.5544670478" lon="7.0132994565">
				<ele>1491.5</ele>
				<extensions>
					<swisstopo:routepoint_id>268540064</swisstopo:routepoint_id>
				</extensions>
			</trkpt>
			<trkpt lat="46.5544690518" lon="7.0133493660">
				<ele>1491.1</ele>
				<extensions>
					<swisstopo:routepoint_id>1497900835</swisstopo:routepoint_id>
				</extensions>
			</trkpt>
			<trkpt lat="46.5544539431" lon="7.0134322900">
				<ele>1490.9</ele>
				<extensions>
					<swisstopo:routepoint_id>567529766</swisstopo:routepoint_id>
				</extensions>
			</trkpt>
			<trkpt lat="46.5544505443" lon="7.0134927733">
				<ele>1490.3</ele>
				<extensions>
					<swisstopo:routepoint_id>2016166597</swisstopo:routepoint_id>
				</extensions>
			</trkpt>
			<trkpt lat="46.5544446437" lon="7.0136110902">
				<ele>1489.3</ele>
				<extensions>
					<swisstopo:routepoint_id>1874296799</swisstopo:routepoint_id>
				</extensions>
			</trkpt>
			<trkpt lat="46.5544367500" lon="7.0136821145">
				<ele>1488.3</ele>
				<extensions>
					<swisstopo:routepoint_id>453067402</swisstopo:routepoint_id>
				</extensions>
			</trkpt>
			<trkpt lat="46.5544423649" lon="7.0137306967">
				<ele>1487.7</ele>
				<extensions>
					<swisstopo:routepoint_id>37081176</swisstopo:routepoint_id>
				</extensions>
			</trkpt>
			<trkpt lat="46.5544745531" lon="7.0138513508">
				<ele>1486.6</ele>
				<extensions>
					<swisstopo:routepoint_id>516205808</swisstopo:routepoint_id>
				</extensions>
			</trkpt>
			<trkpt lat="46.5545068440" lon="7.0140022357">
				<ele>1485.1</ele>
				<extensions>
					<swisstopo:routepoint_id>755936780</swisstopo:routepoint_id>
				</extensions>
			</trkpt>
			<trkpt lat="46.5545244373" lon="7.0141006493">
				<ele>1484.1</ele>
				<extensions>
					<swisstopo:routepoint_id>1140803828</swisstopo:routepoint_id>
				</extensions>
			</trkpt>
			<trkpt lat="46.5545294126" lon="7.0142189001">
				<ele>1483.5</ele>
				<extensions>
					<swisstopo:routepoint_id>1795664217</swisstopo:routepoint_id>
				</extensions>
			</trkpt>
			<trkpt lat="46.5545443354" lon="7.0143318010">
				<ele>1482.8</ele>
				<extensions>
					<swisstopo:routepoint_id>1946731066</swisstopo:routepoint_id>
				</extensions>
			</trkpt>
			<trkpt lat="46.5545490937" lon="7.0143922140">
				<ele>1482.2</ele>
				<extensions>
					<swisstopo:routepoint_id>1700393385</swisstopo:routepoint_id>
				</extensions>
			</trkpt>
			<trkpt lat="46.5545675480" lon="7.0144774982">
				<ele>1480.7</ele>
				<extensions>
					<swisstopo:routepoint_id>735563531</swisstopo:routepoint_id>
				</extensions>
			</trkpt>
			<trkpt lat="46.5545586417" lon="7.0145209223">
				<ele>1480.7</ele>
				<extensions>
					<swisstopo:routepoint_id>1871665141</swisstopo:routepoint_id>
				</extensions>
			</trkpt>
			<trkpt lat="46.5545562043" lon="7.0145958580">
				<ele>1480.3</ele>
				<extensions>
					<swisstopo:routepoint_id>1269793340</swisstopo:routepoint_id>
				</extensions>
			</trkpt>
			<trkpt lat="46.5545485011" lon="7.0147181432">
				<ele>1480.0</ele>
				<extensions>
					<swisstopo:routepoint_id>454820259</swisstopo:routepoint_id>
				</extensions>
			</trkpt>
			<trkpt lat="46.5545472338" lon="7.0149212542">
				<ele>1478.7</ele>
				<extensions>
					<swisstopo:routepoint_id>2104834470</swisstopo:routepoint_id>
				</extensions>
			</trkpt>
			<trkpt lat="46.5545453014" lon="7.0150643404">
				<ele>1477.6</ele>
				<extensions>
					<swisstopo:routepoint_id>631963555</swisstopo:routepoint_id>
				</extensions>
			</trkpt>
			<trkpt lat="46.5545420713" lon="7.0152043168">
				<ele>1476.1</ele>
				<extensions>
					<swisstopo:routepoint_id>1538554326</swisstopo:routepoint_id>
				</extensions>
			</trkpt>
			<trkpt lat="46.5545415552" lon="7.0153170650">
				<ele>1474.5</ele>
				<extensions>
					<swisstopo:routepoint_id>926574789</swisstopo:routepoint_id>
				</extensions>
			</trkpt>
			<trkpt lat="46.5545419646" lon="7.0154271061">
				<ele>1473.5</ele>
				<extensions>
					<swisstopo:routepoint_id>403435024</swisstopo:routepoint_id>
				</extensions>
			</trkpt>
			<trkpt lat="46.5545421263" lon="7.0154705674">
				<ele>1473.2</ele>
				<extensions>
					<swisstopo:routepoint_id>596724702</swisstopo:routepoint_id>
				</extensions>
			</trkpt>
			<trkpt lat="46.5545488709" lon="7.0155207838">
				<ele>1473.1</ele>
				<extensions>
					<swisstopo:routepoint_id>994621850</swisstopo:routepoint_id>
				</extensions>
			</trkpt>
			<trkpt lat="46.5545631126" lon="7.0155695726">
				<ele>1472.9</ele>
				<extensions>
					<swisstopo:routepoint_id>502079959</swisstopo:routepoint_id>
				</extensions>
			</trkpt>
			<trkpt lat="46.5545867843" lon="7.0156359568">
				<ele>1472.5</ele>
				<extensions>
					<swisstopo:routepoint_id>1432494868</swisstopo:routepoint_id>
				</extensions>
			</trkpt>
			<trkpt lat="46.5546133106" lon="7.0157104688">
				<ele>1472.2</ele>
				<extensions>
					<swisstopo:routepoint_id>305974198</swisstopo:routepoint_id>
				</extensions>
			</trkpt>
			<trkpt lat="46.5546455120" lon="7.0158039618">
				<ele>1471.5</ele>
				<extensions>
					<swisstopo:routepoint_id>318684488</swisstopo:routepoint_id>
				</extensions>
			</trkpt>
			<trkpt lat="46.5546824681" lon="7.0159109926">
				<ele>1470.9</ele>
				<extensions>
					<swisstopo:routepoint_id>2019218347</swisstopo:routepoint_id>
				</extensions>
			</trkpt>
			<trkpt lat="46.5547269842" lon="7.0160383461">
				<ele>1470.0</ele>
				<extensions>
					<swisstopo:routepoint_id>184496824</swisstopo:routepoint_id>
				</extensions>
			</trkpt>
			<trkpt lat="46.5547601460" lon="7.0161359007">
				<ele>1469.5</ele>
				<extensions>
					<swisstopo:routepoint_id>798593282</swisstopo:routepoint_id>
				</extensions>
			</trkpt>
			<trkpt lat="46.5547933419" lon="7.0162429613">
				<ele>1469.2</ele>
				<extensions>
					<swisstopo:routepoint_id>1673876026</swisstopo:routepoint_id>
				</extensions>
			</trkpt>
			<trkpt lat="46.5548133617" lon="7.0163338248">
				<ele>1468.5</ele>
				<extensions>
					<swisstopo:routepoint_id>802770640</swisstopo:routepoint_id>
				</extensions>
			</trkpt>
			<trkpt lat="46.5548239831" lon="7.0164179677">
				<ele>1467.5</ele>
				<extensions>
					<swisstopo:routepoint_id>1732524159</swisstopo:routepoint_id>
				</extensions>
			</trkpt>
			<trkpt lat="46.5548309578" lon="7.0165279456">
				<ele>1466.0</ele>
				<extensions>
					<swisstopo:routepoint_id>1470261163</swisstopo:routepoint_id>
				</extensions>
			</trkpt>
			<trkpt lat="46.5548349773" lon="7.0166026338">
				<ele>1464.8</ele>
				<extensions>
					<swisstopo:routepoint_id>764809894</swisstopo:routepoint_id>
				</extensions>
			</trkpt>
			<trkpt lat="46.5548306031" lon="7.0166869064">
				<ele>1463.6</ele>
				<extensions>
					<swisstopo:routepoint_id>1781459024</swisstopo:routepoint_id>
				</extensions>
			</trkpt>
			<trkpt lat="46.5548261432" lon="7.0167480730">
				<ele>1463.0</ele>
				<extensions>
					<swisstopo:routepoint_id>376397977</swisstopo:routepoint_id>
				</extensions>
			</trkpt>
			<trkpt lat="46.5548150650" lon="7.0167929783">
				<ele>1462.9</ele>
				<extensions>
					<swisstopo:routepoint_id>1008408243</swisstopo:routepoint_id>
				</extensions>
			</trkpt>
			<trkpt lat="46.5547909383" lon="7.0168583922">
				<ele>1463.5</ele>
				<extensions>
					<swisstopo:routepoint_id>598038429</swisstopo:routepoint_id>
				</extensions>
			</trkpt>
			<trkpt lat="46.5547640288" lon="7.0169305962">
				<ele>1464.3</ele>
				<extensions>
					<swisstopo:routepoint_id>881670447</swisstopo:routepoint_id>
				</extensions>
			</trkpt>
			<trkpt lat="46.5547380809" lon="7.0170068739">
				<ele>1464.8</ele>
				<extensions>
					<swisstopo:routepoint_id>604675093</swisstopo:routepoint_id>
				</extensions>
			</trkpt>
			<trkpt lat="46.5547196304" lon="7.0170871746">
				<ele>1465.5</ele>
				<extensions>
					<swisstopo:routepoint_id>437275761</swisstopo:routepoint_id>
				</extensions>
			</trkpt>
			<trkpt lat="46.5546901631" lon="7.0172286799">
				<ele>1467.0</ele>
				<extensions>
					<swisstopo:routepoint_id>1152156680</swisstopo:routepoint_id>
				</extensions>
			</trkpt>
			<trkpt lat="46.5546607509" lon="7.0173851476">
				<ele>1469.1</ele>
				<extensions>
					<swisstopo:routepoint_id>193772676</swisstopo:routepoint_id>
				</extensions>
			</trkpt>
			<trkpt lat="46.5546257804" lon="7.0175565832">
				<ele>1472.0</ele>
				<extensions>
					<swisstopo:routepoint_id>1513484713</swisstopo:routepoint_id>
				</extensions>
			</trkpt>
			<trkpt lat="46.5546083868" lon="7.0176694881">
				<ele>1473.6</ele>
				<extensions>
					<swisstopo:routepoint_id>2053788192</swisstopo:routepoint_id>
				</extensions>
			</trkpt>
			<trkpt lat="46.5545957249" lon="7.0177945622">
				<ele>1475.0</ele>
				<extensions>
					<swisstopo:routepoint_id>295150445</swisstopo:routepoint_id>
				</extensions>
			</trkpt>
			<trkpt lat="46.5545804006" lon="7.0179563383">
				<ele>1476.3</ele>
				<extensions>
					<swisstopo:routepoint_id>1397728254</swisstopo:routepoint_id>
				</extensions>
			</trkpt>
			<trkpt lat="46.5545678740" lon="7.0181181054">
				<ele>1477.4</ele>
				<extensions>
					<swisstopo:routepoint_id>1882948578</swisstopo:routepoint_id>
				</extensions>
			</trkpt>
			<trkpt lat="46.5545608790" lon="7.0182553666">
				<ele>1478.4</ele>
				<extensions>
					<swisstopo:routepoint_id>569852593</swisstopo:routepoint_id>
				</extensions>
			</trkpt>
			<trkpt lat="46.5545622763" lon="7.0183803440">
				<ele>1479.4</ele>
				<extensions>
					<swisstopo:routepoint_id>1345868692</swisstopo:routepoint_id>
				</extensions>
			</trkpt>
			<trkpt lat="46.5545635668" lon="7.0184740657">
				<ele>1480.4</ele>
				<extensions>
					<swisstopo:routepoint_id>1076952344</swisstopo:routepoint_id>
				</extensions>
			</trkpt>
			<trkpt lat="46.5545703653" lon="7.0185392258">
				<ele>1481.2</ele>
				<extensions>
					<swisstopo:routepoint_id>825734294</swisstopo:routepoint_id>
				</extensions>
			</trkpt>
			<trkpt lat="46.5545754759" lon="7.0185784655">
				<ele>1481.7</ele>
				<extensions>
					<swisstopo:routepoint_id>1538438082</swisstopo:routepoint_id>
				</extensions>
			</trkpt>
			<trkpt lat="46.5545914292" lon="7.0186599693">
				<ele>1482.1</ele>
				<extensions>
					<swisstopo:routepoint_id>880320895</swisstopo:routepoint_id>
				</extensions>
			</trkpt>
			<trkpt lat="46.5546104514" lon="7.0187345282">
				<ele>1482.2</ele>
				<extensions>
					<swisstopo:routepoint_id>47583997</swisstopo:routepoint_id>
				</extensions>
			</trkpt>
			<trkpt lat="46.5546436548" lon="7.0188443153">
				<ele>1482.0</ele>
				<extensions>
					<swisstopo:routepoint_id>1271984726</swisstopo:routepoint_id>
				</extensions>
			</trkpt>
			<trkpt lat="46.5546703005" lon="7.0189541533">
				<ele>1481.9</ele>
				<extensions>
					<swisstopo:routepoint_id>502990874</swisstopo:routepoint_id>
				</extensions>
			</trkpt>
			<trkpt lat="46.5546884871" lon="7.0190558942">
				<ele>1481.8</ele>
				<extensions>
					<swisstopo:routepoint_id>156424286</swisstopo:routepoint_id>
				</extensions>
			</trkpt>
			<trkpt lat="46.5547039095" lon="7.0191739694">
				<ele>1481.6</ele>
				<extensions>
					<swisstopo:routepoint_id>1083525778</swisstopo:routepoint_id>
				</extensions>
			</trkpt>
			<trkpt lat="46.5547127790" lon="7.0192934516">
				<ele>1481.8</ele>
				<extensions>
					<swisstopo:routepoint_id>1866830464</swisstopo:routepoint_id>
				</extensions>
			</trkpt>
			<trkpt lat="46.5547182951" lon="7.0195012160">
				<ele>1482.9</ele>
				<extensions>
					<swisstopo:routepoint_id>1094616038</swisstopo:routepoint_id>
				</extensions>
			</trkpt>
			<trkpt lat="46.5547210339" lon="7.0196440625">
				<ele>1483.6</ele>
				<extensions>
					<swisstopo:routepoint_id>1906313033</swisstopo:routepoint_id>
				</extensions>
			</trkpt>
			<trkpt lat="46.5547092310" lon="7.0197954709">
				<ele>1484.2</ele>
				<extensions>
					<swisstopo:routepoint_id>1083885441</swisstopo:routepoint_id>
				</extensions>
			</trkpt>
			<trkpt lat="46.5546987784" lon="7.0199178661">
				<ele>1483.9</ele>
				<extensions>
					<swisstopo:routepoint_id>455064744</swisstopo:routepoint_id>
				</extensions>
			</trkpt>
			<trkpt lat="46.5546920511" lon="7.0200795245">
				<ele>1483.6</ele>
				<extensions>
					<swisstopo:routepoint_id>139427603</swisstopo:routepoint_id>
				</extensions>
			</trkpt>
			<trkpt lat="46.5546875479" lon="7.0201831668">
				<ele>1483.6</ele>
				<extensions>
					<swisstopo:routepoint_id>361350817</swisstopo:routepoint_id>
				</extensions>
			</trkpt>
			<trkpt lat="46.5546805738" lon="7.0202951436">
				<ele>1483.6</ele>
				<extensions>
					<swisstopo:routepoint_id>1704515571</swisstopo:routepoint_id>
				</extensions>
			</trkpt>
			<trkpt lat="46.5546745876" lon="7.0203723988">
				<ele>1483.9</ele>
				<extensions>
					<swisstopo:routepoint_id>184861419</swisstopo:routepoint_id>
				</extensions>
			</trkpt>
			<trkpt lat="46.5546777588" lon="7.0204715437">
				<ele>1484.0</ele>
				<extensions>
					<swisstopo:routepoint_id>1382644458</swisstopo:routepoint_id>
				</extensions>
			</trkpt>
			<trkpt lat="46.5546878947" lon="7.0205466177">
				<ele>1483.6</ele>
				<extensions>
					<swisstopo:routepoint_id>596782964</swisstopo:routepoint_id>
				</extensions>
			</trkpt>
			<trkpt lat="46.5546887524" lon="7.0206159819">
				<ele>1483.9</ele>
				<extensions>
					<swisstopo:routepoint_id>524033273</swisstopo:routepoint_id>
				</extensions>
			</trkpt>
			<trkpt lat="46.5546946113" lon="7.0206779916">
				<ele>1483.9</ele>
				<extensions>
					<swisstopo:routepoint_id>32996657</swisstopo:routepoint_id>
				</extensions>
			</trkpt>
			<trkpt lat="46.5547125101" lon="7.0207484277">
				<ele>1484.1</ele>
				<extensions>
					<swisstopo:routepoint_id>517738843</swisstopo:routepoint_id>
				</extensions>
			</trkpt>
			<trkpt lat="46.5547249369" lon="7.0207886554">
				<ele>1484.3</ele>
				<extensions>
					<swisstopo:routepoint_id>1811343245</swisstopo:routepoint_id>
				</extensions>
			</trkpt>
			<trkpt lat="46.5547519458" lon="7.0208851779">
				<ele>1484.9</ele>
				<extensions>
					<swisstopo:routepoint_id>1049508808</swisstopo:routepoint_id>
				</extensions>
			</trkpt>
			<trkpt lat="46.5547936117" lon="7.0210267565">
				<ele>1486.6</ele>
				<extensions>
					<swisstopo:routepoint_id>1629042573</swisstopo:routepoint_id>
				</extensions>
			</trkpt>
			<trkpt lat="46.5548088377" lon="7.0211065351">
				<ele>1486.8</ele>
				<extensions>
					<swisstopo:routepoint_id>548754913</swisstopo:routepoint_id>
				</extensions>
			</trkpt>
			<trkpt lat="46.5548220500" lon="7.0211818849">
				<ele>1487.3</ele>
				<extensions>
					<swisstopo:routepoint_id>2041975660</swisstopo:routepoint_id>
				</extensions>
			</trkpt>
			<trkpt lat="46.5548280158" lon="7.0212656317">
				<ele>1488.0</ele>
				<extensions>
					<swisstopo:routepoint_id>706196026</swisstopo:routepoint_id>
				</extensions>
			</trkpt>
			<trkpt lat="46.5548301385" lon="7.0213857142">
				<ele>1489.0</ele>
				<extensions>
					<swisstopo:routepoint_id>536178234</swisstopo:routepoint_id>
				</extensions>
			</trkpt>
			<trkpt lat="46.5548202958" lon="7.0216282225">
				<ele>1490.1</ele>
				<extensions>
					<swisstopo:routepoint_id>560317247</swisstopo:routepoint_id>
				</extensions>
			</trkpt>
			<trkpt lat="46.5548269873" lon="7.0217554520">
				<ele>1490.7</ele>
				<extensions>
					<swisstopo:routepoint_id>1716410314</swisstopo:routepoint_id>
				</extensions>
			</trkpt>
			<trkpt lat="46.5548400962" lon="7.0218566728">
				<ele>1491.4</ele>
				<extensions>
					<swisstopo:routepoint_id>561409655</swisstopo:routepoint_id>
				</extensions>
			</trkpt>
			<trkpt lat="46.5548565905" lon="7.0219563969">
				<ele>1492.0</ele>
				<extensions>
					<swisstopo:routepoint_id>2127584436</swisstopo:routepoint_id>
				</extensions>
			</trkpt>
			<trkpt lat="46.5548708890" lon="7.0220214874">
				<ele>1492.6</ele>
				<extensions>
					<swisstopo:routepoint_id>1231987709</swisstopo:routepoint_id>
				</extensions>
			</trkpt>
			<trkpt lat="46.5548701486" lon="7.0220771873">
				<ele>1493.2</ele>
				<extensions>
					<swisstopo:routepoint_id>479350458</swisstopo:routepoint_id>
				</extensions>
			</trkpt>
			<trkpt lat="46.5548535010" lon="7.0221370911">
				<ele>1493.9</ele>
				<extensions>
					<swisstopo:routepoint_id>449151209</swisstopo:routepoint_id>
				</extensions>
			</trkpt>
			<trkpt lat="46.5548200663" lon="7.0222188616">
				<ele>1494.9</ele>
				<extensions>
					<swisstopo:routepoint_id>1774157172</swisstopo:routepoint_id>
				</extensions>
			</trkpt>
			<trkpt lat="46.5548024444" lon="7.0222706227">
				<ele>1495.6</ele>
				<extensions>
					<swisstopo:routepoint_id>414601720</swisstopo:routepoint_id>
				</extensions>
			</trkpt>
			<trkpt lat="46.5547941659" lon="7.0223141618">
				<ele>1496.0</ele>
				<extensions>
					<swisstopo:routepoint_id>314729983</swisstopo:routepoint_id>
				</extensions>
			</trkpt>
			<trkpt lat="46.5547967632" lon="7.0223604571">
				<ele>1496.7</ele>
				<extensions>
					<swisstopo:routepoint_id>444413807</swisstopo:routepoint_id>
				</extensions>
			</trkpt>
			<trkpt lat="46.5548151103" lon="7.0224009389">
				<ele>1496.7</ele>
				<extensions>
					<swisstopo:routepoint_id>1231887562</swisstopo:routepoint_id>
				</extensions>
			</trkpt>
			<trkpt lat="46.5548048822" lon="7.0224254677">
				<ele>1496.8</ele>
				<extensions>
					<swisstopo:routepoint_id>1709806067</swisstopo:routepoint_id>
				</extensions>
			</trkpt>
			<trkpt lat="46.5548021948" lon="7.0224581141">
				<ele>1496.7</ele>
				<extensions>
					<swisstopo:routepoint_id>1791098238</swisstopo:routepoint_id>
				</extensions>
			</trkpt>
			<trkpt lat="46.5548079909" lon="7.0225056137">
				<ele>1496.3</ele>
				<extensions>
					<swisstopo:routepoint_id>1176386360</swisstopo:routepoint_id>
				</extensions>
			</trkpt>
			<trkpt lat="46.5548250660" lon="7.0225625328">
				<ele>1495.6</ele>
				<extensions>
					<swisstopo:routepoint_id>1952316239</swisstopo:routepoint_id>
				</extensions>
			</trkpt>
			<trkpt lat="46.5548524747" lon="7.0226261665">
				<ele>1494.6</ele>
				<extensions>
					<swisstopo:routepoint_id>1105737390</swisstopo:routepoint_id>
				</extensions>
			</trkpt>
			<trkpt lat="46.5548648472" lon="7.0226763408">
				<ele>1494.1</ele>
				<extensions>
					<swisstopo:routepoint_id>1574870095</swisstopo:routepoint_id>
				</extensions>
			</trkpt>
			<trkpt lat="46.5548641114" lon="7.0227333969">
				<ele>1493.6</ele>
				<extensions>
					<swisstopo:routepoint_id>1846032672</swisstopo:routepoint_id>
				</extensions>
			</trkpt>
			<trkpt lat="46.5548540051" lon="7.0227864690">
				<ele>1493.2</ele>
				<extensions>
					<swisstopo:routepoint_id>1338022687</swisstopo:routepoint_id>
				</extensions>
			</trkpt>
			<trkpt lat="46.5548364326" lon="7.0228518045">
				<ele>1492.6</ele>
				<extensions>
					<swisstopo:routepoint_id>1837074458</swisstopo:routepoint_id>
				</extensions>
			</trkpt>
			<trkpt lat="46.5548216209" lon="7.0229021876">
				<ele>1492.2</ele>
				<extensions>
					<swisstopo:routepoint_id>464948092</swisstopo:routepoint_id>
				</extensions>
			</trkpt>
			<trkpt lat="46.5547955698" lon="7.0229540131">
				<ele>1491.5</ele>
				<extensions>
					<swisstopo:routepoint_id>948104576</swisstopo:routepoint_id>
				</extensions>
			</trkpt>
			<trkpt lat="46.5547610551" lon="7.0229990971">
				<ele>1490.6</ele>
				<extensions>
					<swisstopo:routepoint_id>639688894</swisstopo:routepoint_id>
				</extensions>
			</trkpt>
			<trkpt lat="46.5547293719" lon="7.0230482533">
				<ele>1489.3</ele>
				<extensions>
					<swisstopo:routepoint_id>1539576971</swisstopo:routepoint_id>
				</extensions>
			</trkpt>
			<trkpt lat="46.5547052316" lon="7.0231109392">
				<ele>1488.1</ele>
				<extensions>
					<swisstopo:routepoint_id>1994375221</swisstopo:routepoint_id>
				</extensions>
			</trkpt>
			<trkpt lat="46.5546980249" lon="7.0231870701">
				<ele>1486.7</ele>
				<extensions>
					<swisstopo:routepoint_id>2135208313</swisstopo:routepoint_id>
				</extensions>
			</trkpt>
			<trkpt lat="46.5546964327" lon="7.0232658703">
				<ele>1485.5</ele>
				<extensions>
					<swisstopo:routepoint_id>351631030</swisstopo:routepoint_id>
				</extensions>
			</trkpt>
			<trkpt lat="46.5546948949" lon="7.0233596266">
				<ele>1483.8</ele>
				<extensions>
					<swisstopo:routepoint_id>1641906140</swisstopo:routepoint_id>
				</extensions>
			</trkpt>
			<trkpt lat="46.5546876434" lon="7.0234235264">
				<ele>1482.8</ele>
				<extensions>
					<swisstopo:routepoint_id>484869094</swisstopo:routepoint_id>
				</extensions>
			</trkpt>
			<trkpt lat="46.5546700805" lon="7.0234915865">
				<ele>1481.9</ele>
				<extensions>
					<swisstopo:routepoint_id>1896693766</swisstopo:routepoint_id>
				</extensions>
			</trkpt>
			<trkpt lat="46.5546480236" lon="7.0235436039">
				<ele>1481.1</ele>
				<extensions>
					<swisstopo:routepoint_id>868331533</swisstopo:routepoint_id>
				</extensions>
			</trkpt>
			<trkpt lat="46.5546184414" lon="7.0236040390">
				<ele>1480.2</ele>
				<extensions>
					<swisstopo:routepoint_id>59210642</swisstopo:routepoint_id>
				</extensions>
			</trkpt>
			<trkpt lat="46.5545648364" lon="7.0236730757">
				<ele>1478.9</ele>
				<extensions>
					<swisstopo:routepoint_id>741343448</swisstopo:routepoint_id>
				</extensions>
			</trkpt>
			<trkpt lat="46.5545284553" lon="7.0237168361">
				<ele>1478.0</ele>
				<extensions>
					<swisstopo:routepoint_id>901739361</swisstopo:routepoint_id>
				</extensions>
			</trkpt>
			<trkpt lat="46.5544995834" lon="7.0237673137">
				<ele>1477.0</ele>
				<extensions>
					<swisstopo:routepoint_id>301726104</swisstopo:routepoint_id>
				</extensions>
			</trkpt>
			<trkpt lat="46.5544800995" lon="7.0238218006">
				<ele>1476.0</ele>
				<extensions>
					<swisstopo:routepoint_id>1341508451</swisstopo:routepoint_id>
				</extensions>
			</trkpt>
			<trkpt lat="46.5544690682" lon="7.0238803041">
				<ele>1474.9</ele>
				<extensions>
					<swisstopo:routepoint_id>1165115571</swisstopo:routepoint_id>
				</extensions>
			</trkpt>
			<trkpt lat="46.5544674309" lon="7.0239468857">
				<ele>1473.6</ele>
				<extensions>
					<swisstopo:routepoint_id>16552062</swisstopo:routepoint_id>
				</extensions>
			</trkpt>
			<trkpt lat="46.5544770753" lon="7.0240188056">
				<ele>1472.1</ele>
				<extensions>
					<swisstopo:routepoint_id>2075676111</swisstopo:routepoint_id>
				</extensions>
			</trkpt>
			<trkpt lat="46.5544946817" lon="7.0240933516">
				<ele>1470.2</ele>
				<extensions>
					<swisstopo:routepoint_id>39733183</swisstopo:routepoint_id>
				</extensions>
			</trkpt>
			<trkpt lat="46.5544971159" lon="7.0241318482">
				<ele>1469.4</ele>
				<extensions>
					<swisstopo:routepoint_id>1381869184</swisstopo:routepoint_id>
				</extensions>
			</trkpt>
			<trkpt lat="46.5544863208" lon="7.0241738588">
				<ele>1468.5</ele>
				<extensions>
					<swisstopo:routepoint_id>1375304835</swisstopo:routepoint_id>
				</extensions>
			</trkpt>
			<trkpt lat="46.5544627996" lon="7.0241992657">
				<ele>1467.6</ele>
				<extensions>
					<swisstopo:routepoint_id>814635780</swisstopo:routepoint_id>
				</extensions>
			</trkpt>
			<trkpt lat="46.5544265386" lon="7.0242094315">
				<ele>1466.6</ele>
				<extensions>
					<swisstopo:routepoint_id>419527783</swisstopo:routepoint_id>
				</extensions>
			</trkpt>
			<trkpt lat="46.5543824168" lon="7.0242025679">
				<ele>1465.3</ele>
				<extensions>
					<swisstopo:routepoint_id>1747323044</swisstopo:routepoint_id>
				</extensions>
			</trkpt>
			<trkpt lat="46.5543076689" lon="7.0241846117">
				<ele>1463.2</ele>
				<extensions>
					<swisstopo:routepoint_id>1993109850</swisstopo:routepoint_id>
				</extensions>
			</trkpt>
			<trkpt lat="46.5542357728" lon="7.0241666463">
				<ele>1461.0</ele>
				<extensions>
					<swisstopo:routepoint_id>940529110</swisstopo:routepoint_id>
				</extensions>
			</trkpt>
			<trkpt lat="46.5541759432" lon="7.0241717333">
				<ele>1459.2</ele>
				<extensions>
					<swisstopo:routepoint_id>325238675</swisstopo:routepoint_id>
				</extensions>
			</trkpt>
			<trkpt lat="46.5541408467" lon="7.0241805276">
				<ele>1458.1</ele>
				<extensions>
					<swisstopo:routepoint_id>7302422</swisstopo:routepoint_id>
				</extensions>
			</trkpt>
			<trkpt lat="46.5540959876" lon="7.0241961458">
				<ele>1457.0</ele>
				<extensions>
					<swisstopo:routepoint_id>1326285926</swisstopo:routepoint_id>
				</extensions>
			</trkpt>
			<trkpt lat="46.5540616752" lon="7.0242176110">
				<ele>1456.5</ele>
				<extensions>
					<swisstopo:routepoint_id>2124307843</swisstopo:routepoint_id>
				</extensions>
			</trkpt>
			<trkpt lat="46.5540495895" lon="7.0241471047">
				<ele>1456.0</ele>
				<extensions>
					<swisstopo:routepoint_id>1331906132</swisstopo:routepoint_id>
				</extensions>
			</trkpt>
			<trkpt lat="46.5540412532" lon="7.0240809630">
				<ele>1455.5</ele>
				<extensions>
					<swisstopo:routepoint_id>1863523140</swisstopo:routepoint_id>
				</extensions>
			</trkpt>
			<trkpt lat="46.5540326399" lon="7.0239369915">
				<ele>1454.4</ele>
				<extensions>
					<swisstopo:routepoint_id>783232629</swisstopo:routepoint_id>
				</extensions>
			</trkpt>
			<trkpt lat="46.5540251057" lon="7.0238661765">
				<ele>1454.1</ele>
				<extensions>
					<swisstopo:routepoint_id>488778972</swisstopo:routepoint_id>
				</extensions>
			</trkpt>
			<trkpt lat="46.5540019892" lon="7.0237953537">
				<ele>1453.7</ele>
				<extensions>
					<swisstopo:routepoint_id>1261661350</swisstopo:routepoint_id>
				</extensions>
			</trkpt>
			<trkpt lat="46.5539664456" lon="7.0237381436">
				<ele>1453.1</ele>
				<extensions>
					<swisstopo:routepoint_id>435014934</swisstopo:routepoint_id>
				</extensions>
			</trkpt>
			<trkpt lat="46.5539139534" lon="7.0237007060">
				<ele>1452.4</ele>
				<extensions>
					<swisstopo:routepoint_id>1913556858</swisstopo:routepoint_id>
				</extensions>
			</trkpt>
			<trkpt lat="46.5538717819" lon="7.0236935669">
				<ele>1452.0</ele>
				<extensions>
					<swisstopo:routepoint_id>1607883637</swisstopo:routepoint_id>
				</extensions>
			</trkpt>
			<trkpt lat="46.5537884501" lon="7.0236897868">
				<ele>1450.8</ele>
				<extensions>
					<swisstopo:routepoint_id>493427872</swisstopo:routepoint_id>
				</extensions>
			</trkpt>
			<trkpt lat="46.5537197292" lon="7.0236943057">
				<ele>1449.8</ele>
				<extensions>
					<swisstopo:routepoint_id>1542890371</swisstopo:routepoint_id>
				</extensions>
			</trkpt>
			<trkpt lat="46.5536596706" lon="7.0237205846">
				<ele>1448.7</ele>
				<extensions>
					<swisstopo:routepoint_id>1923844629</swisstopo:routepoint_id>
				</extensions>
			</trkpt>
			<trkpt lat="46.5535997134" lon="7.0237668362">
				<ele>1447.5</ele>
				<extensions>
					<swisstopo:routepoint_id>1457111910</swisstopo:routepoint_id>
				</extensions>
			</trkpt>
			<trkpt lat="46.5535165259" lon="7.0238694998">
				<ele>1445.4</ele>
				<extensions>
					<swisstopo:routepoint_id>37396462</swisstopo:routepoint_id>
				</extensions>
			</trkpt>
			<trkpt lat="46.5534388221" lon="7.0239636910">
				<ele>1443.3</ele>
				<extensions>
					<swisstopo:routepoint_id>921502318</swisstopo:routepoint_id>
				</extensions>
			</trkpt>
			<trkpt lat="46.5533930356" lon="7.0240282281">
				<ele>1442.0</ele>
				<extensions>
					<swisstopo:routepoint_id>2097195847</swisstopo:routepoint_id>
				</extensions>
			</trkpt>
			<trkpt lat="46.5533501046" lon="7.0240893177">
				<ele>1440.5</ele>
				<extensions>
					<swisstopo:routepoint_id>1484210136</swisstopo:routepoint_id>
				</extensions>
			</trkpt>
			<trkpt lat="46.5533164501" lon="7.0241406392">
				<ele>1439.3</ele>
				<extensions>
					<swisstopo:routepoint_id>1507683927</swisstopo:routepoint_id>
				</extensions>
			</trkpt>
			<trkpt lat="46.5532535699" lon="7.0242467054">
				<ele>1436.5</ele>
				<extensions>
					<swisstopo:routepoint_id>1641208285</swisstopo:routepoint_id>
				</extensions>
			</trkpt>
			<trkpt lat="46.5532019773" lon="7.0243495014">
				<ele>1434.1</ele>
				<extensions>
					<swisstopo:routepoint_id>1708936009</swisstopo:routepoint_id>
				</extensions>
			</trkpt>
			<trkpt lat="46.5531556167" lon="7.0244295524">
				<ele>1432.1</ele>
				<extensions>
					<swisstopo:routepoint_id>471840219</swisstopo:routepoint_id>
				</extensions>
			</trkpt>
			<trkpt lat="46.5531026522" lon="7.0245241451">
				<ele>1429.9</ele>
				<extensions>
					<swisstopo:routepoint_id>871568858</swisstopo:routepoint_id>
				</extensions>
			</trkpt>
			<trkpt lat="46.5530479526" lon="7.0246042595">
				<ele>1428.2</ele>
				<extensions>
					<swisstopo:routepoint_id>1675413646</swisstopo:routepoint_id>
				</extensions>
			</trkpt>
			<trkpt lat="46.5529898994" lon="7.0246723148">
				<ele>1427.0</ele>
				<extensions>
					<swisstopo:routepoint_id>721379223</swisstopo:routepoint_id>
				</extensions>
			</trkpt>
			<trkpt lat="46.5529251523" lon="7.0247380208">
				<ele>1426.1</ele>
				<extensions>
					<swisstopo:routepoint_id>584349622</swisstopo:routepoint_id>
				</extensions>
			</trkpt>
			<trkpt lat="46.5528454384" lon="7.0248086799">
				<ele>1424.8</ele>
				<extensions>
					<swisstopo:routepoint_id>119502681</swisstopo:routepoint_id>
				</extensions>
			</trkpt>
			<trkpt lat="46.5527906595" lon="7.0248622121">
				<ele>1424.0</ele>
				<extensions>
					<swisstopo:routepoint_id>351894417</swisstopo:routepoint_id>
				</extensions>
			</trkpt>
			<trkpt lat="46.5527508848" lon="7.0249204748">
				<ele>1422.8</ele>
				<extensions>
					<swisstopo:routepoint_id>264766943</swisstopo:routepoint_id>
				</extensions>
			</trkpt>
			<trkpt lat="46.5526995407" lon="7.0250078147">
				<ele>1421.4</ele>
				<extensions>
					<swisstopo:routepoint_id>644886936</swisstopo:routepoint_id>
				</extensions>
			</trkpt>
			<trkpt lat="46.5526598010" lon="7.0250757420">
				<ele>1420.4</ele>
				<extensions>
					<swisstopo:routepoint_id>1727914931</swisstopo:routepoint_id>
				</extensions>
			</trkpt>
			<trkpt lat="46.5525569896" lon="7.0252069355">
				<ele>1418.1</ele>
				<extensions>
					<swisstopo:routepoint_id>1238735907</swisstopo:routepoint_id>
				</extensions>
			</trkpt>
			<trkpt lat="46.5524309141" lon="7.0253576298">
				<ele>1415.0</ele>
				<extensions>
					<swisstopo:routepoint_id>1352041602</swisstopo:routepoint_id>
				</extensions>
			</trkpt>
			<trkpt lat="46.5522931964" lon="7.0255156642">
				<ele>1411.9</ele>
				<extensions>
					<swisstopo:routepoint_id>494434835</swisstopo:routepoint_id>
				</extensions>
			</trkpt>
			<trkpt lat="46.5522252006" lon="7.0255982910">
				<ele>1410.6</ele>
				<extensions>
					<swisstopo:routepoint_id>1404384316</swisstopo:routepoint_id>
				</extensions>
			</trkpt>
			<trkpt lat="46.5521339581" lon="7.0257100834">
				<ele>1409.2</ele>
				<extensions>
					<swisstopo:routepoint_id>154944640</swisstopo:routepoint_id>
				</extensions>
			</trkpt>
			<trkpt lat="46.5520759656" lon="7.0257950337">
				<ele>1407.9</ele>
				<extensions>
					<swisstopo:routepoint_id>1157761901</swisstopo:routepoint_id>
				</extensions>
			</trkpt>
			<trkpt lat="46.5520179467" lon="7.0258776028">
				<ele>1406.6</ele>
				<extensions>
					<swisstopo:routepoint_id>625007454</swisstopo:routepoint_id>
				</extensions>
			</trkpt>
			<trkpt lat="46.5519615027" lon="7.0259335779">
				<ele>1405.6</ele>
				<extensions>
					<swisstopo:routepoint_id>1613428989</swisstopo:routepoint_id>
				</extensions>
			</trkpt>
			<trkpt lat="46.5519000668" lon="7.0259920103">
				<ele>1404.2</ele>
				<extensions>
					<swisstopo:routepoint_id>558592518</swisstopo:routepoint_id>
				</extensions>
			</trkpt>
			<trkpt lat="46.5518271925" lon="7.0261084812">
				<ele>1402.3</ele>
				<extensions>
					<swisstopo:routepoint_id>1631313281</swisstopo:routepoint_id>
				</extensions>
			</trkpt>
			<trkpt lat="46.5517558842" lon="7.0262031969">
				<ele>1400.8</ele>
				<extensions>
					<swisstopo:routepoint_id>1939693763</swisstopo:routepoint_id>
				</extensions>
			</trkpt>
			<trkpt lat="46.5516779129" lon="7.0262931625">
				<ele>1399.1</ele>
				<extensions>
					<swisstopo:routepoint_id>1847076564</swisstopo:routepoint_id>
				</extensions>
			</trkpt>
			<trkpt lat="46.5516448115" lon="7.0263561982">
				<ele>1398.1</ele>
				<extensions>
					<swisstopo:routepoint_id>1166806703</swisstopo:routepoint_id>
				</extensions>
			</trkpt>
			<trkpt lat="46.5516117889" lon="7.0264385694">
				<ele>1396.7</ele>
				<extensions>
					<swisstopo:routepoint_id>409837976</swisstopo:routepoint_id>
				</extensions>
			</trkpt>
			<trkpt lat="46.5515687912" lon="7.0265258297">
				<ele>1395.4</ele>
				<extensions>
					<swisstopo:routepoint_id>1492542769</swisstopo:routepoint_id>
				</extensions>
			</trkpt>
			<trkpt lat="46.5515273968" lon="7.0265985931">
				<ele>1394.2</ele>
				<extensions>
					<swisstopo:routepoint_id>719579518</swisstopo:routepoint_id>
				</extensions>
			</trkpt>
			<trkpt lat="46.5514511314" lon="7.0267006099">
				<ele>1392.3</ele>
				<extensions>
					<swisstopo:routepoint_id>887299698</swisstopo:routepoint_id>
				</extensions>
			</trkpt>
			<trkpt lat="46.5513698388" lon="7.0267978196">
				<ele>1390.6</ele>
				<extensions>
					<swisstopo:routepoint_id>351812327</swisstopo:routepoint_id>
				</extensions>
			</trkpt>
			<trkpt lat="46.5513001161" lon="7.0268683849">
				<ele>1389.3</ele>
				<extensions>
					<swisstopo:routepoint_id>154882013</swisstopo:routepoint_id>
				</extensions>
			</trkpt>
			<trkpt lat="46.5512370500" lon="7.0269340734">
				<ele>1387.8</ele>
				<extensions>
					<swisstopo:routepoint_id>1068959545</swisstopo:routepoint_id>
				</extensions>
			</trkpt>
			<trkpt lat="46.5511524738" lon="7.0270409721">
				<ele>1385.6</ele>
				<extensions>
					<swisstopo:routepoint_id>367283689</swisstopo:routepoint_id>
				</extensions>
			</trkpt>
			<trkpt lat="46.5511127067" lon="7.0271016444">
				<ele>1384.3</ele>
				<extensions>
					<swisstopo:routepoint_id>964709277</swisstopo:routepoint_id>
				</extensions>
			</trkpt>
			<trkpt lat="46.5510779403" lon="7.0271647107">
				<ele>1383.1</ele>
				<extensions>
					<swisstopo:routepoint_id>354244623</swisstopo:routepoint_id>
				</extensions>
			</trkpt>
			<trkpt lat="46.5510464791" lon="7.0272180679">
				<ele>1382.0</ele>
				<extensions>
					<swisstopo:routepoint_id>1641522976</swisstopo:routepoint_id>
				</extensions>
			</trkpt>
			<trkpt lat="46.5510115990" lon="7.0272497212">
				<ele>1381.4</ele>
				<extensions>
					<swisstopo:routepoint_id>2065039849</swisstopo:routepoint_id>
				</extensions>
			</trkpt>
			<trkpt lat="46.5509600437" lon="7.0272742748">
				<ele>1380.7</ele>
				<extensions>
					<swisstopo:routepoint_id>2146967649</swisstopo:routepoint_id>
				</extensions>
			</trkpt>
			<trkpt lat="46.5509118329" lon="7.0273060229">
				<ele>1379.9</ele>
				<extensions>
					<swisstopo:routepoint_id>2057147986</swisstopo:routepoint_id>
				</extensions>
			</trkpt>
			<trkpt lat="46.5508836903" lon="7.0273521220">
				<ele>1379.4</ele>
				<extensions>
					<swisstopo:routepoint_id>866168936</swisstopo:routepoint_id>
				</extensions>
			</trkpt>
			<trkpt lat="46.5508738352" lon="7.0273908432">
				<ele>1379.2</ele>
				<extensions>
					<swisstopo:routepoint_id>460290490</swisstopo:routepoint_id>
				</extensions>
			</trkpt>
			<trkpt lat="46.5508806511" lon="7.0274342637">
				<ele>1379.0</ele>
				<extensions>
					<swisstopo:routepoint_id>308344043</swisstopo:routepoint_id>
				</extensions>
			</trkpt>
			<trkpt lat="46.5508917874" lon="7.0274492556">
				<ele>1378.8</ele>
				<extensions>
					<swisstopo:routepoint_id>359572043</swisstopo:routepoint_id>
				</extensions>
			</trkpt>
			<trkpt lat="46.5509218109" lon="7.0274580875">
				<ele>1378.2</ele>
				<extensions>
					<swisstopo:routepoint_id>471632160</swisstopo:routepoint_id>
				</extensions>
			</trkpt>
			<trkpt lat="46.5509617571" lon="7.0274469097">
				<ele>1377.6</ele>
				<extensions>
					<swisstopo:routepoint_id>1264854659</swisstopo:routepoint_id>
				</extensions>
			</trkpt>
			<trkpt lat="46.5510041807" lon="7.0274321031">
				<ele>1377.1</ele>
				<extensions>
					<swisstopo:routepoint_id>938569182</swisstopo:routepoint_id>
				</extensions>
			</trkpt>
			<trkpt lat="46.5510578531" lon="7.0274135820">
				<ele>1376.4</ele>
				<extensions>
					<swisstopo:routepoint_id>13727573</swisstopo:routepoint_id>
				</extensions>
			</trkpt>
			<trkpt lat="46.5511440262" lon="7.0274020530">
				<ele>1375.4</ele>
				<extensions>
					<swisstopo:routepoint_id>1061795849</swisstopo:routepoint_id>
				</extensions>
			</trkpt>
			<trkpt lat="46.5512402225" lon="7.0273958850">
				<ele>1374.1</ele>
				<extensions>
					<swisstopo:routepoint_id>1162543465</swisstopo:routepoint_id>
				</extensions>
			</trkpt>
			<trkpt lat="46.5513401895" lon="7.0273951257">
				<ele>1372.6</ele>
				<extensions>
					<swisstopo:routepoint_id>1642337708</swisstopo:routepoint_id>
				</extensions>
			</trkpt>
			<trkpt lat="46.5514401739" lon="7.0274016181">
				<ele>1371.3</ele>
				<extensions>
					<swisstopo:routepoint_id>741054323</swisstopo:routepoint_id>
				</extensions>
			</trkpt>
			<trkpt lat="46.5515377049" lon="7.0274189846">
				<ele>1369.9</ele>
				<extensions>
					<swisstopo:routepoint_id>1684861095</swisstopo:routepoint_id>
				</extensions>
			</trkpt>
			<trkpt lat="46.5516127319" lon="7.0274347139">
				<ele>1368.9</ele>
				<extensions>
					<swisstopo:routepoint_id>1330857800</swisstopo:routepoint_id>
				</extensions>
			</trkpt>
			<trkpt lat="46.5517227788" lon="7.0274574292">
				<ele>1367.5</ele>
				<extensions>
					<swisstopo:routepoint_id>1126271894</swisstopo:routepoint_id>
				</extensions>
			</trkpt>
			<trkpt lat="46.5517965300" lon="7.0274641082">
				<ele>1366.4</ele>
				<extensions>
					<swisstopo:routepoint_id>334704941</swisstopo:routepoint_id>
				</extensions>
			</trkpt>
			<trkpt lat="46.5518439804" lon="7.0274583233">
				<ele>1365.8</ele>
				<extensions>
					<swisstopo:routepoint_id>1811587901</swisstopo:routepoint_id>
				</extensions>
			</trkpt>
			<trkpt lat="46.5518864150" lon="7.0274417018">
				<ele>1365.3</ele>
				<extensions>
					<swisstopo:routepoint_id>1426184124</swisstopo:routepoint_id>
				</extensions>
			</trkpt>
			<trkpt lat="46.5519350692" lon="7.0274177811">
				<ele>1364.7</ele>
				<extensions>
					<swisstopo:routepoint_id>284380157</swisstopo:routepoint_id>
				</extensions>
			</trkpt>
			<trkpt lat="46.5519862510" lon="7.0274047032">
				<ele>1364.3</ele>
				<extensions>
					<swisstopo:routepoint_id>1068200611</swisstopo:routepoint_id>
				</extensions>
			</trkpt>
			<trkpt lat="46.5520487251" lon="7.0274042287">
				<ele>1363.5</ele>
				<extensions>
					<swisstopo:routepoint_id>890642543</swisstopo:routepoint_id>
				</extensions>
			</trkpt>
			<trkpt lat="46.5521262274" lon="7.0274127065">
				<ele>1362.3</ele>
				<extensions>
					<swisstopo:routepoint_id>748675988</swisstopo:routepoint_id>
				</extensions>
			</trkpt>
			<trkpt lat="46.5521862024" lon="7.0274104364">
				<ele>1361.3</ele>
				<extensions>
					<swisstopo:routepoint_id>874268566</swisstopo:routepoint_id>
				</extensions>
			</trkpt>
			<trkpt lat="46.5522361346" lon="7.0273973806">
				<ele>1360.6</ele>
				<extensions>
					<swisstopo:routepoint_id>475495979</swisstopo:routepoint_id>
				</extensions>
			</trkpt>
			<trkpt lat="46.5522922646" lon="7.0273715947">
				<ele>1360.1</ele>
				<extensions>
					<swisstopo:routepoint_id>1261149467</swisstopo:routepoint_id>
				</extensions>
			</trkpt>
			<trkpt lat="46.5523646113" lon="7.0273348236">
				<ele>1359.1</ele>
				<extensions>
					<swisstopo:routepoint_id>1172138314</swisstopo:routepoint_id>
				</extensions>
			</trkpt>
			<trkpt lat="46.5524182356" lon="7.0273054403">
				<ele>1358.6</ele>
				<extensions>
					<swisstopo:routepoint_id>1824159498</swisstopo:routepoint_id>
				</extensions>
			</trkpt>
			<trkpt lat="46.5524693999" lon="7.0272869375">
				<ele>1358.2</ele>
				<extensions>
					<swisstopo:routepoint_id>213873047</swisstopo:routepoint_id>
				</extensions>
			</trkpt>
			<trkpt lat="46.5525056169" lon="7.0272794168">
				<ele>1357.9</ele>
				<extensions>
					<swisstopo:routepoint_id>1393123584</swisstopo:routepoint_id>
				</extensions>
			</trkpt>
			<trkpt lat="46.5525481190" lon="7.0272863395">
				<ele>1357.3</ele>
				<extensions>
					<swisstopo:routepoint_id>1162052086</swisstopo:routepoint_id>
				</extensions>
			</trkpt>
			<trkpt lat="46.5525869378" lon="7.0273095832">
				<ele>1356.9</ele>
				<extensions>
					<swisstopo:routepoint_id>1060969761</swisstopo:routepoint_id>
				</extensions>
			</trkpt>
			<trkpt lat="46.5526357950" lon="7.0273418109">
				<ele>1356.2</ele>
				<extensions>
					<swisstopo:routepoint_id>627301612</swisstopo:routepoint_id>
				</extensions>
			</trkpt>
			<trkpt lat="46.5526796057" lon="7.0273650296">
				<ele>1355.6</ele>
				<extensions>
					<swisstopo:routepoint_id>1911396155</swisstopo:routepoint_id>
				</extensions>
			</trkpt>
			<trkpt lat="46.5527259157" lon="7.0273846001">
				<ele>1355.0</ele>
				<extensions>
					<swisstopo:routepoint_id>974511911</swisstopo:routepoint_id>
				</extensions>
			</trkpt>
			<trkpt lat="46.5527721950" lon="7.0273987335">
				<ele>1354.7</ele>
				<extensions>
					<swisstopo:routepoint_id>986339072</swisstopo:routepoint_id>
				</extensions>
			</trkpt>
			<trkpt lat="46.5528185224" lon="7.0274237477">
				<ele>1354.2</ele>
				<extensions>
					<swisstopo:routepoint_id>1261435408</swisstopo:routepoint_id>
				</extensions>
			</trkpt>
			<trkpt lat="46.5528598426" lon="7.0274469790">
				<ele>1353.7</ele>
				<extensions>
					<swisstopo:routepoint_id>143819869</swisstopo:routepoint_id>
				</extensions>
			</trkpt>
			<trkpt lat="46.5528986439" lon="7.0274647985">
				<ele>1353.2</ele>
				<extensions>
					<swisstopo:routepoint_id>1152394766</swisstopo:routepoint_id>
				</extensions>
			</trkpt>
			<trkpt lat="46.5529324119" lon="7.0274717940">
				<ele>1352.8</ele>
				<extensions>
					<swisstopo:routepoint_id>1344625621</swisstopo:routepoint_id>
				</extensions>
			</trkpt>
			<trkpt lat="46.5529661383" lon="7.0274697106">
				<ele>1352.3</ele>
				<extensions>
					<swisstopo:routepoint_id>1310904942</swisstopo:routepoint_id>
				</extensions>
			</trkpt>
			<trkpt lat="46.5529973264" lon="7.0274549887">
				<ele>1352.0</ele>
				<extensions>
					<swisstopo:routepoint_id>972687358</swisstopo:routepoint_id>
				</extensions>
			</trkpt>
			<trkpt lat="46.5530472280" lon="7.0274328855">
				<ele>1351.4</ele>
				<extensions>
					<swisstopo:routepoint_id>1544835484</swisstopo:routepoint_id>
				</extensions>
			</trkpt>
			<trkpt lat="46.5531033996" lon="7.0274161592">
				<ele>1350.6</ele>
				<extensions>
					<swisstopo:routepoint_id>1714296748</swisstopo:routepoint_id>
				</extensions>
			</trkpt>
			<trkpt lat="46.5531371260" lon="7.0274140885">
				<ele>1350.2</ele>
				<extensions>
					<swisstopo:routepoint_id>649061923</swisstopo:routepoint_id>
				</extensions>
			</trkpt>
			<trkpt lat="46.5531689620" lon="7.0274218691">
				<ele>1349.9</ele>
				<extensions>
					<swisstopo:routepoint_id>1373983502</swisstopo:routepoint_id>
				</extensions>
			</trkpt>
			<trkpt lat="46.5531909824" lon="7.0274489019">
				<ele>1349.8</ele>
				<extensions>
					<swisstopo:routepoint_id>1489789125</swisstopo:routepoint_id>
				</extensions>
			</trkpt>
			<trkpt lat="46.5532099548" lon="7.0274936773">
				<ele>1349.8</ele>
				<extensions>
					<swisstopo:routepoint_id>1737164870</swisstopo:routepoint_id>
				</extensions>
			</trkpt>
			<trkpt lat="46.5532135707" lon="7.0275236959">
				<ele>1349.7</ele>
				<extensions>
					<swisstopo:routepoint_id>1976754280</swisstopo:routepoint_id>
				</extensions>
			</trkpt>
			<trkpt lat="46.5532146845" lon="7.0275900448">
				<ele>1349.1</ele>
				<extensions>
					<swisstopo:routepoint_id>240203399</swisstopo:routepoint_id>
				</extensions>
			</trkpt>
			<trkpt lat="46.5532000216" lon="7.0277071123">
				<ele>1347.8</ele>
				<extensions>
					<swisstopo:routepoint_id>861077676</swisstopo:routepoint_id>
				</extensions>
			</trkpt>
			<trkpt lat="46.5531950122" lon="7.0277771050">
				<ele>1347.0</ele>
				<extensions>
					<swisstopo:routepoint_id>1719494765</swisstopo:routepoint_id>
				</extensions>
			</trkpt>
			<trkpt lat="46.5531946018" lon="7.0278532069">
				<ele>1345.9</ele>
				<extensions>
					<swisstopo:routepoint_id>5213235</swisstopo:routepoint_id>
				</extensions>
			</trkpt>
			<trkpt lat="46.5532028866" lon="7.0279300388">
				<ele>1345.0</ele>
				<extensions>
					<swisstopo:routepoint_id>235358487</swisstopo:routepoint_id>
				</extensions>
			</trkpt>
			<trkpt lat="46.5532234658" lon="7.0280287756">
				<ele>1343.7</ele>
				<extensions>
					<swisstopo:routepoint_id>579593097</swisstopo:routepoint_id>
				</extensions>
			</trkpt>
			<trkpt lat="46.5532604432" lon="7.0281625852">
				<ele>1341.9</ele>
				<extensions>
					<swisstopo:routepoint_id>1424960863</swisstopo:routepoint_id>
				</extensions>
			</trkpt>
			<trkpt lat="46.5532758910" lon="7.0282428330">
				<ele>1340.8</ele>
				<extensions>
					<swisstopo:routepoint_id>1524546460</swisstopo:routepoint_id>
				</extensions>
			</trkpt>
			<trkpt lat="46.5532965186" lon="7.0283751814">
				<ele>1338.9</ele>
				<extensions>
					<swisstopo:routepoint_id>1468332191</swisstopo:routepoint_id>
				</extensions>
			</trkpt>
			<trkpt lat="46.5533175812" lon="7.0284588568">
				<ele>1337.5</ele>
				<extensions>
					<swisstopo:routepoint_id>1911829515</swisstopo:routepoint_id>
				</extensions>
			</trkpt>
			<trkpt lat="46.5533714908" lon="7.0286401452">
				<ele>1334.5</ele>
				<extensions>
					<swisstopo:routepoint_id>494595915</swisstopo:routepoint_id>
				</extensions>
			</trkpt>
			<trkpt lat="46.5534033317" lon="7.0287492775">
				<ele>1332.5</ele>
				<extensions>
					<swisstopo:routepoint_id>1512224880</swisstopo:routepoint_id>
				</extensions>
			</trkpt>
			<trkpt lat="46.5534341731" lon="7.0288779071">
				<ele>1330.4</ele>
				<extensions>
					<swisstopo:routepoint_id>1208696379</swisstopo:routepoint_id>
				</extensions>
			</trkpt>
			<trkpt lat="46.5534701788" lon="7.0290489088">
				<ele>1327.2</ele>
				<extensions>
					<swisstopo:routepoint_id>1012290959</swisstopo:routepoint_id>
				</extensions>
			</trkpt>
			<trkpt lat="46.5534865912" lon="7.0291099532">
				<ele>1326.1</ele>
				<extensions>
					<swisstopo:routepoint_id>586666848</swisstopo:routepoint_id>
				</extensions>
			</trkpt>
			<trkpt lat="46.5535773129" lon="7.0293321722">
				<ele>1321.7</ele>
				<extensions>
					<swisstopo:routepoint_id>610279560</swisstopo:routepoint_id>
				</extensions>
			</trkpt>
			<trkpt lat="46.5536330589" lon="7.0294724253">
				<ele>1319.2</ele>
				<extensions>
					<swisstopo:routepoint_id>336974157</swisstopo:routepoint_id>
				</extensions>
			</trkpt>
			<trkpt lat="46.5536756645" lon="7.0295454013">
				<ele>1318.0</ele>
				<extensions>
					<swisstopo:routepoint_id>1039965870</swisstopo:routepoint_id>
				</extensions>
			</trkpt>
			<trkpt lat="46.5537153537" lon="7.0295952487">
				<ele>1317.2</ele>
				<extensions>
					<swisstopo:routepoint_id>794427667</swisstopo:routepoint_id>
				</extensions>
			</trkpt>
			<trkpt lat="46.5537558573" lon="7.0296443896">
				<ele>1316.3</ele>
				<extensions>
					<swisstopo:routepoint_id>637124287</swisstopo:routepoint_id>
				</extensions>
			</trkpt>
			<trkpt lat="46.5537619843" lon="7.0296674750">
				<ele>1316.1</ele>
				<extensions>
					<swisstopo:routepoint_id>158093318</swisstopo:routepoint_id>
				</extensions>
			</trkpt>
			<trkpt lat="46.5537633115" lon="7.0296988166">
				<ele>1315.6</ele>
				<extensions>
					<swisstopo:routepoint_id>263222134</swisstopo:routepoint_id>
				</extensions>
			</trkpt>
			<trkpt lat="46.5537573986" lon="7.0297377579">
				<ele>1315.2</ele>
				<extensions>
					<swisstopo:routepoint_id>2026753664</swisstopo:routepoint_id>
				</extensions>
			</trkpt>
			<trkpt lat="46.5537417628" lon="7.0297625358">
				<ele>1314.8</ele>
				<extensions>
					<swisstopo:routepoint_id>1149695789</swisstopo:routepoint_id>
				</extensions>
			</trkpt>
			<trkpt lat="46.5537155957" lon="7.0297731628">
				<ele>1314.4</ele>
				<extensions>
					<swisstopo:routepoint_id>764279728</swisstopo:routepoint_id>
				</extensions>
			</trkpt>
			<trkpt lat="46.5536791386" lon="7.0297658740">
				<ele>1313.9</ele>
				<extensions>
					<swisstopo:routepoint_id>1404017052</swisstopo:routepoint_id>
				</extensions>
			</trkpt>
			<trkpt lat="46.5536343869" lon="7.0297294038">
				<ele>1313.3</ele>
				<extensions>
					<swisstopo:routepoint_id>577362714</swisstopo:routepoint_id>
				</extensions>
			</trkpt>
			<trkpt lat="46.5535530458" lon="7.0296488315">
				<ele>1312.6</ele>
				<extensions>
					<swisstopo:routepoint_id>173805862</swisstopo:routepoint_id>
				</extensions>
			</trkpt>
			<trkpt lat="46.5535053183" lon="7.0296093277">
				<ele>1312.1</ele>
				<extensions>
					<swisstopo:routepoint_id>1000090933</swisstopo:routepoint_id>
				</extensions>
			</trkpt>
			<trkpt lat="46.5534697693" lon="7.0295901003">
				<ele>1311.5</ele>
				<extensions>
					<swisstopo:routepoint_id>1895063370</swisstopo:routepoint_id>
				</extensions>
			</trkpt>
			<trkpt lat="46.5534407128" lon="7.0295850798">
				<ele>1311.1</ele>
				<extensions>
					<swisstopo:routepoint_id>1526363255</swisstopo:routepoint_id>
				</extensions>
			</trkpt>
			<trkpt lat="46.5534080745" lon="7.0295917189">
				<ele>1310.5</ele>
				<extensions>
					<swisstopo:routepoint_id>106014774</swisstopo:routepoint_id>
				</extensions>
			</trkpt>
			<trkpt lat="46.5533823776" lon="7.0296207304">
				<ele>1309.9</ele>
				<extensions>
					<swisstopo:routepoint_id>1925036868</swisstopo:routepoint_id>
				</extensions>
			</trkpt>
			<trkpt lat="46.5533656351" lon="7.0296755181">
				<ele>1309.2</ele>
				<extensions>
					<swisstopo:routepoint_id>341013352</swisstopo:routepoint_id>
				</extensions>
			</trkpt>
			<trkpt lat="46.5533645824" lon="7.0297205284">
				<ele>1308.9</ele>
				<extensions>
					<swisstopo:routepoint_id>1225237205</swisstopo:routepoint_id>
				</extensions>
			</trkpt>
			<trkpt lat="46.5533748824" lon="7.0297803519">
				<ele>1308.0</ele>
				<extensions>
					<swisstopo:routepoint_id>498771578</swisstopo:routepoint_id>
				</extensions>
			</trkpt>
			<trkpt lat="46.5534049315" lon="7.0298385301">
				<ele>1307.3</ele>
				<extensions>
					<swisstopo:routepoint_id>1412689830</swisstopo:routepoint_id>
				</extensions>
			</trkpt>
			<trkpt lat="46.5534990001" lon="7.0299816202">
				<ele>1305.4</ele>
				<extensions>
					<swisstopo:routepoint_id>391069950</swisstopo:routepoint_id>
				</extensions>
			</trkpt>
			<trkpt lat="46.5536421075" lon="7.0301955440">
				<ele>1303.0</ele>
				<extensions>
					<swisstopo:routepoint_id>1739910507</swisstopo:routepoint_id>
				</extensions>
			</trkpt>
			<trkpt lat="46.5536895271" lon="7.0302643647">
				<ele>1301.8</ele>
				<extensions>
					<swisstopo:routepoint_id>1831093031</swisstopo:routepoint_id>
				</extensions>
			</trkpt>
			<trkpt lat="46.5537296068" lon="7.0303080527">
				<ele>1301.0</ele>
				<extensions>
					<swisstopo:routepoint_id>1557536102</swisstopo:routepoint_id>
				</extensions>
			</trkpt>
			<trkpt lat="46.5537656054" lon="7.0303375156">
				<ele>1300.4</ele>
				<extensions>
					<swisstopo:routepoint_id>1261724940</swisstopo:routepoint_id>
				</extensions>
			</trkpt>
			<trkpt lat="46.5538124640" lon="7.0303620258">
				<ele>1299.9</ele>
				<extensions>
					<swisstopo:routepoint_id>1054587033</swisstopo:routepoint_id>
				</extensions>
			</trkpt>
			<trkpt lat="46.5539651146" lon="7.0304055401">
				<ele>1298.6</ele>
				<extensions>
					<swisstopo:routepoint_id>1547906913</swisstopo:routepoint_id>
				</extensions>
			</trkpt>
			<trkpt lat="46.5540214036" lon="7.0304214155">
				<ele>1298.1</ele>
				<extensions>
					<swisstopo:routepoint_id>1308617120</swisstopo:routepoint_id>
				</extensions>
			</trkpt>
			<trkpt lat="46.5540639598" lon="7.0304410174">
				<ele>1297.5</ele>
				<extensions>
					<swisstopo:routepoint_id>1216606201</swisstopo:routepoint_id>
				</extensions>
			</trkpt>
			<trkpt lat="46.5541027996" lon="7.0304697014">
				<ele>1297.1</ele>
				<extensions>
					<swisstopo:routepoint_id>439356541</swisstopo:routepoint_id>
				</extensions>
			</trkpt>
			<trkpt lat="46.5541303972" lon="7.0305021059">
				<ele>1296.6</ele>
				<extensions>
					<swisstopo:routepoint_id>537440089</swisstopo:routepoint_id>
				</extensions>
			</trkpt>
			<trkpt lat="46.5541773362" lon="7.0305520972">
				<ele>1295.9</ele>
				<extensions>
					<swisstopo:routepoint_id>164987138</swisstopo:routepoint_id>
				</extensions>
			</trkpt>
			<trkpt lat="46.5542059434" lon="7.0305874039">
				<ele>1295.4</ele>
				<extensions>
					<swisstopo:routepoint_id>1824482893</swisstopo:routepoint_id>
				</extensions>
			</trkpt>
			<trkpt lat="46.5542384506" lon="7.0306366699">
				<ele>1294.9</ele>
				<extensions>
					<swisstopo:routepoint_id>1596378752</swisstopo:routepoint_id>
				</extensions>
			</trkpt>
			<trkpt lat="46.5542617492" lon="7.0306865849">
				<ele>1294.3</ele>
				<extensions>
					<swisstopo:routepoint_id>515787492</swisstopo:routepoint_id>
				</extensions>
			</trkpt>
			<trkpt lat="46.5542812419" lon="7.0307491164">
				<ele>1293.0</ele>
				<extensions>
					<swisstopo:routepoint_id>1992397709</swisstopo:routepoint_id>
				</extensions>
			</trkpt>
			<trkpt lat="46.5543116028" lon="7.0308521377">
				<ele>1291.8</ele>
				<extensions>
					<swisstopo:routepoint_id>1127844533</swisstopo:routepoint_id>
				</extensions>
			</trkpt>
			<trkpt lat="46.5543532793" lon="7.0309749904">
				<ele>1290.4</ele>
				<extensions>
					<swisstopo:routepoint_id>207059639</swisstopo:routepoint_id>
				</extensions>
			</trkpt>
			<trkpt lat="46.5543987952" lon="7.0311249959">
				<ele>1288.7</ele>
				<extensions>
					<swisstopo:routepoint_id>91753455</swisstopo:routepoint_id>
				</extensions>
			</trkpt>
			<trkpt lat="46.5544303133" lon="7.0312044503">
				<ele>1287.7</ele>
				<extensions>
					<swisstopo:routepoint_id>1146258556</swisstopo:routepoint_id>
				</extensions>
			</trkpt>
			<trkpt lat="46.5544617558" lon="7.0312603596">
				<ele>1286.9</ele>
				<extensions>
					<swisstopo:routepoint_id>1658947251</swisstopo:routepoint_id>
				</extensions>
			</trkpt>
			<trkpt lat="46.5545057183" lon="7.0313234460">
				<ele>1285.9</ele>
				<extensions>
					<swisstopo:routepoint_id>314548474</swisstopo:routepoint_id>
				</extensions>
			</trkpt>
			<trkpt lat="46.5545396847" lon="7.0313883906">
				<ele>1285.0</ele>
				<extensions>
					<swisstopo:routepoint_id>2004140867</swisstopo:routepoint_id>
				</extensions>
			</trkpt>
			<trkpt lat="46.5545686517" lon="7.0314515709">
				<ele>1283.9</ele>
				<extensions>
					<swisstopo:routepoint_id>1351448277</swisstopo:routepoint_id>
				</extensions>
			</trkpt>
			<trkpt lat="46.5546077559" lon="7.0315545274">
				<ele>1282.2</ele>
				<extensions>
					<swisstopo:routepoint_id>615819310</swisstopo:routepoint_id>
				</extensions>
			</trkpt>
			<trkpt lat="46.5546683399" lon="7.0317225101">
				<ele>1280.1</ele>
				<extensions>
					<swisstopo:routepoint_id>155536587</swisstopo:routepoint_id>
				</extensions>
			</trkpt>
			<trkpt lat="46.5547212998" lon="7.0318561675">
				<ele>1277.8</ele>
				<extensions>
					<swisstopo:routepoint_id>435204667</swisstopo:routepoint_id>
				</extensions>
			</trkpt>
			<trkpt lat="46.5547540930" lon="7.0319428718">
				<ele>1276.2</ele>
				<extensions>
					<swisstopo:routepoint_id>5136821</swisstopo:routepoint_id>
				</extensions>
			</trkpt>
			<trkpt lat="46.5547806564" lon="7.0320332333">
				<ele>1274.5</ele>
				<extensions>
					<swisstopo:routepoint_id>1460958717</swisstopo:routepoint_id>
				</extensions>
			</trkpt>
			<trkpt lat="46.5547895904" lon="7.0320838812">
				<ele>1273.5</ele>
				<extensions>
					<swisstopo:routepoint_id>1370198614</swisstopo:routepoint_id>
				</extensions>
			</trkpt>
			<trkpt lat="46.5547898881" lon="7.0321672005">
				<ele>1271.9</ele>
				<extensions>
					<swisstopo:routepoint_id>42885537</swisstopo:routepoint_id>
				</extensions>
			</trkpt>
			<trkpt lat="46.5547751492" lon="7.0322415785">
				<ele>1270.4</ele>
				<extensions>
					<swisstopo:routepoint_id>1819875794</swisstopo:routepoint_id>
				</extensions>
			</trkpt>
			<trkpt lat="46.5547491253" lon="7.0322997346">
				<ele>1269.2</ele>
				<extensions>
					<swisstopo:routepoint_id>422015284</swisstopo:routepoint_id>
				</extensions>
			</trkpt>
			<trkpt lat="46.5547093210" lon="7.0323507610">
				<ele>1267.7</ele>
				<extensions>
					<swisstopo:routepoint_id>904531371</swisstopo:routepoint_id>
				</extensions>
			</trkpt>
			<trkpt lat="46.5546768398" lon="7.0323664007">
				<ele>1266.7</ele>
				<extensions>
					<swisstopo:routepoint_id>1301167996</swisstopo:routepoint_id>
				</extensions>
			</trkpt>
			<trkpt lat="46.5546362926" lon="7.0323754471">
				<ele>1265.4</ele>
				<extensions>
					<swisstopo:routepoint_id>1476496383</swisstopo:routepoint_id>
				</extensions>
			</trkpt>
			<trkpt lat="46.5546040445" lon="7.0323684114">
				<ele>1264.7</ele>
				<extensions>
					<swisstopo:routepoint_id>714084317</swisstopo:routepoint_id>
				</extensions>
			</trkpt>
			<trkpt lat="46.5545662989" lon="7.0323483260">
				<ele>1263.7</ele>
				<extensions>
					<swisstopo:routepoint_id>853950574</swisstopo:routepoint_id>
				</extensions>
			</trkpt>
			<trkpt lat="46.5545364643" lon="7.0323218586">
				<ele>1263.1</ele>
				<extensions>
					<swisstopo:routepoint_id>1209168305</swisstopo:routepoint_id>
				</extensions>
			</trkpt>
			<trkpt lat="46.5545099368" lon="7.0322842365">
				<ele>1262.4</ele>
				<extensions>
					<swisstopo:routepoint_id>616960803</swisstopo:routepoint_id>
				</extensions>
			</trkpt>
			<trkpt lat="46.5544820522" lon="7.0322244924">
				<ele>1261.2</ele>
				<extensions>
					<swisstopo:routepoint_id>1105913484</swisstopo:routepoint_id>
				</extensions>
			</trkpt>
			<trkpt lat="46.5544508366" lon="7.0321689501">
				<ele>1259.7</ele>
				<extensions>
					<swisstopo:routepoint_id>1011134885</swisstopo:routepoint_id>
				</extensions>
			</trkpt>
			<trkpt lat="46.5544067205" lon="7.0321309700">
				<ele>1258.7</ele>
				<extensions>
					<swisstopo:routepoint_id>2094134624</swisstopo:routepoint_id>
				</extensions>
			</trkpt>
			<trkpt lat="46.5543383591" lon="7.0320948020">
				<ele>1257.1</ele>
				<extensions>
					<swisstopo:routepoint_id>1975753334</swisstopo:routepoint_id>
				</extensions>
			</trkpt>
			<trkpt lat="46.5543018256" lon="7.0320663795">
				<ele>1256.2</ele>
				<extensions>
					<swisstopo:routepoint_id>695714686</swisstopo:routepoint_id>
				</extensions>
			</trkpt>
			<trkpt lat="46.5542703870" lon="7.0320544862">
				<ele>1255.5</ele>
				<extensions>
					<swisstopo:routepoint_id>1520286556</swisstopo:routepoint_id>
				</extensions>
			</trkpt>
			<trkpt lat="46.5542327653" lon="7.0320614097">
				<ele>1254.6</ele>
				<extensions>
					<swisstopo:routepoint_id>1496697581</swisstopo:routepoint_id>
				</extensions>
			</trkpt>
			<trkpt lat="46.5542098428" lon="7.0320812181">
				<ele>1253.9</ele>
				<extensions>
					<swisstopo:routepoint_id>953404664</swisstopo:routepoint_id>
				</extensions>
			</trkpt>
			<trkpt lat="46.5541957933" lon="7.0321195711">
				<ele>1253.0</ele>
				<extensions>
					<swisstopo:routepoint_id>1306537377</swisstopo:routepoint_id>
				</extensions>
			</trkpt>
			<trkpt lat="46.5541998344" lon="7.0321804490">
				<ele>1252.0</ele>
				<extensions>
					<swisstopo:routepoint_id>1303491832</swisstopo:routepoint_id>
				</extensions>
			</trkpt>
			<trkpt lat="46.5542101071" lon="7.0322308253">
				<ele>1251.1</ele>
				<extensions>
					<swisstopo:routepoint_id>1665600811</swisstopo:routepoint_id>
				</extensions>
			</trkpt>
			<trkpt lat="46.5542402430" lon="7.0323265585">
				<ele>1248.7</ele>
				<extensions>
					<swisstopo:routepoint_id>599355263</swisstopo:routepoint_id>
				</extensions>
			</trkpt>
			<trkpt lat="46.5542996469" lon="7.0325069467">
				<ele>1245.0</ele>
				<extensions>
					<swisstopo:routepoint_id>2144452752</swisstopo:routepoint_id>
				</extensions>
			</trkpt>
			<trkpt lat="46.5543304272" lon="7.0326067249">
				<ele>1242.8</ele>
				<extensions>
					<swisstopo:routepoint_id>544696838</swisstopo:routepoint_id>
				</extensions>
			</trkpt>
			<trkpt lat="46.5543518263" lon="7.0326667916">
				<ele>1241.6</ele>
				<extensions>
					<swisstopo:routepoint_id>25075950</swisstopo:routepoint_id>
				</extensions>
			</trkpt>
			<trkpt lat="46.5544401511" lon="7.0329052298">
				<ele>1236.3</ele>
				<extensions>
					<swisstopo:routepoint_id>822349606</swisstopo:routepoint_id>
				</extensions>
			</trkpt>
			<trkpt lat="46.5545195807" lon="7.0331038895">
				<ele>1232.2</ele>
				<extensions>
					<swisstopo:routepoint_id>894333337</swisstopo:routepoint_id>
				</extensions>
			</trkpt>
			<trkpt lat="46.5545839434" lon="7.0332827205">
				<ele>1228.8</ele>
				<extensions>
					<swisstopo:routepoint_id>732321242</swisstopo:routepoint_id>
				</extensions>
			</trkpt>
			<trkpt lat="46.5546521473" lon="7.0334868838">
				<ele>1224.7</ele>
				<extensions>
					<swisstopo:routepoint_id>458621475</swisstopo:routepoint_id>
				</extensions>
			</trkpt>
			<trkpt lat="46.5547151503" lon="7.0336349659">
				<ele>1221.7</ele>
				<extensions>
					<swisstopo:routepoint_id>1436836570</swisstopo:routepoint_id>
				</extensions>
			</trkpt>
			<trkpt lat="46.5547603726" lon="7.0337034381">
				<ele>1220.2</ele>
				<extensions>
					<swisstopo:routepoint_id>1662669962</swisstopo:routepoint_id>
				</extensions>
			</trkpt>
			<trkpt lat="46.5548018099" lon="7.0337574789">
				<ele>1218.8</ele>
				<extensions>
					<swisstopo:routepoint_id>1619623841</swisstopo:routepoint_id>
				</extensions>
			</trkpt>
			<trkpt lat="46.5548532267" lon="7.0338096240">
				<ele>1217.5</ele>
				<extensions>
					<swisstopo:routepoint_id>2114997855</swisstopo:routepoint_id>
				</extensions>
			</trkpt>
			<trkpt lat="46.5549183975" lon="7.0338670977">
				<ele>1216.0</ele>
				<extensions>
					<swisstopo:routepoint_id>249027973</swisstopo:routepoint_id>
				</extensions>
			</trkpt>
			<trkpt lat="46.5550122521" lon="7.0339712137">
				<ele>1214.0</ele>
				<extensions>
					<swisstopo:routepoint_id>1494833118</swisstopo:routepoint_id>
				</extensions>
			</trkpt>
			<trkpt lat="46.5550515751" lon="7.0340202341">
				<ele>1213.0</ele>
				<extensions>
					<swisstopo:routepoint_id>1442520243</swisstopo:routepoint_id>
				</extensions>
			</trkpt>
			<trkpt lat="46.5551176744" lon="7.0341235966">
				<ele>1211.4</ele>
				<extensions>
					<swisstopo:routepoint_id>675878118</swisstopo:routepoint_id>
				</extensions>
			</trkpt>
			<trkpt lat="46.5552124928" lon="7.0342740345">
				<ele>1209.4</ele>
				<extensions>
					<swisstopo:routepoint_id>1741588504</swisstopo:routepoint_id>
				</extensions>
			</trkpt>
			<trkpt lat="46.5552864458" lon="7.0344077554">
				<ele>1207.1</ele>
				<extensions>
					<swisstopo:routepoint_id>73700968</swisstopo:routepoint_id>
				</extensions>
			</trkpt>
			<trkpt lat="46.5553920352" lon="7.0345844872">
				<ele>1203.9</ele>
				<extensions>
					<swisstopo:routepoint_id>2046675002</swisstopo:routepoint_id>
				</extensions>
			</trkpt>
			<trkpt lat="46.5554699796" lon="7.0347179500">
				<ele>1201.7</ele>
				<extensions>
					<swisstopo:routepoint_id>483870992</swisstopo:routepoint_id>
				</extensions>
			</trkpt>
			<trkpt lat="46.5555416309" lon="7.0348369681">
				<ele>1199.5</ele>
				<extensions>
					<swisstopo:routepoint_id>728591398</swisstopo:routepoint_id>
				</extensions>
			</trkpt>
			<trkpt lat="46.5555718081" lon="7.0348892607">
				<ele>1198.7</ele>
				<extensions>
					<swisstopo:routepoint_id>1974522127</swisstopo:routepoint_id>
				</extensions>
			</trkpt>
			<trkpt lat="46.5555869577" lon="7.0349326237">
				<ele>1198.1</ele>
				<extensions>
					<swisstopo:routepoint_id>629272565</swisstopo:routepoint_id>
				</extensions>
			</trkpt>
			<trkpt lat="46.5555983948" lon="7.0349868644">
				<ele>1197.3</ele>
				<extensions>
					<swisstopo:routepoint_id>1997515388</swisstopo:routepoint_id>
				</extensions>
			</trkpt>
			<trkpt lat="46.5556162504" lon="7.0350881755">
				<ele>1195.8</ele>
				<extensions>
					<swisstopo:routepoint_id>1312988159</swisstopo:routepoint_id>
				</extensions>
			</trkpt>
			<trkpt lat="46.5556365880" lon="7.0351840431">
				<ele>1194.3</ele>
				<extensions>
					<swisstopo:routepoint_id>1335435508</swisstopo:routepoint_id>
				</extensions>
			</trkpt>
			<trkpt lat="46.5556581214" lon="7.0352672055">
				<ele>1193.1</ele>
				<extensions>
					<swisstopo:routepoint_id>538387817</swisstopo:routepoint_id>
				</extensions>
			</trkpt>
			<trkpt lat="46.5556821048" lon="7.0353358577">
				<ele>1192.1</ele>
				<extensions>
					<swisstopo:routepoint_id>921915446</swisstopo:routepoint_id>
				</extensions>
			</trkpt>
			<trkpt lat="46.5557035289" lon="7.0353882158">
				<ele>1191.2</ele>
				<extensions>
					<swisstopo:routepoint_id>1424342365</swisstopo:routepoint_id>
				</extensions>
			</trkpt>
			<trkpt lat="46.5557412902" lon="7.0354658453">
				<ele>1189.9</ele>
				<extensions>
					<swisstopo:routepoint_id>1820469082</swisstopo:routepoint_id>
				</extensions>
			</trkpt>
			<trkpt lat="46.5557903161" lon="7.0355469822">
				<ele>1188.4</ele>
				<extensions>
					<swisstopo:routepoint_id>1903672984</swisstopo:routepoint_id>
				</extensions>
			</trkpt>
			<trkpt lat="46.5558280504" lon="7.0356173406">
				<ele>1187.4</ele>
				<extensions>
					<swisstopo:routepoint_id>1242962879</swisstopo:routepoint_id>
				</extensions>
			</trkpt>
			<trkpt lat="46.5558884810" lon="7.0357436902">
				<ele>1185.9</ele>
				<extensions>
					<swisstopo:routepoint_id>1434200001</swisstopo:routepoint_id>
				</extensions>
			</trkpt>
			<trkpt lat="46.5559388578" lon="7.0358556228">
				<ele>1184.3</ele>
				<extensions>
					<swisstopo:routepoint_id>2127508593</swisstopo:routepoint_id>
				</extensions>
			</trkpt>
			<trkpt lat="46.5559866327" lon="7.0359367696">
				<ele>1183.0</ele>
				<extensions>
					<swisstopo:routepoint_id>934787314</swisstopo:routepoint_id>
				</extensions>
			</trkpt>
			<trkpt lat="46.5560582484" lon="7.0360485574">
				<ele>1180.6</ele>
				<extensions>
					<swisstopo:routepoint_id>2028710219</swisstopo:routepoint_id>
				</extensions>
			</trkpt>
			<trkpt lat="46.5561411544" lon="7.0361711115">
				<ele>1178.0</ele>
				<extensions>
					<swisstopo:routepoint_id>1453029408</swisstopo:routepoint_id>
				</extensions>
			</trkpt>
			<trkpt lat="46.5562064714" lon="7.0362702629">
				<ele>1175.9</ele>
				<extensions>
					<swisstopo:routepoint_id>350057163</swisstopo:routepoint_id>
				</extensions>
			</trkpt>
			<trkpt lat="46.5562580198" lon="7.0363549991">
				<ele>1174.2</ele>
				<extensions>
					<swisstopo:routepoint_id>1866531277</swisstopo:routepoint_id>
				</extensions>
			</trkpt>
			<trkpt lat="46.5562970148" lon="7.0364307998">
				<ele>1172.6</ele>
				<extensions>
					<swisstopo:routepoint_id>486415737</swisstopo:routepoint_id>
				</extensions>
			</trkpt>
			<trkpt lat="46.5563209870" lon="7.0364940156">
				<ele>1171.7</ele>
				<extensions>
					<swisstopo:routepoint_id>919101344</swisstopo:routepoint_id>
				</extensions>
			</trkpt>
			<trkpt lat="46.5563412048" lon="7.0365590804">
				<ele>1170.6</ele>
				<extensions>
					<swisstopo:routepoint_id>1882792327</swisstopo:routepoint_id>
				</extensions>
			</trkpt>
			<trkpt lat="46.5563664829" lon="7.0366403955">
				<ele>1169.5</ele>
				<extensions>
					<swisstopo:routepoint_id>1348502274</swisstopo:routepoint_id>
				</extensions>
			</trkpt>
			<trkpt lat="46.5563954789" lon="7.0367126286">
				<ele>1168.6</ele>
				<extensions>
					<swisstopo:routepoint_id>653895539</swisstopo:routepoint_id>
				</extensions>
			</trkpt>
			<trkpt lat="46.5564356947" lon="7.0367775579">
				<ele>1167.4</ele>
				<extensions>
					<swisstopo:routepoint_id>504998469</swisstopo:routepoint_id>
				</extensions>
			</trkpt>
			<trkpt lat="46.5564733963" lon="7.0368388637">
				<ele>1166.2</ele>
				<extensions>
					<swisstopo:routepoint_id>2080943873</swisstopo:routepoint_id>
				</extensions>
			</trkpt>
			<trkpt lat="46.5565160473" lon="7.0368856280">
				<ele>1165.3</ele>
				<extensions>
					<swisstopo:routepoint_id>1318359596</swisstopo:routepoint_id>
				</extensions>
			</trkpt>
			<trkpt lat="46.5565570183" lon="7.0369249675">
				<ele>1164.1</ele>
				<extensions>
					<swisstopo:routepoint_id>538386801</swisstopo:routepoint_id>
				</extensions>
			</trkpt>
			<trkpt lat="46.5566088216" lon="7.0369700849">
				<ele>1162.7</ele>
				<extensions>
					<swisstopo:routepoint_id>946192348</swisstopo:routepoint_id>
				</extensions>
			</trkpt>
			<trkpt lat="46.5566601729" lon="7.0370041135">
				<ele>1161.6</ele>
				<extensions>
					<swisstopo:routepoint_id>1149887043</swisstopo:routepoint_id>
				</extensions>
			</trkpt>
			<trkpt lat="46.5566990473" lon="7.0370436854">
				<ele>1160.7</ele>
				<extensions>
					<swisstopo:routepoint_id>1038864279</swisstopo:routepoint_id>
				</extensions>
			</trkpt>
			<trkpt lat="46.5567417545" lon="7.0371085840">
				<ele>1159.8</ele>
				<extensions>
					<swisstopo:routepoint_id>1536917485</swisstopo:routepoint_id>
				</extensions>
			</trkpt>
			<trkpt lat="46.5567745013" lon="7.0371808028">
				<ele>1158.9</ele>
				<extensions>
					<swisstopo:routepoint_id>77266439</swisstopo:routepoint_id>
				</extensions>
			</trkpt>
			<trkpt lat="46.5568261528" lon="7.0372999625">
				<ele>1157.5</ele>
				<extensions>
					<swisstopo:routepoint_id>1359766659</swisstopo:routepoint_id>
				</extensions>
			</trkpt>
			<trkpt lat="46.5569016600" lon="7.0374497515">
				<ele>1155.8</ele>
				<extensions>
					<swisstopo:routepoint_id>815018175</swisstopo:routepoint_id>
				</extensions>
			</trkpt>
			<trkpt lat="46.5569720681" lon="7.0375742234">
				<ele>1154.0</ele>
				<extensions>
					<swisstopo:routepoint_id>814985763</swisstopo:routepoint_id>
				</extensions>
			</trkpt>
			<trkpt lat="46.5570298905" lon="7.0376734208">
				<ele>1152.3</ele>
				<extensions>
					<swisstopo:routepoint_id>625625925</swisstopo:routepoint_id>
				</extensions>
			</trkpt>
			<trkpt lat="46.5571228493" lon="7.0378103976">
				<ele>1150.0</ele>
				<extensions>
					<swisstopo:routepoint_id>1964933013</swisstopo:routepoint_id>
				</extensions>
			</trkpt>
			<trkpt lat="46.5571994255" lon="7.0379112650">
				<ele>1147.9</ele>
				<extensions>
					<swisstopo:routepoint_id>1084016702</swisstopo:routepoint_id>
				</extensions>
			</trkpt>
			<trkpt lat="46.5573212516" lon="7.0380842603">
				<ele>1144.8</ele>
				<extensions>
					<swisstopo:routepoint_id>1905290217</swisstopo:routepoint_id>
				</extensions>
			</trkpt>
			<trkpt lat="46.5574254419" lon="7.0382229765">
				<ele>1142.3</ele>
				<extensions>
					<swisstopo:routepoint_id>1968970120</swisstopo:routepoint_id>
				</extensions>
			</trkpt>
			<trkpt lat="46.5575146108" lon="7.0383491203">
				<ele>1140.4</ele>
				<extensions>
					<swisstopo:routepoint_id>1944824780</swisstopo:routepoint_id>
				</extensions>
			</trkpt>
			<trkpt lat="46.5576238368" lon="7.0384950339">
				<ele>1138.1</ele>
				<extensions>
					<swisstopo:routepoint_id>31036822</swisstopo:routepoint_id>
				</extensions>
			</trkpt>
			<trkpt lat="46.5576753342" lon="7.0385707329">
				<ele>1136.9</ele>
				<extensions>
					<swisstopo:routepoint_id>123686274</swisstopo:routepoint_id>
				</extensions>
			</trkpt>
			<trkpt lat="46.5577267540" lon="7.0386247065">
				<ele>1136.0</ele>
				<extensions>
					<swisstopo:routepoint_id>510972261</swisstopo:routepoint_id>
				</extensions>
			</trkpt>
			<trkpt lat="46.5577781048" lon="7.0386587374">
				<ele>1135.4</ele>
				<extensions>
					<swisstopo:routepoint_id>1530114098</swisstopo:routepoint_id>
				</extensions>
			</trkpt>
			<trkpt lat="46.5578319138" lon="7.0386782831">
				<ele>1134.6</ele>
				<extensions>
					<swisstopo:routepoint_id>434519814</swisstopo:routepoint_id>
				</extensions>
			</trkpt>
			<trkpt lat="46.5578944124" lon="7.0386850550">
				<ele>1133.9</ele>
				<extensions>
					<swisstopo:routepoint_id>842434355</swisstopo:routepoint_id>
				</extensions>
			</trkpt>
			<trkpt lat="46.5579931518" lon="7.0386933930">
				<ele>1132.7</ele>
				<extensions>
					<swisstopo:routepoint_id>276423488</swisstopo:routepoint_id>
				</extensions>
			</trkpt>
			<trkpt lat="46.5581093868" lon="7.0387015890">
				<ele>1131.3</ele>
				<extensions>
					<swisstopo:routepoint_id>1124548105</swisstopo:routepoint_id>
				</extensions>
			</trkpt>
			<trkpt lat="46.5581868882" lon="7.0387100712">
				<ele>1130.2</ele>
				<extensions>
					<swisstopo:routepoint_id>616061356</swisstopo:routepoint_id>
				</extensions>
			</trkpt>
			<trkpt lat="46.5582581777" lon="7.0387276413">
				<ele>1129.1</ele>
				<extensions>
					<swisstopo:routepoint_id>839761920</swisstopo:routepoint_id>
				</extensions>
			</trkpt>
			<trkpt lat="46.5583282750" lon="7.0387615597">
				<ele>1128.0</ele>
				<extensions>
					<swisstopo:routepoint_id>338521089</swisstopo:routepoint_id>
				</extensions>
			</trkpt>
			<trkpt lat="46.5584096321" lon="7.0388026159">
				<ele>1126.8</ele>
				<extensions>
					<swisstopo:routepoint_id>1006617165</swisstopo:routepoint_id>
				</extensions>
			</trkpt>
			<trkpt lat="46.5584959807" lon="7.0388382102">
				<ele>1125.5</ele>
				<extensions>
					<swisstopo:routepoint_id>910443720</swisstopo:routepoint_id>
				</extensions>
			</trkpt>
			<trkpt lat="46.5585823367" lon="7.0388756129">
				<ele>1124.2</ele>
				<extensions>
					<swisstopo:routepoint_id>903793793</swisstopo:routepoint_id>
				</extensions>
			</trkpt>
			<trkpt lat="46.5586648770" lon="7.0388949342">
				<ele>1122.9</ele>
				<extensions>
					<swisstopo:routepoint_id>1550964497</swisstopo:routepoint_id>
				</extensions>
			</trkpt>
			<trkpt lat="46.5587248561" lon="7.0388962997">
				<ele>1122.1</ele>
				<extensions>
					<swisstopo:routepoint_id>28969017</swisstopo:routepoint_id>
				</extensions>
			</trkpt>
			<trkpt lat="46.5588010519" lon="7.0388866822">
				<ele>1121.2</ele>
				<extensions>
					<swisstopo:routepoint_id>999060130</swisstopo:routepoint_id>
				</extensions>
			</trkpt>
			<trkpt lat="46.5588884514" lon="7.0388679143">
				<ele>1120.3</ele>
				<extensions>
					<swisstopo:routepoint_id>1740841094</swisstopo:routepoint_id>
				</extensions>
			</trkpt>
			<trkpt lat="46.5589859107" lon="7.0388653862">
				<ele>1119.2</ele>
				<extensions>
					<swisstopo:routepoint_id>575338384</swisstopo:routepoint_id>
				</extensions>
			</trkpt>
			<trkpt lat="46.5590583848" lon="7.0388666594">
				<ele>1118.5</ele>
				<extensions>
					<swisstopo:routepoint_id>817782512</swisstopo:routepoint_id>
				</extensions>
			</trkpt>
			<trkpt lat="46.5591508840" lon="7.0388732228">
				<ele>1117.5</ele>
				<extensions>
					<swisstopo:routepoint_id>374679588</swisstopo:routepoint_id>
				</extensions>
			</trkpt>
			<trkpt lat="46.5592370965" lon="7.0388725861">
				<ele>1116.5</ele>
				<extensions>
					<swisstopo:routepoint_id>653454278</swisstopo:routepoint_id>
				</extensions>
			</trkpt>
			<trkpt lat="46.5593083200" lon="7.0388738814">
				<ele>1115.9</ele>
				<extensions>
					<swisstopo:routepoint_id>746745278</swisstopo:routepoint_id>
				</extensions>
			</trkpt>
			<trkpt lat="46.5594294013" lon="7.0388659063">
				<ele>1114.8</ele>
				<extensions>
					<swisstopo:routepoint_id>1462536120</swisstopo:routepoint_id>
				</extensions>
			</trkpt>
			<trkpt lat="46.5595190879" lon="7.0388633081">
				<ele>1113.7</ele>
				<extensions>
					<swisstopo:routepoint_id>824351731</swisstopo:routepoint_id>
				</extensions>
			</trkpt>
			<trkpt lat="46.5595913434" lon="7.0388511215">
				<ele>1112.8</ele>
				<extensions>
					<swisstopo:routepoint_id>1554537419</swisstopo:routepoint_id>
				</extensions>
			</trkpt>
			<trkpt lat="46.5596434652" lon="7.0388255074">
				<ele>1112.3</ele>
				<extensions>
					<swisstopo:routepoint_id>1780739373</swisstopo:routepoint_id>
				</extensions>
			</trkpt>
			<trkpt lat="46.5596952934" lon="7.0387782194">
				<ele>1111.9</ele>
				<extensions>
					<swisstopo:routepoint_id>971437581</swisstopo:routepoint_id>
				</extensions>
			</trkpt>
			<trkpt lat="46.5597699806" lon="7.0386974333">
				<ele>1111.5</ele>
				<extensions>
					<swisstopo:routepoint_id>87454647</swisstopo:routepoint_id>
				</extensions>
			</trkpt>
			<trkpt lat="46.5598483106" lon="7.0386373537">
				<ele>1111.1</ele>
				<extensions>
					<swisstopo:routepoint_id>2036581740</swisstopo:routepoint_id>
				</extensions>
			</trkpt>
			<trkpt lat="46.5599606074" lon="7.0385873260">
				<ele>1110.4</ele>
				<extensions>
					<swisstopo:routepoint_id>167759572</swisstopo:routepoint_id>
				</extensions>
			</trkpt>
			<trkpt lat="46.5600764864" lon="7.0385476640">
				<ele>1109.6</ele>
				<extensions>
					<swisstopo:routepoint_id>501647442</swisstopo:routepoint_id>
				</extensions>
			</trkpt>
			<trkpt lat="46.5601967319" lon="7.0385399745">
				<ele>1108.6</ele>
				<extensions>
					<swisstopo:routepoint_id>1025665073</swisstopo:routepoint_id>
				</extensions>
			</trkpt>
			<trkpt lat="46.5602870245" lon="7.0385176436">
				<ele>1108.0</ele>
				<extensions>
					<swisstopo:routepoint_id>324860421</swisstopo:routepoint_id>
				</extensions>
			</trkpt>
			<trkpt lat="46.5604400756" lon="7.0384508467">
				<ele>1106.7</ele>
				<extensions>
					<swisstopo:routepoint_id>531683484</swisstopo:routepoint_id>
				</extensions>
			</trkpt>
			<trkpt lat="46.5606648540" lon="7.0383440380">
				<ele>1105.1</ele>
				<extensions>
					<swisstopo:routepoint_id>1203527111</swisstopo:routepoint_id>
				</extensions>
			</trkpt>
			<trkpt lat="46.5607928361" lon="7.0382521957">
				<ele>1104.4</ele>
				<extensions>
					<swisstopo:routepoint_id>1632884932</swisstopo:routepoint_id>
				</extensions>
			</trkpt>
			<trkpt lat="46.5608488753" lon="7.0381974373">
				<ele>1104.1</ele>
				<extensions>
					<swisstopo:routepoint_id>449092070</swisstopo:routepoint_id>
				</extensions>
			</trkpt>
			<trkpt lat="46.5608888428" lon="7.0381408618">
				<ele>1104.0</ele>
				<extensions>
					<swisstopo:routepoint_id>367630127</swisstopo:routepoint_id>
				</extensions>
			</trkpt>
			<trkpt lat="46.5609316846" lon="7.0380806989">
				<ele>1103.9</ele>
				<extensions>
					<swisstopo:routepoint_id>1707838047</swisstopo:routepoint_id>
				</extensions>
			</trkpt>
			<trkpt lat="46.5609708401" lon="7.0380467609">
				<ele>1103.9</ele>
				<extensions>
					<swisstopo:routepoint_id>810566824</swisstopo:routepoint_id>
				</extensions>
			</trkpt>
			<trkpt lat="46.5610297692" lon="7.0380514956">
				<ele>1103.6</ele>
				<extensions>
					<swisstopo:routepoint_id>1617528771</swisstopo:routepoint_id>
				</extensions>
			</trkpt>
			<trkpt lat="46.5610906175" lon="7.0380976333">
				<ele>1103.4</ele>
				<extensions>
					<swisstopo:routepoint_id>357222248</swisstopo:routepoint_id>
				</extensions>
			</trkpt>
			<trkpt lat="46.5611461760" lon="7.0381593354">
				<ele>1103.3</ele>
				<extensions>
					<swisstopo:routepoint_id>2124505731</swisstopo:routepoint_id>
				</extensions>
			</trkpt>
			<trkpt lat="46.5611928347" lon="7.0382098831">
				<ele>1103.4</ele>
				<extensions>
					<swisstopo:routepoint_id>729327880</swisstopo:routepoint_id>
				</extensions>
			</trkpt>
			<trkpt lat="46.5612547472" lon="7.0380679540">
				<ele>1104.2</ele>
				<extensions>
					<swisstopo:routepoint_id>803992172</swisstopo:routepoint_id>
				</extensions>
			</trkpt>
			<trkpt lat="46.5612842197" lon="7.0380022348">
				<ele>1104.5</ele>
				<extensions>
					<swisstopo:routepoint_id>1865280554</swisstopo:routepoint_id>
				</extensions>
			</trkpt>
			<trkpt lat="46.5613805089" lon="7.0377875319">
				<ele>1105.5</ele>
				<extensions>
					<swisstopo:routepoint_id>953937687</swisstopo:routepoint_id>
				</extensions>
			</trkpt>
			<trkpt lat="46.5615168936" lon="7.0374888936">
				<ele>1107.2</ele>
				<extensions>
					<swisstopo:routepoint_id>1180297518</swisstopo:routepoint_id>
				</extensions>
			</trkpt>
			<trkpt lat="46.5616036902" lon="7.0372967384">
				<ele>1108.5</ele>
				<extensions>
					<swisstopo:routepoint_id>1405063990</swisstopo:routepoint_id>
				</extensions>
			</trkpt>
			<trkpt lat="46.5616212723" lon="7.0372189691">
				<ele>1108.9</ele>
				<extensions>
					<swisstopo:routepoint_id>1812929318</swisstopo:routepoint_id>
				</extensions>
			</trkpt>
			<trkpt lat="46.5616388545" lon="7.0371437724">
				<ele>1109.4</ele>
				<extensions>
					<swisstopo:routepoint_id>913686024</swisstopo:routepoint_id>
				</extensions>
			</trkpt>
			<trkpt lat="46.5617479672" lon="7.0371958051">
				<ele>1109.4</ele>
				<extensions>
					<swisstopo:routepoint_id>1957155989</swisstopo:routepoint_id>
				</extensions>
			</trkpt>
			<trkpt lat="46.5618211690" lon="7.0372097177">
				<ele>1109.3</ele>
				<extensions>
					<swisstopo:routepoint_id>2043209417</swisstopo:routepoint_id>
				</extensions>
			</trkpt>
			<trkpt lat="46.5619193633" lon="7.0372141604">
				<ele>1109.3</ele>
				<extensions>
					<swisstopo:routepoint_id>1903814010</swisstopo:routepoint_id>
				</extensions>
			</trkpt>
			<trkpt lat="46.5620273654" lon="7.0372038170">
				<ele>1109.2</ele>
				<extensions>
					<swisstopo:routepoint_id>468785258</swisstopo:routepoint_id>
				</extensions>
			</trkpt>
		</trkseg>
	</trk>
</gpx>
